path,name,family,role,sizeX,sizeY,sizeZ,minX,minY,minZ,maxX,maxY,maxZ,renderers,triangles,materials,skinned
"Assets/Synty/AnimationBaseLocomotion/Samples/Prefabs/PF_LockOnTarget.prefab","PF_LockOnTarget",Other,Other,0.77,2.83,0.19,-0.37,0.03,-0.07,0.40,2.86,0.11,2,898,2,0
"Assets/Synty/AnimationBaseLocomotion/Samples/Prefabs/PF_PolygonPlayer.prefab","PF_PolygonPlayer",Other,Other,2.05,1.79,0.37,-1.02,0.00,-0.19,1.02,1.79,0.18,1,4896,1,1
"Assets/Synty/AnimationBaseLocomotion/Samples/Prefabs/PF_SidekickPlayer.prefab","PF_SidekickPlayer",Other,Other,1.90,1.79,0.37,-0.95,0.00,-0.19,0.95,1.78,0.18,1,6628,1,1
"Assets/Synty/AnimationBaseLocomotion/Samples/Prefabs/PF_SyntyCamera.prefab","PF_SyntyCamera",Other,Other,0.00,0.00,0.00,0.00,0.00,0.00,0.00,0.00,0.00,0,0,0,0
"Assets/Synty/PNB_Core/Prefabs/FX_Rain_01.prefab","FX_Rain_01",Rain,Other,0.00,0.00,0.00,0.00,0.00,0.00,0.00,0.00,0.00,0,0,0,0
"Assets/Synty/PNB_Core/Prefabs/FX_Rain_Splash_01.prefab","FX_Rain_Splash_01",Rain,Other,0.00,0.00,0.00,0.00,0.00,0.00,0.00,0.00,0.00,0,0,0,0
"Assets/Synty/PNB_Core/Prefabs/FX_Snow_01.prefab","FX_Snow_01",Snow,Other,0.00,0.00,0.00,0.00,0.00,0.00,0.00,0.00,0.00,0,0,0,0
"Assets/Synty/PNB_Core/Prefabs/SM_Env_Cloud_Ring_01.prefab","SM_Env_Cloud_Ring_01",Env,Other,277.46,26.06,259.42,-132.04,19.75,-133.32,145.42,45.81,126.10,1,14456,1,0
"Assets/Synty/PNB_Core/Prefabs/SM_Env_Cloud_Ring_02.prefab","SM_Env_Cloud_Ring_02",Env,Other,310.27,54.42,295.39,-150.98,0.38,-153.59,159.29,54.80,141.80,1,18556,1,0
"Assets/Synty/PNB_Core/Prefabs/SM_Env_Fog_Ring_01.prefab","SM_Env_Fog_Ring_01",Env,Other,70.17,3.94,70.17,-35.09,0.00,-35.09,35.09,3.94,35.09,1,48,1,0
"Assets/Synty/PNB_Core/Prefabs/SM_Env_Grass_01.prefab","SM_Env_Grass_01",Env,Other,1.89,1.03,1.90,-0.94,-0.06,-0.95,0.95,0.97,0.95,3,50,1,0
"Assets/Synty/PNB_Core/Prefabs/SM_Env_Skydome_01.prefab","SM_Env_Skydome_01",Env,Other,65.88,26.13,65.88,-32.94,0.00,-32.94,32.94,26.13,32.94,1,160,1,0
"Assets/Synty/PNB_Core/Prefabs/SM_Env_Water_Plane_01.prefab","SM_Env_Water_Plane_01",Env,Other,50.00,0.00,50.00,-25.00,0.00,-25.00,25.00,0.00,25.00,1,20000,1,0
"Assets/Synty/PNB_Core/Prefabs/WeatherControl.prefab","WeatherControl",Other,Other,0.00,0.00,0.00,0.00,0.00,0.00,0.00,0.00,0.00,0,0,0,0
"Assets/Synty/PolygonFarm/Prefabs/Buildings/SM_Bld_Barn_01.prefab","SM_Bld_Barn_01",Bld,Other,13.49,9.11,14.16,-6.75,0.00,-7.08,6.75,9.11,7.08,7,13150,1,0
"Assets/Synty/PolygonFarm/Prefabs/Buildings/SM_Bld_Barn_02.prefab","SM_Bld_Barn_02",Bld,Other,13.49,9.11,7.44,-6.75,0.00,-3.72,6.75,9.11,3.72,7,10212,1,0
"Assets/Synty/PolygonFarm/Prefabs/Buildings/SM_Bld_Barn_03.prefab","SM_Bld_Barn_03",Bld,Other,9.77,9.11,7.44,-4.88,0.00,-3.72,4.88,9.11,3.72,7,8160,1,0
"Assets/Synty/PolygonFarm/Prefabs/Buildings/SM_Bld_ConcreteBase_01.prefab","SM_Bld_ConcreteBase_01",Bld,Other,4.50,0.99,4.50,-2.25,-0.81,-2.25,2.25,0.18,2.25,1,48,1,0
"Assets/Synty/PolygonFarm/Prefabs/Buildings/SM_Bld_Farmhouse_01.prefab","SM_Bld_Farmhouse_01",Bld,Other,13.45,9.82,10.95,-6.73,-0.19,-5.48,6.73,9.63,5.48,5,14828,2,0
"Assets/Synty/PolygonFarm/Prefabs/Buildings/SM_Bld_Farmhouse_02.prefab","SM_Bld_Farmhouse_02",Bld,Other,8.58,6.79,9.21,-4.29,-0.17,-4.60,4.29,6.62,4.60,3,7347,2,0
"Assets/Synty/PolygonFarm/Prefabs/Buildings/SM_Bld_Garage_01.prefab","SM_Bld_Garage_01",Bld,Other,13.89,4.87,6.88,-6.94,0.00,-3.44,6.94,4.87,3.44,2,2952,1,0
"Assets/Synty/PolygonFarm/Prefabs/Buildings/SM_Bld_Greenhouse_01.prefab","SM_Bld_Greenhouse_01",Bld,Other,5.57,4.99,7.71,-2.79,0.00,-3.79,2.79,4.99,3.92,6,628,2,0
"Assets/Synty/PolygonFarm/Prefabs/Buildings/SM_Bld_Greenhouse_Large_01.prefab","SM_Bld_Greenhouse_Large_01",Bld,Other,12.87,6.77,32.46,-6.43,-0.43,-16.23,6.43,6.35,16.23,10,1828,2,0
"Assets/Synty/PolygonFarm/Prefabs/Buildings/SM_Bld_Outhouse_01.prefab","SM_Bld_Outhouse_01",Bld,Other,1.87,3.18,2.39,-0.93,0.00,-1.19,0.93,3.18,1.19,2,1113,1,0
"Assets/Synty/PolygonFarm/Prefabs/Buildings/SM_Bld_ProduceStand_01.prefab","SM_Bld_ProduceStand_01",Bld,Other,3.08,3.33,3.08,-1.52,0.00,-1.50,1.56,3.33,1.57,1,1936,1,0
"Assets/Synty/PolygonFarm/Prefabs/Buildings/SM_Bld_Shelter_01.prefab","SM_Bld_Shelter_01",Bld,Other,4.93,3.61,3.60,-2.47,0.00,-1.80,2.47,3.61,1.80,1,824,1,0
"Assets/Synty/PolygonFarm/Prefabs/Buildings/SM_Bld_Silo_01.prefab","SM_Bld_Silo_01",Bld,Other,5.11,18.59,5.47,-2.56,0.00,-2.74,2.56,18.59,2.74,1,508,1,0
"Assets/Synty/PolygonFarm/Prefabs/Buildings/SM_Bld_Silo_02.prefab","SM_Bld_Silo_02",Bld,Other,5.11,18.59,5.47,-2.56,0.00,-2.74,2.56,18.59,2.74,1,304,1,0
"Assets/Synty/PolygonFarm/Prefabs/Buildings/SM_Bld_Silo_Base_01.prefab","SM_Bld_Silo_Base_01",Bld,Other,6.84,0.81,6.84,-3.42,-0.81,-3.42,3.42,0.00,3.42,1,88,1,0
"Assets/Synty/PolygonFarm/Prefabs/Buildings/SM_Bld_Silo_Small_01.prefab","SM_Bld_Silo_Small_01",Bld,Other,4.58,4.59,4.58,-2.29,0.00,-2.29,2.29,4.59,2.29,1,424,1,0
"Assets/Synty/PolygonFarm/Prefabs/Buildings/SM_Bld_WaterTower_01.prefab","SM_Bld_WaterTower_01",Bld,Other,2.68,8.42,2.85,-1.34,0.00,-1.42,1.34,8.42,1.42,1,1786,1,0
"Assets/Synty/PolygonFarm/Prefabs/Characters/SM_Chr_Attach_Buckethat_01.prefab","SM_Chr_Attach_Buckethat_01",Chr,Other,0.45,0.23,0.44,-0.22,0.03,-0.21,0.22,0.27,0.23,1,112,1,0
"Assets/Synty/PolygonFarm/Prefabs/Characters/SM_Chr_Attach_Cap_01.prefab","SM_Chr_Attach_Cap_01",Chr,Other,0.27,0.17,0.43,-0.14,0.10,-0.14,0.14,0.26,0.28,1,120,1,0
"Assets/Synty/PolygonFarm/Prefabs/Characters/SM_Chr_Attach_Cap_02.prefab","SM_Chr_Attach_Cap_02",Chr,Other,0.27,0.17,0.43,-0.14,0.10,-0.14,0.14,0.27,0.28,1,158,1,0
"Assets/Synty/PolygonFarm/Prefabs/Characters/SM_Chr_Attach_CowboyHat_01.prefab","SM_Chr_Attach_CowboyHat_01",Chr,Other,0.51,0.26,0.48,-0.25,0.04,-0.24,0.25,0.30,0.25,1,148,1,0
"Assets/Synty/PolygonFarm/Prefabs/Characters/SM_Chr_Attach_CowboyHat_02.prefab","SM_Chr_Attach_CowboyHat_02",Chr,Other,0.51,0.26,0.48,-0.25,0.04,-0.23,0.25,0.30,0.25,1,148,1,0
"Assets/Synty/PolygonFarm/Prefabs/Characters/SM_Chr_Attach_Glasses_01.prefab","SM_Chr_Attach_Glasses_01",Chr,Other,0.24,0.09,0.19,-0.12,0.05,-0.04,0.12,0.13,0.14,1,164,1,0
"Assets/Synty/PolygonFarm/Prefabs/Characters/SM_Chr_Attach_ScarecrowHat_01.prefab","SM_Chr_Attach_ScarecrowHat_01",Chr,Other,0.56,0.40,0.52,-0.28,0.02,-0.25,0.28,0.42,0.27,1,222,1,0
"Assets/Synty/PolygonFarm/Prefabs/Characters/SM_Chr_Attach_Wheat_01.prefab","SM_Chr_Attach_Wheat_01",Chr,Other,0.14,0.11,0.12,-0.15,-0.10,0.12,-0.01,0.00,0.25,1,56,1,0
"Assets/Synty/PolygonFarm/Prefabs/Characters/SM_Chr_FarmBoy_01.prefab","SM_Chr_FarmBoy_01",Chr,Other,2.05,1.84,0.39,-1.02,-0.01,-0.20,1.02,1.82,0.19,6,12616,1,1
"Assets/Synty/PolygonFarm/Prefabs/Characters/SM_Chr_FarmGirl_01.prefab","SM_Chr_FarmGirl_01",Chr,Other,2.05,1.84,0.39,-1.02,-0.01,-0.20,1.02,1.82,0.19,6,12616,1,1
"Assets/Synty/PolygonFarm/Prefabs/Characters/SM_Chr_Farmer_Female_01.prefab","SM_Chr_Farmer_Female_01",Chr,Other,2.05,1.84,0.39,-1.02,-0.01,-0.20,1.02,1.82,0.19,6,12616,1,1
"Assets/Synty/PolygonFarm/Prefabs/Characters/SM_Chr_Farmer_Male_01.prefab","SM_Chr_Farmer_Male_01",Chr,Other,2.05,1.84,0.39,-1.02,-0.01,-0.20,1.02,1.82,0.19,6,12616,1,1
"Assets/Synty/PolygonFarm/Prefabs/Characters/SM_Chr_Farmer_Male_Old_01.prefab","SM_Chr_Farmer_Male_Old_01",Chr,Other,2.05,1.84,0.39,-1.02,-0.01,-0.20,1.02,1.82,0.19,6,12616,1,1
"Assets/Synty/PolygonFarm/Prefabs/Characters/SM_Chr_Scarecrow_01.prefab","SM_Chr_Scarecrow_01",Chr,Other,2.05,1.84,0.39,-1.02,-0.01,-0.20,1.02,1.82,0.19,6,12616,1,1
"Assets/Synty/PolygonFarm/Prefabs/Environments/SM_Env_Dirt_01.prefab","SM_Env_Dirt_01",Env,Other,5.00,0.13,5.00,-5.00,0.00,0.00,0.00,0.13,5.00,1,300,1,0
"Assets/Synty/PolygonFarm/Prefabs/Environments/SM_Env_Dirt_Mound_01.prefab","SM_Env_Dirt_Mound_01",Env,Other,0.39,0.16,0.35,-0.19,-0.06,-0.19,0.20,0.09,0.16,1,20,1,0
"Assets/Synty/PolygonFarm/Prefabs/Environments/SM_Env_Dirt_Rows_01.prefab","SM_Env_Dirt_Rows_01",Env,Other,4.99,0.20,5.07,-4.99,0.00,-0.02,0.00,0.20,5.04,1,499,1,0
"Assets/Synty/PolygonFarm/Prefabs/Environments/SM_Env_Dirt_Rows_Center_01.prefab","SM_Env_Dirt_Rows_Center_01",Env,Other,5.00,0.19,5.00,-5.00,0.00,0.00,0.00,0.19,5.00,1,364,1,0
"Assets/Synty/PolygonFarm/Prefabs/Environments/SM_Env_Dirt_Rows_End_Bottom_01.prefab","SM_Env_Dirt_Rows_End_Bottom_01",Env,Other,5.00,0.19,5.00,-5.00,0.00,0.00,0.00,0.19,5.00,1,469,1,0
"Assets/Synty/PolygonFarm/Prefabs/Environments/SM_Env_Dirt_Rows_End_Top_01.prefab","SM_Env_Dirt_Rows_End_Top_01",Env,Other,5.00,0.19,5.00,-5.00,0.00,0.00,0.00,0.19,5.00,1,469,1,0
"Assets/Synty/PolygonFarm/Prefabs/Environments/SM_Env_Dirt_Rows_Mounds_01.prefab","SM_Env_Dirt_Rows_Mounds_01",Env,Other,4.73,0.20,4.58,-4.84,0.00,0.20,-0.11,0.20,4.78,1,300,1,0
"Assets/Synty/PolygonFarm/Prefabs/Environments/SM_Env_Dirt_Rows_Skirt_01.prefab","SM_Env_Dirt_Rows_Skirt_01",Env,Other,5.65,0.33,5.74,-5.30,-0.13,-0.35,0.36,0.20,5.40,1,577,1,0
"Assets/Synty/PolygonFarm/Prefabs/Environments/SM_Env_Dirt_Skirt_01.prefab","SM_Env_Dirt_Skirt_01",Env,Other,5.92,0.36,5.83,-5.50,-0.22,-0.37,0.42,0.13,5.46,1,352,1,0
"Assets/Synty/PolygonFarm/Prefabs/Environments/SM_Env_Flowers_01.prefab","SM_Env_Flowers_01",Env,Other,1.44,0.51,1.13,-0.78,-0.17,-0.50,0.66,0.35,0.62,1,795,1,0
"Assets/Synty/PolygonFarm/Prefabs/Environments/SM_Env_Flowers_02.prefab","SM_Env_Flowers_02",Env,Other,0.98,0.51,0.69,-0.49,-0.17,-0.35,0.49,0.35,0.35,1,424,1,0
"Assets/Synty/PolygonFarm/Prefabs/Environments/SM_Env_Flowers_03.prefab","SM_Env_Flowers_03",Env,Other,0.60,0.51,0.41,-0.32,-0.17,-0.18,0.28,0.35,0.23,1,212,1,0
"Assets/Synty/PolygonFarm/Prefabs/Environments/SM_Env_Lillypads_01.prefab","SM_Env_Lillypads_01",Env,Other,3.43,0.18,2.99,-1.72,-0.02,-1.50,1.72,0.16,1.50,1,286,1,0
"Assets/Synty/PolygonFarm/Prefabs/Environments/SM_Env_Lillypads_02.prefab","SM_Env_Lillypads_02",Env,Other,4.48,0.21,2.73,-2.24,-0.01,-1.36,2.24,0.20,1.36,1,498,1,0
"Assets/Synty/PolygonFarm/Prefabs/Environments/SM_Env_Pebbles_01.prefab","SM_Env_Pebbles_01",Env,Other,0.72,0.17,1.02,-0.36,-0.04,-0.51,0.36,0.14,0.51,1,64,1,0
"Assets/Synty/PolygonFarm/Prefabs/Environments/SM_Env_Pebbles_02.prefab","SM_Env_Pebbles_02",Env,Other,1.33,0.17,3.10,-0.67,0.00,-1.55,0.67,0.17,1.55,1,144,1,0
"Assets/Synty/PolygonFarm/Prefabs/Environments/SM_Env_Pebbles_03.prefab","SM_Env_Pebbles_03",Env,Other,0.60,0.12,0.50,-0.24,-0.04,-0.25,0.36,0.09,0.24,1,44,1,0
"Assets/Synty/PolygonFarm/Prefabs/Environments/SM_Env_Pond_01.prefab","SM_Env_Pond_01",Env,Other,37.28,2.05,40.23,-19.14,-1.44,-18.77,18.14,0.61,21.46,2,642,2,0
"Assets/Synty/PolygonFarm/Prefabs/Environments/SM_Env_PuddlePlane_01.prefab","SM_Env_PuddlePlane_01",Env,Other,8.11,0.68,11.95,-4.05,-0.68,-5.97,4.05,0.00,5.97,1,26,1,0
"Assets/Synty/PolygonFarm/Prefabs/Environments/SM_Env_Reeds_01.prefab","SM_Env_Reeds_01",Env,Other,0.77,2.19,0.75,-0.35,-0.60,-0.38,0.42,1.59,0.38,1,136,1,0
"Assets/Synty/PolygonFarm/Prefabs/Environments/SM_Env_Reeds_02.prefab","SM_Env_Reeds_02",Env,Other,0.88,2.14,0.92,-0.44,-0.59,-0.46,0.43,1.55,0.46,1,226,1,0
"Assets/Synty/PolygonFarm/Prefabs/Environments/SM_Env_Reeds_03.prefab","SM_Env_Reeds_03",Env,Other,0.99,2.03,1.01,-0.50,-0.59,-0.50,0.50,1.43,0.50,1,168,1,0
"Assets/Synty/PolygonFarm/Prefabs/Environments/SM_Env_Road_Dirt_Corner_01.prefab","SM_Env_Road_Dirt_Corner_01",Env,Other,9.40,0.27,9.40,-3.45,0.00,-5.96,5.96,0.27,3.45,1,257,1,0
"Assets/Synty/PolygonFarm/Prefabs/Environments/SM_Env_Road_Dirt_Corner_02.prefab","SM_Env_Road_Dirt_Corner_02",Env,Other,10.43,0.27,13.91,-3.58,0.00,-6.83,6.85,0.27,7.07,1,270,1,0
"Assets/Synty/PolygonFarm/Prefabs/Environments/SM_Env_Road_Dirt_End_01.prefab","SM_Env_Road_Dirt_End_01",Env,Other,15.29,0.60,15.02,-8.31,-0.32,-9.06,6.97,0.27,5.96,1,270,1,0
"Assets/Synty/PolygonFarm/Prefabs/Environments/SM_Env_Road_Dirt_End_02.prefab","SM_Env_Road_Dirt_End_02",Env,Other,25.49,0.60,15.02,-12.81,-0.32,-9.06,12.68,0.27,5.96,1,270,1,0
"Assets/Synty/PolygonFarm/Prefabs/Environments/SM_Env_Road_Dirt_Intersection_01.prefab","SM_Env_Road_Dirt_Intersection_01",Env,Other,11.91,0.27,11.91,-5.96,0.00,-5.96,5.96,0.27,5.96,1,473,1,0
"Assets/Synty/PolygonFarm/Prefabs/Environments/SM_Env_Road_Dirt_Straight_01.prefab","SM_Env_Road_Dirt_Straight_01",Env,Other,7.10,0.27,11.91,-3.58,0.00,-5.96,3.52,0.27,5.96,1,270,1,0
"Assets/Synty/PolygonFarm/Prefabs/Environments/SM_Env_Road_Dirt_Swerve_01.prefab","SM_Env_Road_Dirt_Swerve_01",Env,Other,13.03,0.28,41.91,-9.00,0.00,-41.14,4.03,0.28,0.77,1,485,1,0
"Assets/Synty/PolygonFarm/Prefabs/Environments/SM_Env_Road_Dirt_Swerve_02.prefab","SM_Env_Road_Dirt_Swerve_02",Env,Other,16.08,0.28,41.91,-12.63,0.00,-35.96,3.45,0.28,5.96,1,489,1,0
"Assets/Synty/PolygonFarm/Prefabs/Environments/SM_Env_Road_Dirt_T_Section_01.prefab","SM_Env_Road_Dirt_T_Section_01",Env,Other,11.91,0.27,9.53,-5.96,0.00,-4.77,5.96,0.27,4.77,1,435,1,0
"Assets/Synty/PolygonFarm/Prefabs/Environments/SM_Env_Road_GrassEdge_01.prefab","SM_Env_Road_GrassEdge_01",Env,Other,4.43,0.50,14.52,-2.29,0.00,-7.26,2.14,0.50,7.26,1,74,1,0
"Assets/Synty/PolygonFarm/Prefabs/Environments/SM_Env_Road_GrassEdge_02.prefab","SM_Env_Road_GrassEdge_02",Env,Other,5.10,0.50,14.72,-2.79,0.00,-7.36,2.31,0.50,7.36,1,69,1,0
"Assets/Synty/PolygonFarm/Prefabs/Environments/SM_Env_Road_Gravel_Corner_01.prefab","SM_Env_Road_Gravel_Corner_01",Env,Other,11.18,0.31,11.50,-4.53,0.00,-6.75,6.65,0.31,4.75,1,254,1,0
"Assets/Synty/PolygonFarm/Prefabs/Environments/SM_Env_Road_Gravel_Corner_02.prefab","SM_Env_Road_Gravel_Corner_02",Env,Other,12.72,0.30,14.95,-4.77,0.00,-6.81,7.95,0.30,8.14,1,270,1,0
"Assets/Synty/PolygonFarm/Prefabs/Environments/SM_Env_Road_Gravel_End_01.prefab","SM_Env_Road_Gravel_End_01",Env,Other,17.54,0.56,15.02,-9.35,-0.32,-9.06,8.19,0.24,5.96,1,270,1,0
"Assets/Synty/PolygonFarm/Prefabs/Environments/SM_Env_Road_Gravel_End_02.prefab","SM_Env_Road_Gravel_End_02",Env,Other,27.72,0.55,14.90,-13.92,-0.31,-8.94,13.80,0.23,5.96,1,266,1,0
"Assets/Synty/PolygonFarm/Prefabs/Environments/SM_Env_Road_Gravel_Intersection_01.prefab","SM_Env_Road_Gravel_Intersection_01",Env,Other,15.00,0.28,15.00,-7.50,0.00,-7.50,7.50,0.28,7.50,1,473,1,0
"Assets/Synty/PolygonFarm/Prefabs/Environments/SM_Env_Road_Gravel_Straight_01.prefab","SM_Env_Road_Gravel_Straight_01",Env,Other,9.37,0.29,11.91,-4.72,0.00,-5.96,4.65,0.29,5.96,1,270,1,0
"Assets/Synty/PolygonFarm/Prefabs/Environments/SM_Env_Road_Gravel_Swerve_01.prefab","SM_Env_Road_Gravel_Swerve_01",Env,Other,15.22,0.33,41.91,-10.02,0.00,-41.14,5.20,0.33,0.77,1,485,1,0
"Assets/Synty/PolygonFarm/Prefabs/Environments/SM_Env_Road_Gravel_Swerve_02.prefab","SM_Env_Road_Gravel_Swerve_02",Env,Other,18.30,0.32,41.91,-13.85,0.00,-35.96,4.45,0.32,5.96,1,489,1,0
"Assets/Synty/PolygonFarm/Prefabs/Environments/SM_Env_Road_Gravel_T_Section_01.prefab","SM_Env_Road_Gravel_T_Section_01",Env,Other,15.67,0.32,12.36,-7.83,0.00,-6.27,7.83,0.32,6.09,1,435,1,0
"Assets/Synty/PolygonFarm/Prefabs/Environments/SM_Env_Road_Pebbles_01.prefab","SM_Env_Road_Pebbles_01",Env,Other,6.96,0.24,8.68,-3.48,0.00,-4.34,3.48,0.24,4.34,1,231,1,0
"Assets/Synty/PolygonFarm/Prefabs/Environments/SM_Env_Road_Pebbles_02.prefab","SM_Env_Road_Pebbles_02",Env,Other,5.63,0.25,10.19,-2.82,0.00,-5.10,2.82,0.25,5.10,1,231,1,0
"Assets/Synty/PolygonFarm/Prefabs/Environments/SM_Env_Tree_Apple_01.prefab","SM_Env_Tree_Apple_01",Env,Other,2.93,4.30,2.96,-1.46,-0.15,-1.55,1.46,4.14,1.41,1,336,1,0
"Assets/Synty/PolygonFarm/Prefabs/Environments/SM_Env_Tree_Apple_Grown_01.prefab","SM_Env_Tree_Apple_Grown_01",Env,Other,3.04,4.30,2.96,-1.46,-0.15,-1.55,1.57,4.14,1.41,1,1044,1,0
"Assets/Synty/PolygonFarm/Prefabs/Environments/SM_Env_Tree_Apricot_01.prefab","SM_Env_Tree_Apricot_01",Env,Other,4.11,4.87,3.12,-2.27,-0.32,-1.99,1.84,4.54,1.14,1,442,1,0
"Assets/Synty/PolygonFarm/Prefabs/Environments/SM_Env_Tree_Apricot_Grown_01.prefab","SM_Env_Tree_Apricot_Grown_01",Env,Other,4.13,4.87,3.12,-2.27,-0.32,-1.99,1.86,4.54,1.14,1,1860,1,0
"Assets/Synty/PolygonFarm/Prefabs/Environments/SM_Env_Tree_Cherry_01.prefab","SM_Env_Tree_Cherry_01",Env,Other,3.29,4.34,3.07,-1.79,-0.19,-1.31,1.50,4.15,1.76,1,484,1,0
"Assets/Synty/PolygonFarm/Prefabs/Environments/SM_Env_Tree_Cherry_Grown_01.prefab","SM_Env_Tree_Cherry_Grown_01",Env,Other,3.29,4.34,3.07,-1.79,-0.19,-1.31,1.50,4.15,1.76,1,2250,1,0
"Assets/Synty/PolygonFarm/Prefabs/Environments/SM_Env_Tree_Large_01.prefab","SM_Env_Tree_Large_01",Env,Other,14.31,12.84,10.49,-8.75,-0.65,-6.74,5.56,12.19,3.75,2,4450,1,0
"Assets/Synty/PolygonFarm/Prefabs/Environments/SM_Env_Tree_Lemon_01.prefab","SM_Env_Tree_Lemon_01",Env,Other,1.73,2.76,1.77,-1.01,-0.21,-1.08,0.72,2.55,0.69,1,229,1,0
"Assets/Synty/PolygonFarm/Prefabs/Environments/SM_Env_Tree_Lemon_Grown_01.prefab","SM_Env_Tree_Lemon_Grown_01",Env,Other,1.73,2.76,1.77,-0.86,-0.21,-0.88,0.86,2.55,0.88,1,845,1,0
"Assets/Synty/PolygonFarm/Prefabs/Environments/SM_Env_Tree_Orange_01.prefab","SM_Env_Tree_Orange_01",Env,Other,3.11,3.20,3.18,-1.37,-0.23,-1.89,1.74,2.96,1.30,1,229,1,0
"Assets/Synty/PolygonFarm/Prefabs/Environments/SM_Env_Tree_Orange_Grown_01.prefab","SM_Env_Tree_Orange_Grown_01",Env,Other,3.11,3.20,3.18,-1.37,-0.23,-1.89,1.74,2.96,1.30,1,845,1,0
"Assets/Synty/PolygonFarm/Prefabs/Environments/SM_Env_Tree_Peach_01.prefab","SM_Env_Tree_Peach_01",Env,Other,3.24,4.51,2.71,-1.67,-0.19,-1.43,1.56,4.32,1.29,1,280,1,0
"Assets/Synty/PolygonFarm/Prefabs/Environments/SM_Env_Tree_Peach_Grown_01.prefab","SM_Env_Tree_Peach_Grown_01",Env,Other,3.24,4.51,2.73,-1.67,-0.19,-1.43,1.56,4.32,1.30,1,1038,1,0
"Assets/Synty/PolygonFarm/Prefabs/Environments/SM_Env_Tree_Pear_01.prefab","SM_Env_Tree_Pear_01",Env,Other,2.39,3.82,2.15,-1.28,-0.11,-1.10,1.11,3.71,1.05,1,306,1,0
"Assets/Synty/PolygonFarm/Prefabs/Environments/SM_Env_Tree_Pear_Grown_01.prefab","SM_Env_Tree_Pear_Grown_01",Env,Other,2.39,3.82,2.15,-1.28,-0.11,-1.10,1.11,3.71,1.05,1,1504,1,0
"Assets/Synty/PolygonFarm/Prefabs/Environments/SM_Env_Tree_Plum_01.prefab","SM_Env_Tree_Plum_01",Env,Other,2.52,3.74,2.01,-1.36,-0.13,-1.11,1.16,3.61,0.90,1,280,1,0
"Assets/Synty/PolygonFarm/Prefabs/Environments/SM_Env_Tree_Plum_Grown_01.prefab","SM_Env_Tree_Plum_Grown_01",Env,Other,2.52,3.74,2.01,-1.36,-0.13,-1.11,1.16,3.61,0.90,1,978,1,0
"Assets/Synty/PolygonFarm/Prefabs/Environments/SM_Env_Tree_Stump_01.prefab","SM_Env_Tree_Stump_01",Env,Other,2.20,1.53,2.27,-1.18,-0.64,-1.25,1.02,0.88,1.02,1,168,1,0
"Assets/Synty/PolygonFarm/Prefabs/Environments/SM_Env_Tree_Stump_02.prefab","SM_Env_Tree_Stump_02",Env,Other,1.05,0.83,0.89,-0.50,-0.36,-0.51,0.54,0.47,0.38,1,64,1,0
"Assets/Synty/PolygonFarm/Prefabs/Environments/SM_Env_Tree_Stump_03.prefab","SM_Env_Tree_Stump_03",Env,Other,0.77,0.69,0.67,-0.37,-0.20,-0.34,0.40,0.49,0.33,1,84,1,0
"Assets/Synty/PolygonFarm/Prefabs/Environments/SM_Env_Vege_Rows_01.prefab","SM_Env_Vege_Rows_01",Env,Other,4.32,0.34,4.82,-4.66,0.00,0.12,-0.34,0.34,4.94,1,499,1,0
"Assets/Synty/PolygonFarm/Prefabs/Environments/SM_Env_Vege_Rows_02.prefab","SM_Env_Vege_Rows_02",Env,Other,4.40,0.26,4.50,-4.71,0.08,0.23,-0.31,0.34,4.72,1,882,1,0
"Assets/Synty/PolygonFarm/Prefabs/Environments/SM_Env_Vege_Rows_03.prefab","SM_Env_Vege_Rows_03",Env,Other,4.53,0.42,4.58,-4.78,0.04,0.12,-0.25,0.46,4.71,1,1000,1,0
"Assets/Synty/PolygonFarm/Prefabs/FX/FX_Dust_Wind_01.prefab","FX_Dust_Wind_01",Dust,Other,0.00,0.00,0.00,0.00,0.00,0.00,0.00,0.00,0.00,0,0,0,0
"Assets/Synty/PolygonFarm/Prefabs/FX/FX_Fire_01.prefab","FX_Fire_01",Fire,Other,0.00,0.00,0.00,0.00,0.00,0.00,0.00,0.00,0.00,0,0,0,0
"Assets/Synty/PolygonFarm/Prefabs/FX/FX_Fire_02.prefab","FX_Fire_02",Fire,Other,0.00,0.00,0.00,0.00,0.00,0.00,0.00,0.00,0.00,0,0,0,0
"Assets/Synty/PolygonFarm/Prefabs/FX/FX_Pollen_Wind_01.prefab","FX_Pollen_Wind_01",Pollen,Other,0.00,0.00,0.00,0.00,0.00,0.00,0.00,0.00,0.00,0,0,0,0
"Assets/Synty/PolygonFarm/Prefabs/FX/FX_Rain.prefab","FX_Rain",Other,Other,0.00,0.00,0.00,0.00,0.00,0.00,0.00,0.00,0.00,0,0,0,0
"Assets/Synty/PolygonFarm/Prefabs/FX/FX_Sprayer.prefab","FX_Sprayer",Other,Other,0.00,0.00,0.00,0.00,0.00,0.00,0.00,0.00,0.00,0,0,0,0
"Assets/Synty/PolygonFarm/Prefabs/FX/FX_Sprinkler_01.prefab","FX_Sprinkler_01",Sprinkler,Other,0.00,0.00,0.00,0.00,0.00,0.00,0.00,0.00,0.00,0,0,0,0
"Assets/Synty/PolygonFarm/Prefabs/FX/FX_Sprinkler_Large_01.prefab","FX_Sprinkler_Large_01",Sprinkler,Other,0.00,0.00,0.00,0.00,0.00,0.00,0.00,0.00,0.00,0,0,0,0
"Assets/Synty/PolygonFarm/Prefabs/FX/FX_Vehicle_Dust_01.prefab","FX_Vehicle_Dust_01",Vehicle,Other,0.00,0.00,0.00,0.00,0.00,0.00,0.00,0.00,0.00,0,0,0,0
"Assets/Synty/PolygonFarm/Prefabs/FX/FX_Wheat_Collection_01.prefab","FX_Wheat_Collection_01",Wheat,Other,0.00,0.00,0.00,0.00,0.00,0.00,0.00,0.00,0.00,0,0,0,0
"Assets/Synty/PolygonFarm/Prefabs/FX/FX_Wheat_Spray_01.prefab","FX_Wheat_Spray_01",Wheat,Other,0.00,0.00,0.00,0.00,0.00,0.00,0.00,0.00,0.00,0,0,0,0
"Assets/Synty/PolygonFarm/Prefabs/Generic/SM_Generic_Cloud_01.prefab","SM_Generic_Cloud_01",Generic,Other,6.68,1.65,1.61,-3.34,0.00,-0.80,3.34,1.65,0.80,1,280,1,0
"Assets/Synty/PolygonFarm/Prefabs/Generic/SM_Generic_Cloud_02.prefab","SM_Generic_Cloud_02",Generic,Other,7.29,1.71,2.57,-3.65,0.00,-1.29,3.65,1.71,1.29,1,252,1,0
"Assets/Synty/PolygonFarm/Prefabs/Generic/SM_Generic_Cloud_03.prefab","SM_Generic_Cloud_03",Generic,Other,7.03,1.98,3.89,-3.52,0.00,-1.94,3.52,1.98,1.94,1,490,1,0
"Assets/Synty/PolygonFarm/Prefabs/Generic/SM_Generic_Cloud_04.prefab","SM_Generic_Cloud_04",Generic,Other,5.04,1.44,1.55,-2.52,-0.32,-0.78,2.52,1.12,0.78,1,200,1,0
"Assets/Synty/PolygonFarm/Prefabs/Generic/SM_Generic_Cloud_05.prefab","SM_Generic_Cloud_05",Generic,Other,3.18,1.64,1.86,-1.59,-0.42,-0.93,1.59,1.22,0.93,1,300,1,0
"Assets/Synty/PolygonFarm/Prefabs/Generic/SM_Generic_Grass_Patch_01.prefab","SM_Generic_Grass_Patch_01",Generic,Other,0.29,0.62,0.31,-0.10,-0.12,-0.14,0.19,0.50,0.17,1,42,1,0
"Assets/Synty/PolygonFarm/Prefabs/Generic/SM_Generic_Grass_Patch_02.prefab","SM_Generic_Grass_Patch_02",Generic,Other,2.81,0.92,2.16,-1.40,0.00,-1.08,1.40,0.92,1.08,1,602,1,0
"Assets/Synty/PolygonFarm/Prefabs/Generic/SM_Generic_Grass_Patch_03.prefab","SM_Generic_Grass_Patch_03",Generic,Other,1.11,1.16,1.29,-0.56,0.00,-0.65,0.56,1.16,0.65,1,238,1,0
"Assets/Synty/PolygonFarm/Prefabs/Generic/SM_Generic_Ground_01.prefab","SM_Generic_Ground_01",Generic,Other,5.53,0.26,5.68,-2.76,0.00,-2.84,2.76,0.26,2.84,1,200,1,0
"Assets/Synty/PolygonFarm/Prefabs/Generic/SM_Generic_Ground_02.prefab","SM_Generic_Ground_02",Generic,Other,10.42,0.52,11.23,-5.21,0.00,-5.61,5.21,0.52,5.61,1,439,1,0
"Assets/Synty/PolygonFarm/Prefabs/Generic/SM_Generic_Ground_03.prefab","SM_Generic_Ground_03",Generic,Other,18.85,0.86,18.74,-9.52,0.00,-9.54,9.34,0.86,9.21,1,760,1,0
"Assets/Synty/PolygonFarm/Prefabs/Generic/SM_Generic_Ground_04.prefab","SM_Generic_Ground_04",Generic,Other,18.38,2.47,19.12,-8.76,0.00,-9.56,9.62,2.47,9.56,1,760,1,0
"Assets/Synty/PolygonFarm/Prefabs/Generic/SM_Generic_Ground_Dirt_01.prefab","SM_Generic_Ground_Dirt_01",Generic,Other,5.53,0.26,5.68,-2.76,0.00,-2.84,2.76,0.26,2.84,1,200,1,0
"Assets/Synty/PolygonFarm/Prefabs/Generic/SM_Generic_Ground_Flat_01.prefab","SM_Generic_Ground_Flat_01",Generic,Other,20.74,0.46,19.23,-10.37,0.00,-9.61,10.37,0.46,9.61,1,555,1,0
"Assets/Synty/PolygonFarm/Prefabs/Generic/SM_Generic_Ground_Flat_Wheat_01.prefab","SM_Generic_Ground_Flat_Wheat_01",Generic,Other,20.74,0.46,19.23,-10.37,0.00,-9.61,10.37,0.46,9.61,1,555,1,0
"Assets/Synty/PolygonFarm/Prefabs/Generic/SM_Generic_Ground_Hill_01.prefab","SM_Generic_Ground_Hill_01",Generic,Other,20.74,1.55,19.23,-10.37,0.00,-9.61,10.37,1.55,9.61,1,555,1,0
"Assets/Synty/PolygonFarm/Prefabs/Generic/SM_Generic_Ground_Hill_02.prefab","SM_Generic_Ground_Hill_02",Generic,Other,20.74,2.73,19.23,-10.37,0.00,-9.61,10.37,2.73,9.61,1,555,1,0
"Assets/Synty/PolygonFarm/Prefabs/Generic/SM_Generic_Ground_Hill_03.prefab","SM_Generic_Ground_Hill_03",Generic,Other,26.24,4.19,24.44,-12.67,0.00,-12.63,13.56,4.19,11.81,1,555,1,0
"Assets/Synty/PolygonFarm/Prefabs/Generic/SM_Generic_Ground_Tile_01.prefab","SM_Generic_Ground_Tile_01",Generic,Floor,5.00,0.00,5.00,-5.00,0.00,0.00,0.00,0.00,5.00,1,2,1,0
"Assets/Synty/PolygonFarm/Prefabs/Generic/SM_Generic_Ground_Wheat_01.prefab","SM_Generic_Ground_Wheat_01",Generic,Other,5.53,0.26,5.68,-2.76,0.00,-2.84,2.76,0.26,2.84,1,200,1,0
"Assets/Synty/PolygonFarm/Prefabs/Generic/SM_Generic_Mountains_Grass_01.prefab","SM_Generic_Mountains_Grass_01",Generic,Other,22.61,5.57,22.35,-11.30,0.00,-11.17,11.30,5.57,11.17,1,2251,1,0
"Assets/Synty/PolygonFarm/Prefabs/Generic/SM_Generic_Mountains_Grass_02.prefab","SM_Generic_Mountains_Grass_02",Generic,Other,14.50,5.54,14.49,-7.25,0.00,-7.25,7.25,5.54,7.25,1,498,1,0
"Assets/Synty/PolygonFarm/Prefabs/Generic/SM_Generic_Mountains_Snow_01.prefab","SM_Generic_Mountains_Snow_01",Generic,Other,20.77,10.31,20.10,-10.39,0.00,-10.05,10.39,10.31,10.05,1,1115,1,0
"Assets/Synty/PolygonFarm/Prefabs/Generic/SM_Generic_Mountains_Soft_01.prefab","SM_Generic_Mountains_Soft_01",Generic,Other,39.08,5.00,21.97,-19.54,0.00,-10.99,19.54,5.00,10.99,1,280,1,0
"Assets/Synty/PolygonFarm/Prefabs/Generic/SM_Generic_Ocean_Tile_Bumps_01.prefab","SM_Generic_Ocean_Tile_Bumps_01",Generic,Floor,30.00,0.43,30.00,-30.00,-0.02,0.00,0.00,0.41,30.00,1,800,1,0
"Assets/Synty/PolygonFarm/Prefabs/Generic/SM_Generic_Ocean_Tile_Flat_01.prefab","SM_Generic_Ocean_Tile_Flat_01",Generic,Floor,30.00,0.00,30.00,-30.00,0.00,0.00,0.00,0.00,30.00,1,800,1,0
"Assets/Synty/PolygonFarm/Prefabs/Generic/SM_Generic_Small_Rocks_01.prefab","SM_Generic_Small_Rocks_01",Generic,Other,1.31,0.09,1.63,-0.82,-0.03,-0.81,0.48,0.07,0.82,1,180,1,0
"Assets/Synty/PolygonFarm/Prefabs/Generic/SM_Generic_Small_Rocks_02.prefab","SM_Generic_Small_Rocks_02",Generic,Other,2.04,0.09,1.97,-1.01,-0.03,-1.01,1.03,0.07,0.96,1,200,1,0
"Assets/Synty/PolygonFarm/Prefabs/Generic/SM_Generic_Small_Rocks_03.prefab","SM_Generic_Small_Rocks_03",Generic,Other,0.48,0.10,0.32,-0.24,0.00,-0.16,0.24,0.10,0.16,1,36,1,0
"Assets/Synty/PolygonFarm/Prefabs/Generic/SM_Generic_Small_Rocks_04.prefab","SM_Generic_Small_Rocks_04",Generic,Other,0.36,0.10,0.74,-0.18,0.00,-0.37,0.18,0.10,0.37,1,56,1,0
"Assets/Synty/PolygonFarm/Prefabs/Generic/SM_Generic_Small_Rocks_05.prefab","SM_Generic_Small_Rocks_05",Generic,Other,0.26,0.08,0.25,-0.13,0.00,-0.13,0.13,0.08,0.13,1,20,1,0
"Assets/Synty/PolygonFarm/Prefabs/Generic/SM_Generic_TreeDead_01.prefab","SM_Generic_TreeDead_01",Generic,Other,2.03,5.24,3.00,-1.47,-0.09,-1.29,0.56,5.15,1.72,1,306,1,0
"Assets/Synty/PolygonFarm/Prefabs/Generic/SM_Generic_TreeStump_01.prefab","SM_Generic_TreeStump_01",Generic,Other,0.78,0.50,0.82,-0.39,0.00,-0.41,0.39,0.50,0.41,1,228,1,0
"Assets/Synty/PolygonFarm/Prefabs/Generic/SM_Generic_Tree_01.prefab","SM_Generic_Tree_01",Generic,Other,1.81,3.30,1.70,-0.85,-0.13,-0.80,0.97,3.16,0.90,1,598,1,0
"Assets/Synty/PolygonFarm/Prefabs/Generic/SM_Generic_Tree_02.prefab","SM_Generic_Tree_02",Generic,Other,1.39,3.51,1.47,-0.70,-0.13,-0.73,0.70,3.38,0.73,1,288,1,0
"Assets/Synty/PolygonFarm/Prefabs/Generic/SM_Generic_Tree_03.prefab","SM_Generic_Tree_03",Generic,Other,1.73,3.49,1.54,-0.87,-0.16,-0.77,0.87,3.33,0.77,1,266,1,0
"Assets/Synty/PolygonFarm/Prefabs/Generic/SM_Generic_Tree_04.prefab","SM_Generic_Tree_04",Generic,Other,1.82,3.22,1.54,-1.20,-0.13,-0.77,0.62,3.09,0.77,1,316,1,0
"Assets/Synty/PolygonFarm/Prefabs/Generic/SM_Generic_Tree_Patch_01.prefab","SM_Generic_Tree_Patch_01",Generic,Other,15.57,10.63,14.42,-7.78,0.00,-7.21,7.78,10.63,7.21,1,452,1,0
"Assets/Synty/PolygonFarm/Prefabs/Generic/SM_Generic_Tree_Patch_02.prefab","SM_Generic_Tree_Patch_02",Generic,Other,24.65,10.63,14.42,-12.33,0.00,-7.21,12.33,10.63,7.21,1,688,1,0
"Assets/Synty/PolygonFarm/Prefabs/Plants/SM_Prop_Apple_01.prefab","SM_Prop_Apple_01",Prop,Other,0.15,0.15,0.13,-0.07,0.00,-0.06,0.08,0.15,0.07,1,85,1,0
"Assets/Synty/PolygonFarm/Prefabs/Plants/SM_Prop_Apple_01_Group.prefab","SM_Prop_Apple_01_Group",Prop,Other,0.25,0.16,0.28,-0.13,-0.08,-0.14,0.13,0.08,0.14,1,255,1,0
"Assets/Synty/PolygonFarm/Prefabs/Plants/SM_Prop_Apricot_01.prefab","SM_Prop_Apricot_01",Prop,Other,0.09,0.09,0.10,-0.04,0.00,-0.05,0.04,0.09,0.05,1,93,1,0
"Assets/Synty/PolygonFarm/Prefabs/Plants/SM_Prop_Apricot_01_Group.prefab","SM_Prop_Apricot_01_Group",Prop,Other,0.20,0.11,0.19,-0.10,-0.05,-0.09,0.10,0.05,0.09,1,372,1,0
"Assets/Synty/PolygonFarm/Prefabs/Plants/SM_Prop_Asparagus_01.prefab","SM_Prop_Asparagus_01",Prop,Other,0.11,0.49,0.09,-0.05,-0.24,-0.05,0.05,0.24,0.05,1,1074,1,0
"Assets/Synty/PolygonFarm/Prefabs/Plants/SM_Prop_Asparagus_01_L.prefab","SM_Prop_Asparagus_01_L",Prop,Other,0.16,0.45,0.11,-0.09,-0.23,-0.06,0.08,0.22,0.05,1,570,1,0
"Assets/Synty/PolygonFarm/Prefabs/Plants/SM_Prop_Asparagus_01_M.prefab","SM_Prop_Asparagus_01_M",Prop,Other,0.16,0.35,0.11,-0.08,0.02,-0.05,0.08,0.37,0.05,1,570,1,0
"Assets/Synty/PolygonFarm/Prefabs/Plants/SM_Prop_Asparagus_01_S.prefab","SM_Prop_Asparagus_01_S",Prop,Other,0.16,0.23,0.10,-0.08,0.05,-0.05,0.08,0.28,0.05,1,470,1,0
"Assets/Synty/PolygonFarm/Prefabs/Plants/SM_Prop_Asparagus_01_Single.prefab","SM_Prop_Asparagus_01_Single",Prop,Other,0.04,0.46,0.03,-0.02,0.00,-0.02,0.02,0.46,0.02,1,114,1,0
"Assets/Synty/PolygonFarm/Prefabs/Plants/SM_Prop_Banana_01.prefab","SM_Prop_Banana_01",Prop,Other,0.08,0.17,0.36,-0.04,-0.05,-0.21,0.03,0.12,0.16,1,108,1,0
"Assets/Synty/PolygonFarm/Prefabs/Plants/SM_Prop_Banana_01_Group.prefab","SM_Prop_Banana_01_Group",Prop,Other,0.27,0.18,0.36,-0.16,-0.17,-0.01,0.11,0.01,0.34,1,240,1,0
"Assets/Synty/PolygonFarm/Prefabs/Plants/SM_Prop_Banana_01_L.prefab","SM_Prop_Banana_01_L",Prop,Other,0.40,0.37,0.41,-0.21,0.00,-0.22,0.19,0.37,0.19,1,720,1,0
"Assets/Synty/PolygonFarm/Prefabs/Plants/SM_Prop_Banana_01_M.prefab","SM_Prop_Banana_01_M",Prop,Other,0.28,0.37,0.16,-0.14,-0.01,-0.15,0.14,0.36,0.02,1,240,1,0
"Assets/Synty/PolygonFarm/Prefabs/Plants/SM_Prop_Bean_01_Group.prefab","SM_Prop_Bean_01_Group",Prop,Other,0.24,0.08,0.37,-0.12,-0.01,-0.18,0.12,0.07,0.18,1,380,1,0
"Assets/Synty/PolygonFarm/Prefabs/Plants/SM_Prop_Bean_01_L.prefab","SM_Prop_Bean_01_L",Prop,Other,0.07,0.04,0.32,-0.02,-0.02,-0.02,0.05,0.02,0.30,1,76,1,0
"Assets/Synty/PolygonFarm/Prefabs/Plants/SM_Prop_Bean_01_M.prefab","SM_Prop_Bean_01_M",Prop,Other,0.04,0.03,0.25,0.00,-0.01,0.00,0.04,0.02,0.25,1,66,1,0
"Assets/Synty/PolygonFarm/Prefabs/Plants/SM_Prop_Bean_01_S.prefab","SM_Prop_Bean_01_S",Prop,Other,0.04,0.03,0.16,0.00,-0.01,0.00,0.04,0.02,0.16,1,66,1,0
"Assets/Synty/PolygonFarm/Prefabs/Plants/SM_Prop_Beetroot_01.prefab","SM_Prop_Beetroot_01",Prop,Other,0.17,0.25,0.15,-0.09,-0.13,-0.08,0.09,0.13,0.08,1,100,1,0
"Assets/Synty/PolygonFarm/Prefabs/Plants/SM_Prop_Beetroot_01_Group.prefab","SM_Prop_Beetroot_01_Group",Prop,Other,0.30,0.20,0.31,-0.15,-0.01,-0.16,0.15,0.19,0.16,1,300,1,0
"Assets/Synty/PolygonFarm/Prefabs/Plants/SM_Prop_Beetroot_01_L.prefab","SM_Prop_Beetroot_01_L",Prop,Other,0.42,0.49,0.40,-0.20,-0.19,-0.18,0.23,0.30,0.22,1,260,1,0
"Assets/Synty/PolygonFarm/Prefabs/Plants/SM_Prop_Beetroot_01_M.prefab","SM_Prop_Beetroot_01_M",Prop,Other,0.27,0.39,0.26,-0.12,-0.18,-0.11,0.16,0.21,0.15,1,210,1,0
"Assets/Synty/PolygonFarm/Prefabs/Plants/SM_Prop_Beetroot_01_S.prefab","SM_Prop_Beetroot_01_S",Prop,Other,0.22,0.22,0.10,-0.08,-0.12,-0.08,0.13,0.10,0.03,1,160,1,0
"Assets/Synty/PolygonFarm/Prefabs/Plants/SM_Prop_Box_Apple_01.prefab","SM_Prop_Box_Apple_01",Prop,Other,0.76,0.48,0.45,-0.38,0.00,-0.23,0.38,0.48,0.23,1,1258,1,0
"Assets/Synty/PolygonFarm/Prefabs/Plants/SM_Prop_Box_Apple_02.prefab","SM_Prop_Box_Apple_02",Prop,Other,0.76,0.48,0.45,-0.38,0.00,-0.23,0.38,0.48,0.23,1,1258,1,0
"Assets/Synty/PolygonFarm/Prefabs/Plants/SM_Prop_Box_Apricot_01.prefab","SM_Prop_Box_Apricot_01",Prop,Other,0.76,0.45,0.45,-0.38,0.00,-0.23,0.38,0.45,0.23,1,1477,1,0
"Assets/Synty/PolygonFarm/Prefabs/Plants/SM_Prop_Box_Carrot_01.prefab","SM_Prop_Box_Carrot_01",Prop,Other,1.14,0.53,0.51,-0.59,0.00,-0.23,0.56,0.53,0.28,1,1196,1,0
"Assets/Synty/PolygonFarm/Prefabs/Plants/SM_Prop_Box_Cucumber_01.prefab","SM_Prop_Box_Cucumber_01",Prop,Other,0.76,0.43,0.45,-0.38,0.00,-0.23,0.38,0.43,0.23,1,628,1,0
"Assets/Synty/PolygonFarm/Prefabs/Plants/SM_Prop_Box_Eggplant_01.prefab","SM_Prop_Box_Eggplant_01",Prop,Other,0.76,0.42,0.45,-0.38,0.00,-0.23,0.38,0.42,0.23,1,844,1,0
"Assets/Synty/PolygonFarm/Prefabs/Plants/SM_Prop_Box_Onion_01.prefab","SM_Prop_Box_Onion_01",Prop,Other,1.04,0.58,0.53,-0.60,0.00,-0.30,0.43,0.58,0.23,1,1406,1,0
"Assets/Synty/PolygonFarm/Prefabs/Plants/SM_Prop_Box_Peach_01.prefab","SM_Prop_Box_Peach_01",Prop,Other,0.76,0.45,0.45,-0.38,0.00,-0.23,0.38,0.45,0.23,1,1477,1,0
"Assets/Synty/PolygonFarm/Prefabs/Plants/SM_Prop_Box_Plum_01.prefab","SM_Prop_Box_Plum_01",Prop,Other,0.76,0.45,0.45,-0.38,0.00,-0.23,0.38,0.45,0.23,1,1477,1,0
"Assets/Synty/PolygonFarm/Prefabs/Plants/SM_Prop_Box_Potato_01.prefab","SM_Prop_Box_Potato_01",Prop,Other,0.76,0.39,0.45,-0.38,0.00,-0.23,0.38,0.39,0.23,1,1372,1,0
"Assets/Synty/PolygonFarm/Prefabs/Plants/SM_Prop_Broccoli_01.prefab","SM_Prop_Broccoli_01",Prop,Other,0.28,0.28,0.25,-0.13,0.01,-0.11,0.15,0.29,0.14,1,160,1,0
"Assets/Synty/PolygonFarm/Prefabs/Plants/SM_Prop_Broccoli_01_L.prefab","SM_Prop_Broccoli_01_L",Prop,Other,0.89,0.47,0.79,-0.46,-0.01,-0.32,0.43,0.46,0.47,1,408,1,0
"Assets/Synty/PolygonFarm/Prefabs/Plants/SM_Prop_Broccoli_01_M.prefab","SM_Prop_Broccoli_01_M",Prop,Other,0.60,0.27,0.61,-0.34,0.00,-0.27,0.26,0.27,0.34,1,345,1,0
"Assets/Synty/PolygonFarm/Prefabs/Plants/SM_Prop_Broccoli_01_S.prefab","SM_Prop_Broccoli_01_S",Prop,Other,0.30,0.18,0.31,-0.17,0.00,-0.14,0.14,0.18,0.16,1,254,1,0
"Assets/Synty/PolygonFarm/Prefabs/Plants/SM_Prop_Bush_Round_Row_01.prefab","SM_Prop_Bush_Round_Row_01",Prop,Other,1.11,0.22,7.27,-0.56,0.11,-3.63,0.56,0.33,3.63,1,720,1,0
"Assets/Synty/PolygonFarm/Prefabs/Plants/SM_Prop_Cabbage_01_L.prefab","SM_Prop_Cabbage_01_L",Prop,Other,0.44,0.29,0.50,-0.22,0.00,-0.25,0.22,0.29,0.25,1,258,1,0
"Assets/Synty/PolygonFarm/Prefabs/Plants/SM_Prop_Cabbage_01_M.prefab","SM_Prop_Cabbage_01_M",Prop,Other,0.31,0.20,0.30,-0.15,0.00,-0.15,0.15,0.20,0.15,1,138,1,0
"Assets/Synty/PolygonFarm/Prefabs/Plants/SM_Prop_Cabbage_01_S.prefab","SM_Prop_Cabbage_01_S",Prop,Other,0.18,0.13,0.20,-0.09,0.00,-0.10,0.09,0.13,0.10,1,66,1,0
"Assets/Synty/PolygonFarm/Prefabs/Plants/SM_Prop_Carrot_01.prefab","SM_Prop_Carrot_01",Prop,Other,0.12,0.65,0.13,-0.06,-0.27,-0.07,0.06,0.38,0.06,1,116,1,0
"Assets/Synty/PolygonFarm/Prefabs/Plants/SM_Prop_Carrot_01_Group.prefab","SM_Prop_Carrot_01_Group",Prop,Other,0.34,0.28,0.70,-0.18,-0.14,-0.35,0.16,0.14,0.35,1,464,1,0
"Assets/Synty/PolygonFarm/Prefabs/Plants/SM_Prop_Carrot_01_L.prefab","SM_Prop_Carrot_01_L",Prop,Other,0.63,0.75,0.63,-0.32,-0.34,-0.32,0.32,0.41,0.32,1,110,2,0
"Assets/Synty/PolygonFarm/Prefabs/Plants/SM_Prop_Carrot_01_M.prefab","SM_Prop_Carrot_01_M",Prop,Other,0.44,0.33,0.44,-0.22,-0.04,-0.22,0.22,0.29,0.22,1,70,2,0
"Assets/Synty/PolygonFarm/Prefabs/Plants/SM_Prop_Carrot_01_S.prefab","SM_Prop_Carrot_01_S",Prop,Other,0.31,0.18,0.32,-0.16,-0.03,-0.16,0.16,0.15,0.16,1,46,2,0
"Assets/Synty/PolygonFarm/Prefabs/Plants/SM_Prop_Cherry_01.prefab","SM_Prop_Cherry_01",Prop,Other,0.11,0.10,0.06,-0.06,-0.05,-0.03,0.06,0.05,0.03,1,136,1,0
"Assets/Synty/PolygonFarm/Prefabs/Plants/SM_Prop_Cherry_01_Group.prefab","SM_Prop_Cherry_01_Group",Prop,Other,0.22,0.11,0.24,-0.11,0.00,-0.12,0.11,0.11,0.12,1,548,1,0
"Assets/Synty/PolygonFarm/Prefabs/Plants/SM_Prop_Chilli_01.prefab","SM_Prop_Chilli_01",Prop,Other,0.08,0.06,0.20,-0.04,-0.03,-0.10,0.04,0.03,0.10,1,95,1,0
"Assets/Synty/PolygonFarm/Prefabs/Plants/SM_Prop_Chilli_01_Group.prefab","SM_Prop_Chilli_01_Group",Prop,Other,0.22,0.10,0.31,-0.12,-0.02,-0.15,0.09,0.08,0.15,1,380,1,0
"Assets/Synty/PolygonFarm/Prefabs/Plants/SM_Prop_Chilli_01_L.prefab","SM_Prop_Chilli_01_L",Prop,Other,0.07,0.25,0.06,-0.03,0.00,-0.03,0.03,0.25,0.03,1,95,1,0
"Assets/Synty/PolygonFarm/Prefabs/Plants/SM_Prop_Chilli_01_M.prefab","SM_Prop_Chilli_01_M",Prop,Other,0.05,0.19,0.05,-0.03,0.00,-0.02,0.02,0.19,0.03,1,95,1,0
"Assets/Synty/PolygonFarm/Prefabs/Plants/SM_Prop_Chilli_01_S.prefab","SM_Prop_Chilli_01_S",Prop,Other,0.03,0.14,0.03,-0.02,0.00,-0.01,0.01,0.14,0.02,1,95,1,0
"Assets/Synty/PolygonFarm/Prefabs/Plants/SM_Prop_Corn_01.prefab","SM_Prop_Corn_01",Prop,Other,0.16,0.14,0.50,-0.07,-0.07,-0.24,0.09,0.07,0.26,1,144,1,0
"Assets/Synty/PolygonFarm/Prefabs/Plants/SM_Prop_Corn_01_Group.prefab","SM_Prop_Corn_01_Group",Prop,Other,0.49,0.27,0.66,-0.25,-0.03,-0.33,0.25,0.24,0.33,1,576,1,0
"Assets/Synty/PolygonFarm/Prefabs/Plants/SM_Prop_Corn_02.prefab","SM_Prop_Corn_02",Prop,Other,0.16,0.14,0.50,-0.07,-0.07,-0.24,0.09,0.07,0.26,1,144,1,0
"Assets/Synty/PolygonFarm/Prefabs/Plants/SM_Prop_Cucumber_01.prefab","SM_Prop_Cucumber_01",Prop,Other,0.12,0.09,0.55,-0.06,-0.05,-0.29,0.06,0.04,0.26,1,60,1,0
"Assets/Synty/PolygonFarm/Prefabs/Plants/SM_Prop_Cucumber_01_Group.prefab","SM_Prop_Cucumber_01_Group",Prop,Other,0.27,0.16,0.65,-0.14,0.00,-0.32,0.14,0.16,0.32,1,180,1,0
"Assets/Synty/PolygonFarm/Prefabs/Plants/SM_Prop_Cucumber_01_L.prefab","SM_Prop_Cucumber_01_L",Prop,Other,0.12,0.09,0.94,-0.08,0.00,-0.94,0.04,0.09,0.00,1,92,1,0
"Assets/Synty/PolygonFarm/Prefabs/Plants/SM_Prop_Cucumber_01_M.prefab","SM_Prop_Cucumber_01_M",Prop,Other,0.09,0.08,0.75,-0.07,0.00,-0.75,0.02,0.08,0.00,1,92,1,0
"Assets/Synty/PolygonFarm/Prefabs/Plants/SM_Prop_Cucumber_01_S.prefab","SM_Prop_Cucumber_01_S",Prop,Other,0.09,0.08,0.66,-0.07,0.00,-0.66,0.02,0.08,0.00,1,92,1,0
"Assets/Synty/PolygonFarm/Prefabs/Plants/SM_Prop_Eggplant_01.prefab","SM_Prop_Eggplant_01",Prop,Other,0.14,0.12,0.43,-0.08,0.00,-0.19,0.06,0.12,0.24,1,96,1,0
"Assets/Synty/PolygonFarm/Prefabs/Plants/SM_Prop_Eggplant_01_Group.prefab","SM_Prop_Eggplant_01_Group",Prop,Other,0.43,0.18,0.46,-0.21,-0.01,-0.23,0.21,0.18,0.23,1,288,1,0
"Assets/Synty/PolygonFarm/Prefabs/Plants/SM_Prop_Eggplant_01_L.prefab","SM_Prop_Eggplant_01_L",Prop,Other,0.14,0.60,0.12,-0.10,-0.59,-0.12,0.05,0.01,0.00,1,108,1,0
"Assets/Synty/PolygonFarm/Prefabs/Plants/SM_Prop_Eggplant_01_M.prefab","SM_Prop_Eggplant_01_M",Prop,Other,0.14,0.43,0.12,-0.09,-0.42,-0.11,0.05,0.01,0.01,1,88,1,0
"Assets/Synty/PolygonFarm/Prefabs/Plants/SM_Prop_Eggplant_01_S.prefab","SM_Prop_Eggplant_01_S",Prop,Other,0.13,0.26,0.12,-0.06,-0.25,-0.12,0.07,0.01,0.00,1,76,1,0
"Assets/Synty/PolygonFarm/Prefabs/Plants/SM_Prop_Hemp_01_L.prefab","SM_Prop_Hemp_01_L",Prop,Other,0.80,1.23,0.83,-0.40,0.00,-0.37,0.40,1.23,0.46,1,350,2,0
"Assets/Synty/PolygonFarm/Prefabs/Plants/SM_Prop_Hemp_01_M.prefab","SM_Prop_Hemp_01_M",Prop,Other,0.69,1.06,0.63,-0.34,0.00,-0.31,0.34,1.06,0.32,1,234,2,0
"Assets/Synty/PolygonFarm/Prefabs/Plants/SM_Prop_Hemp_01_S.prefab","SM_Prop_Hemp_01_S",Prop,Other,0.19,0.25,0.28,-0.09,0.00,-0.13,0.09,0.25,0.16,1,56,2,0
"Assets/Synty/PolygonFarm/Prefabs/Plants/SM_Prop_Lemon_01.prefab","SM_Prop_Lemon_01",Prop,Other,0.19,0.13,0.11,-0.10,0.00,-0.06,0.10,0.13,0.06,1,76,1,0
"Assets/Synty/PolygonFarm/Prefabs/Plants/SM_Prop_Lemon_01_Group.prefab","SM_Prop_Lemon_01_Group",Prop,Other,0.29,0.14,0.30,-0.14,-0.01,-0.15,0.14,0.13,0.15,1,228,1,0
"Assets/Synty/PolygonFarm/Prefabs/Plants/SM_Prop_Lettuce_01_L.prefab","SM_Prop_Lettuce_01_L",Prop,Other,0.30,0.22,0.28,-0.14,0.00,-0.12,0.16,0.22,0.16,1,164,1,0
"Assets/Synty/PolygonFarm/Prefabs/Plants/SM_Prop_Lettuce_01_M.prefab","SM_Prop_Lettuce_01_M",Prop,Other,0.20,0.13,0.21,-0.11,0.00,-0.09,0.09,0.13,0.12,1,80,1,0
"Assets/Synty/PolygonFarm/Prefabs/Plants/SM_Prop_Lettuce_01_S.prefab","SM_Prop_Lettuce_01_S",Prop,Other,0.15,0.10,0.16,-0.07,0.00,-0.07,0.08,0.10,0.09,1,38,1,0
"Assets/Synty/PolygonFarm/Prefabs/Plants/SM_Prop_Onion_01.prefab","SM_Prop_Onion_01",Prop,Other,0.15,0.18,0.15,-0.08,-0.01,-0.08,0.08,0.17,0.08,1,100,1,0
"Assets/Synty/PolygonFarm/Prefabs/Plants/SM_Prop_Onion_01_Group.prefab","SM_Prop_Onion_01_Group",Prop,Other,0.30,0.19,0.26,-0.15,-0.01,-0.13,0.15,0.17,0.13,1,300,1,0
"Assets/Synty/PolygonFarm/Prefabs/Plants/SM_Prop_Onion_01_L.prefab","SM_Prop_Onion_01_L",Prop,Other,0.20,0.53,0.18,-0.10,-0.09,-0.09,0.10,0.44,0.09,1,152,1,0
"Assets/Synty/PolygonFarm/Prefabs/Plants/SM_Prop_Onion_01_M.prefab","SM_Prop_Onion_01_M",Prop,Other,0.12,0.34,0.12,-0.05,-0.07,-0.05,0.07,0.27,0.06,1,146,1,0
"Assets/Synty/PolygonFarm/Prefabs/Plants/SM_Prop_Onion_01_S.prefab","SM_Prop_Onion_01_S",Prop,Other,0.08,0.19,0.08,-0.03,-0.04,-0.04,0.05,0.15,0.04,1,94,1,0
"Assets/Synty/PolygonFarm/Prefabs/Plants/SM_Prop_Orange_01.prefab","SM_Prop_Orange_01",Prop,Other,0.15,0.13,0.13,-0.07,0.01,-0.06,0.08,0.14,0.07,1,76,1,0
"Assets/Synty/PolygonFarm/Prefabs/Plants/SM_Prop_Orange_01_Group.prefab","SM_Prop_Orange_01_Group",Prop,Other,0.27,0.14,0.26,-0.14,0.00,-0.13,0.14,0.14,0.13,1,228,1,0
"Assets/Synty/PolygonFarm/Prefabs/Plants/SM_Prop_Peach_01.prefab","SM_Prop_Peach_01",Prop,Other,0.12,0.11,0.12,-0.06,0.00,-0.06,0.06,0.11,0.06,1,93,1,0
"Assets/Synty/PolygonFarm/Prefabs/Plants/SM_Prop_Peach_01_Group.prefab","SM_Prop_Peach_01_Group",Prop,Other,0.21,0.12,0.23,-0.11,0.00,-0.11,0.11,0.12,0.11,1,279,1,0
"Assets/Synty/PolygonFarm/Prefabs/Plants/SM_Prop_Pear_01.prefab","SM_Prop_Pear_01",Prop,Other,0.16,0.23,0.14,-0.08,0.00,-0.07,0.08,0.23,0.07,1,103,1,0
"Assets/Synty/PolygonFarm/Prefabs/Plants/SM_Prop_Pear_01_Group.prefab","SM_Prop_Pear_01_Group",Prop,Other,0.29,0.23,0.28,-0.15,-0.12,-0.14,0.14,0.12,0.14,1,309,1,0
"Assets/Synty/PolygonFarm/Prefabs/Plants/SM_Prop_Pepper_01.prefab","SM_Prop_Pepper_01",Prop,Other,0.13,0.18,0.13,-0.07,0.00,-0.07,0.07,0.18,0.07,1,185,1,0
"Assets/Synty/PolygonFarm/Prefabs/Plants/SM_Prop_Pepper_01_Group.prefab","SM_Prop_Pepper_01_Group",Prop,Other,0.32,0.20,0.26,-0.16,0.00,-0.13,0.16,0.20,0.13,1,555,1,0
"Assets/Synty/PolygonFarm/Prefabs/Plants/SM_Prop_Pepper_01_L.prefab","SM_Prop_Pepper_01_L",Prop,Other,0.13,0.21,0.14,-0.06,-0.20,-0.14,0.07,0.01,0.00,1,185,1,0
"Assets/Synty/PolygonFarm/Prefabs/Plants/SM_Prop_Pepper_01_M.prefab","SM_Prop_Pepper_01_M",Prop,Other,0.10,0.17,0.13,-0.05,-0.16,-0.12,0.06,0.01,0.00,1,185,1,0
"Assets/Synty/PolygonFarm/Prefabs/Plants/SM_Prop_Pepper_01_S.prefab","SM_Prop_Pepper_01_S",Prop,Other,0.07,0.12,0.11,-0.03,-0.11,-0.11,0.04,0.01,0.00,1,85,1,0
"Assets/Synty/PolygonFarm/Prefabs/Plants/SM_Prop_Plant_Bush_01_Bean.prefab","SM_Prop_Plant_Bush_01_Bean",Prop,Other,0.63,0.99,0.60,-0.30,-0.02,-0.27,0.33,0.96,0.33,1,806,2,0
"Assets/Synty/PolygonFarm/Prefabs/Plants/SM_Prop_Plant_Bush_01_L.prefab","SM_Prop_Plant_Bush_01_L",Prop,Other,0.63,0.99,0.60,-0.30,-0.02,-0.27,0.33,0.96,0.32,1,274,2,0
"Assets/Synty/PolygonFarm/Prefabs/Plants/SM_Prop_Plant_Bush_01_M.prefab","SM_Prop_Plant_Bush_01_M",Prop,Other,0.49,0.68,0.47,-0.23,-0.02,-0.21,0.26,0.66,0.25,1,230,2,0
"Assets/Synty/PolygonFarm/Prefabs/Plants/SM_Prop_Plant_Bush_01_Pepper.prefab","SM_Prop_Plant_Bush_01_Pepper",Prop,Other,0.63,0.99,0.60,-0.31,-0.02,-0.26,0.31,0.96,0.33,1,1014,2,0
"Assets/Synty/PolygonFarm/Prefabs/Plants/SM_Prop_Plant_Bush_01_S.prefab","SM_Prop_Plant_Bush_01_S",Prop,Other,0.27,0.31,0.28,-0.09,0.00,-0.12,0.18,0.30,0.16,1,154,2,0
"Assets/Synty/PolygonFarm/Prefabs/Plants/SM_Prop_Plant_Bush_02_L.prefab","SM_Prop_Plant_Bush_02_L",Prop,Other,0.63,0.99,0.60,-0.30,-0.02,-0.27,0.33,0.96,0.32,1,274,2,0
"Assets/Synty/PolygonFarm/Prefabs/Plants/SM_Prop_Plant_Bush_02_M.prefab","SM_Prop_Plant_Bush_02_M",Prop,Other,0.49,0.68,0.47,-0.23,-0.02,-0.21,0.26,0.66,0.25,1,230,2,0
"Assets/Synty/PolygonFarm/Prefabs/Plants/SM_Prop_Plant_Bush_02_S.prefab","SM_Prop_Plant_Bush_02_S",Prop,Other,0.27,0.31,0.28,-0.09,0.00,-0.12,0.18,0.30,0.16,1,154,2,0
"Assets/Synty/PolygonFarm/Prefabs/Plants/SM_Prop_Plant_Bush_02_Tomato.prefab","SM_Prop_Plant_Bush_02_Tomato",Prop,Other,0.63,0.99,0.60,-0.31,-0.02,-0.30,0.31,0.96,0.30,1,654,2,0
"Assets/Synty/PolygonFarm/Prefabs/Plants/SM_Prop_Plant_Bush_03_Chilli.prefab","SM_Prop_Plant_Bush_03_Chilli",Prop,Other,1.06,0.93,1.00,-0.53,-0.04,-0.50,0.53,0.89,0.50,1,767,2,0
"Assets/Synty/PolygonFarm/Prefabs/Plants/SM_Prop_Plant_Bush_03_L.prefab","SM_Prop_Plant_Bush_03_L",Prop,Other,1.06,0.93,1.00,-0.50,-0.04,-0.54,0.56,0.89,0.46,1,200,2,0
"Assets/Synty/PolygonFarm/Prefabs/Plants/SM_Prop_Plant_Bush_03_M.prefab","SM_Prop_Plant_Bush_03_M",Prop,Other,0.73,0.64,0.69,-0.35,-0.03,-0.37,0.38,0.61,0.32,1,152,2,0
"Assets/Synty/PolygonFarm/Prefabs/Plants/SM_Prop_Plant_Bush_03_S.prefab","SM_Prop_Plant_Bush_03_S",Prop,Other,0.42,0.35,0.29,-0.18,0.08,-0.10,0.24,0.44,0.19,1,94,2,0
"Assets/Synty/PolygonFarm/Prefabs/Plants/SM_Prop_Plant_Corn_01.prefab","SM_Prop_Plant_Corn_01",Prop,Other,0.82,2.19,0.86,-0.41,-0.11,-0.43,0.41,2.08,0.43,1,726,1,0
"Assets/Synty/PolygonFarm/Prefabs/Plants/SM_Prop_Plant_Corn_01_L.prefab","SM_Prop_Plant_Corn_01_L",Prop,Other,0.82,2.19,0.86,-0.41,-0.10,-0.43,0.41,2.09,0.43,1,510,1,0
"Assets/Synty/PolygonFarm/Prefabs/Plants/SM_Prop_Plant_Corn_01_M.prefab","SM_Prop_Plant_Corn_01_M",Prop,Other,0.73,1.79,0.77,-0.38,-0.10,-0.37,0.35,1.70,0.39,1,404,1,0
"Assets/Synty/PolygonFarm/Prefabs/Plants/SM_Prop_Plant_Corn_01_S.prefab","SM_Prop_Plant_Corn_01_S",Prop,Other,0.51,0.98,0.59,-0.29,-0.10,-0.30,0.22,0.88,0.30,1,180,1,0
"Assets/Synty/PolygonFarm/Prefabs/Plants/SM_Prop_Plant_Ground_01_L.prefab","SM_Prop_Plant_Ground_01_L",Prop,Other,1.30,0.46,1.09,-0.80,0.00,-0.43,0.50,0.46,0.66,1,244,1,0
"Assets/Synty/PolygonFarm/Prefabs/Plants/SM_Prop_Plant_Ground_01_L2.prefab","SM_Prop_Plant_Ground_01_L2",Prop,Other,1.89,0.37,1.43,-1.21,-0.01,-0.64,0.68,0.36,0.79,1,333,1,0
"Assets/Synty/PolygonFarm/Prefabs/Plants/SM_Prop_Plant_Ground_01_M.prefab","SM_Prop_Plant_Ground_01_M",Prop,Other,0.67,0.23,0.55,-0.35,-0.14,-0.17,0.32,0.09,0.39,1,96,1,0
"Assets/Synty/PolygonFarm/Prefabs/Plants/SM_Prop_Plant_Ground_01_S.prefab","SM_Prop_Plant_Ground_01_S",Prop,Other,0.32,0.14,0.21,-0.21,-0.11,0.03,0.11,0.03,0.25,1,60,1,0
"Assets/Synty/PolygonFarm/Prefabs/Plants/SM_Prop_Plant_Ground_02_L.prefab","SM_Prop_Plant_Ground_02_L",Prop,Other,1.28,0.21,0.94,-0.64,-0.01,-0.43,0.64,0.21,0.51,1,190,1,0
"Assets/Synty/PolygonFarm/Prefabs/Plants/SM_Prop_Plant_Ground_02_L2.prefab","SM_Prop_Plant_Ground_02_L2",Prop,Other,1.45,0.29,1.74,-0.73,0.00,-0.87,0.73,0.29,0.87,1,427,1,0
"Assets/Synty/PolygonFarm/Prefabs/Plants/SM_Prop_Plant_Ground_02_M.prefab","SM_Prop_Plant_Ground_02_M",Prop,Other,0.82,0.16,0.54,-0.52,0.00,-0.24,0.30,0.15,0.30,1,136,1,0
"Assets/Synty/PolygonFarm/Prefabs/Plants/SM_Prop_Plant_Ground_02_S.prefab","SM_Prop_Plant_Ground_02_S",Prop,Other,0.33,0.10,0.30,-0.18,0.00,-0.06,0.16,0.10,0.23,1,76,1,0
"Assets/Synty/PolygonFarm/Prefabs/Plants/SM_Prop_Plant_Ground_03_L.prefab","SM_Prop_Plant_Ground_03_L",Prop,Other,1.06,0.41,0.91,-0.44,0.00,-0.46,0.62,0.41,0.46,1,190,1,0
"Assets/Synty/PolygonFarm/Prefabs/Plants/SM_Prop_Plant_Ground_03_L2.prefab","SM_Prop_Plant_Ground_03_L2",Prop,Other,1.60,0.41,1.39,-0.46,-0.01,-0.83,1.14,0.40,0.56,1,311,1,0
"Assets/Synty/PolygonFarm/Prefabs/Plants/SM_Prop_Plant_Ground_03_M.prefab","SM_Prop_Plant_Ground_03_M",Prop,Other,0.62,0.20,0.52,-0.31,0.00,-0.26,0.31,0.20,0.26,1,96,1,0
"Assets/Synty/PolygonFarm/Prefabs/Plants/SM_Prop_Plant_Ground_03_S.prefab","SM_Prop_Plant_Ground_03_S",Prop,Other,0.24,0.14,0.29,-0.11,-0.11,-0.04,0.13,0.03,0.25,1,62,1,0
"Assets/Synty/PolygonFarm/Prefabs/Plants/SM_Prop_Plant_Potato_01_L.prefab","SM_Prop_Plant_Potato_01_L",Prop,Other,1.18,1.01,1.13,-0.56,-0.03,-0.57,0.61,0.98,0.56,1,396,2,0
"Assets/Synty/PolygonFarm/Prefabs/Plants/SM_Prop_Plant_Potato_01_M.prefab","SM_Prop_Plant_Potato_01_M",Prop,Other,0.92,0.71,0.50,-0.48,-0.03,-0.23,0.45,0.67,0.26,1,228,2,0
"Assets/Synty/PolygonFarm/Prefabs/Plants/SM_Prop_Plant_Potato_01_S.prefab","SM_Prop_Plant_Potato_01_S",Prop,Other,0.19,0.37,0.26,-0.09,-0.06,-0.13,0.09,0.31,0.13,1,71,2,0
"Assets/Synty/PolygonFarm/Prefabs/Plants/SM_Prop_Plant_Strawberry_01.prefab","SM_Prop_Plant_Strawberry_01",Prop,Other,0.69,0.16,0.69,-0.34,0.04,-0.34,0.34,0.20,0.34,1,580,2,0
"Assets/Synty/PolygonFarm/Prefabs/Plants/SM_Prop_Plant_Wheat_01.prefab","SM_Prop_Plant_Wheat_01",Prop,Other,0.19,0.85,0.18,-0.10,-0.12,-0.06,0.09,0.73,0.12,1,132,1,0
"Assets/Synty/PolygonFarm/Prefabs/Plants/SM_Prop_Plant_Wheat_02.prefab","SM_Prop_Plant_Wheat_02",Prop,Other,0.47,1.14,0.40,-0.23,-0.12,-0.20,0.23,1.02,0.20,1,382,1,0
"Assets/Synty/PolygonFarm/Prefabs/Plants/SM_Prop_Plant_Wheat_03.prefab","SM_Prop_Plant_Wheat_03",Prop,Other,0.75,1.19,0.73,-0.37,-0.12,-0.37,0.37,1.07,0.37,1,1154,1,0
"Assets/Synty/PolygonFarm/Prefabs/Plants/SM_Prop_Plant_Wheat_04.prefab","SM_Prop_Plant_Wheat_04",Prop,Other,1.74,1.19,1.44,-0.88,-0.12,-0.74,0.86,1.07,0.70,1,3198,1,0
"Assets/Synty/PolygonFarm/Prefabs/Plants/SM_Prop_Plant_Wheat_Cut_01.prefab","SM_Prop_Plant_Wheat_Cut_01",Prop,Other,0.66,0.37,0.60,-0.31,-0.12,-0.29,0.35,0.25,0.32,1,256,1,0
"Assets/Synty/PolygonFarm/Prefabs/Plants/SM_Prop_Plant_Wheat_Cut_02.prefab","SM_Prop_Plant_Wheat_Cut_02",Prop,Other,1.66,0.35,1.37,-0.85,-0.12,-0.70,0.81,0.23,0.67,1,704,1,0
"Assets/Synty/PolygonFarm/Prefabs/Plants/SM_Prop_Plant_Wheat_Optimised_01.prefab","SM_Prop_Plant_Wheat_Optimised_01",Prop,Other,0.19,0.62,0.18,-0.10,-0.12,-0.06,0.09,0.50,0.12,1,39,1,0
"Assets/Synty/PolygonFarm/Prefabs/Plants/SM_Prop_Plant_Wheat_Optimised_02.prefab","SM_Prop_Plant_Wheat_Optimised_02",Prop,Other,0.47,0.94,0.40,-0.23,-0.12,-0.20,0.23,0.83,0.20,1,105,1,0
"Assets/Synty/PolygonFarm/Prefabs/Plants/SM_Prop_Plant_Wheat_Optimised_03.prefab","SM_Prop_Plant_Wheat_Optimised_03",Prop,Other,0.75,0.94,0.73,-0.37,-0.12,-0.37,0.37,0.83,0.37,1,321,1,0
"Assets/Synty/PolygonFarm/Prefabs/Plants/SM_Prop_Plant_Wheat_Optimised_04.prefab","SM_Prop_Plant_Wheat_Optimised_04",Prop,Other,1.74,0.94,1.44,-0.88,-0.12,-0.74,0.86,0.83,0.70,1,885,1,0
"Assets/Synty/PolygonFarm/Prefabs/Plants/SM_Prop_Plum_01.prefab","SM_Prop_Plum_01",Prop,Other,0.11,0.12,0.12,-0.05,0.00,-0.06,0.05,0.12,0.06,1,99,1,0
"Assets/Synty/PolygonFarm/Prefabs/Plants/SM_Prop_Plum_01_Group.prefab","SM_Prop_Plum_01_Group",Prop,Other,0.21,0.12,0.21,-0.10,0.00,-0.11,0.10,0.12,0.11,1,297,1,0
"Assets/Synty/PolygonFarm/Prefabs/Plants/SM_Prop_Potato_01.prefab","SM_Prop_Potato_01",Prop,Other,0.11,0.08,0.16,-0.06,0.00,-0.08,0.06,0.08,0.08,1,76,1,0
"Assets/Synty/PolygonFarm/Prefabs/Plants/SM_Prop_Potato_01_Group.prefab","SM_Prop_Potato_01_Group",Prop,Other,0.37,0.13,0.30,-0.18,0.00,-0.15,0.18,0.13,0.15,1,368,1,0
"Assets/Synty/PolygonFarm/Prefabs/Plants/SM_Prop_Potato_02.prefab","SM_Prop_Potato_02",Prop,Other,0.11,0.08,0.15,-0.06,0.00,-0.07,0.06,0.08,0.07,1,70,1,0
"Assets/Synty/PolygonFarm/Prefabs/Plants/SM_Prop_Pumpkin_01.prefab","SM_Prop_Pumpkin_01",Prop,Other,0.54,0.43,0.55,-0.27,-0.01,-0.27,0.27,0.42,0.27,1,280,1,0
"Assets/Synty/PolygonFarm/Prefabs/Plants/SM_Prop_Pumpkin_01_L.prefab","SM_Prop_Pumpkin_01_L",Prop,Other,0.54,0.53,0.80,-0.26,-0.03,-0.80,0.28,0.51,0.00,1,335,1,0
"Assets/Synty/PolygonFarm/Prefabs/Plants/SM_Prop_Pumpkin_01_M.prefab","SM_Prop_Pumpkin_01_M",Prop,Other,0.34,0.35,0.65,-0.19,-0.02,-0.65,0.16,0.34,0.00,1,325,1,0
"Assets/Synty/PolygonFarm/Prefabs/Plants/SM_Prop_Pumpkin_01_S.prefab","SM_Prop_Pumpkin_01_S",Prop,Other,0.13,0.17,0.40,-0.08,-0.02,-0.40,0.05,0.15,0.00,1,145,1,0
"Assets/Synty/PolygonFarm/Prefabs/Plants/SM_Prop_Pumpkin_Italian_01.prefab","SM_Prop_Pumpkin_Italian_01",Prop,Other,0.32,0.32,0.30,-0.16,0.02,-0.15,0.16,0.34,0.15,1,278,1,0
"Assets/Synty/PolygonFarm/Prefabs/Plants/SM_Prop_Pumpkin_Italian_01_L.prefab","SM_Prop_Pumpkin_Italian_01_L",Prop,Other,0.42,0.31,0.44,0.00,-0.01,-0.44,0.42,0.30,0.00,1,318,1,0
"Assets/Synty/PolygonFarm/Prefabs/Plants/SM_Prop_Pumpkin_Italian_01_M.prefab","SM_Prop_Pumpkin_Italian_01_M",Prop,Other,0.34,0.20,0.37,0.00,0.00,-0.37,0.34,0.20,0.00,1,305,1,0
"Assets/Synty/PolygonFarm/Prefabs/Plants/SM_Prop_Pumpkin_Italian_01_S.prefab","SM_Prop_Pumpkin_Italian_01_S",Prop,Other,0.30,0.16,0.34,0.00,0.00,-0.34,0.30,0.16,0.00,1,145,1,0
"Assets/Synty/PolygonFarm/Prefabs/Plants/SM_Prop_Pumpkin_White_01.prefab","SM_Prop_Pumpkin_White_01",Prop,Other,0.39,0.28,0.39,-0.20,-0.01,-0.20,0.20,0.27,0.20,1,290,1,0
"Assets/Synty/PolygonFarm/Prefabs/Plants/SM_Prop_Pumpkin_White_01_L.prefab","SM_Prop_Pumpkin_White_01_L",Prop,Other,0.39,0.34,0.67,-0.03,-0.02,-0.67,0.36,0.32,0.00,1,330,1,0
"Assets/Synty/PolygonFarm/Prefabs/Plants/SM_Prop_Pumpkin_White_01_M.prefab","SM_Prop_Pumpkin_White_01_M",Prop,Other,0.30,0.29,0.60,0.00,-0.02,-0.60,0.30,0.27,0.00,1,265,1,0
"Assets/Synty/PolygonFarm/Prefabs/Plants/SM_Prop_Pumpkin_White_01_S.prefab","SM_Prop_Pumpkin_White_01_S",Prop,Other,0.23,0.18,0.54,0.00,-0.02,-0.54,0.23,0.16,0.00,1,155,1,0
"Assets/Synty/PolygonFarm/Prefabs/Plants/SM_Prop_Squash_Butternut_01.prefab","SM_Prop_Squash_Butternut_01",Prop,Other,0.29,0.53,0.29,-0.15,0.00,-0.15,0.15,0.53,0.15,1,164,1,0
"Assets/Synty/PolygonFarm/Prefabs/Plants/SM_Prop_Squash_Butternut_01_L.prefab","SM_Prop_Squash_Butternut_01_L",Prop,Other,0.46,0.28,0.81,-0.46,-0.01,-0.81,0.00,0.27,0.00,1,194,1,0
"Assets/Synty/PolygonFarm/Prefabs/Plants/SM_Prop_Squash_Butternut_01_M.prefab","SM_Prop_Squash_Butternut_01_M",Prop,Other,0.34,0.19,0.50,-0.34,-0.02,-0.50,0.00,0.17,0.00,1,184,1,0
"Assets/Synty/PolygonFarm/Prefabs/Plants/SM_Prop_Squash_Butternut_01_S.prefab","SM_Prop_Squash_Butternut_01_S",Prop,Other,0.26,0.11,0.25,-0.26,-0.03,-0.25,0.00,0.08,0.00,1,125,1,0
"Assets/Synty/PolygonFarm/Prefabs/Plants/SM_Prop_Squash_Delicata_01.prefab","SM_Prop_Squash_Delicata_01",Prop,Other,0.19,0.19,0.55,-0.09,-0.10,-0.28,0.09,0.09,0.27,1,278,1,0
"Assets/Synty/PolygonFarm/Prefabs/Plants/SM_Prop_Squash_Delicata_01_L.prefab","SM_Prop_Squash_Delicata_01_L",Prop,Other,0.24,0.19,0.78,-0.06,-0.01,0.00,0.18,0.18,0.78,1,298,1,0
"Assets/Synty/PolygonFarm/Prefabs/Plants/SM_Prop_Squash_Delicata_01_M.prefab","SM_Prop_Squash_Delicata_01_M",Prop,Other,0.22,0.17,0.62,-0.09,0.00,0.00,0.13,0.17,0.62,1,298,1,0
"Assets/Synty/PolygonFarm/Prefabs/Plants/SM_Prop_Squash_Delicata_01_S.prefab","SM_Prop_Squash_Delicata_01_S",Prop,Other,0.09,0.13,0.36,-0.08,0.00,0.00,0.02,0.13,0.36,1,112,1,0
"Assets/Synty/PolygonFarm/Prefabs/Plants/SM_Prop_Strawberry_01.prefab","SM_Prop_Strawberry_01",Prop,Other,0.08,0.10,0.09,-0.04,-0.04,-0.04,0.04,0.06,0.04,1,80,1,0
"Assets/Synty/PolygonFarm/Prefabs/Plants/SM_Prop_Strawberry_01_Group.prefab","SM_Prop_Strawberry_01_Group",Prop,Other,0.29,0.13,0.29,-0.14,0.00,-0.14,0.14,0.13,0.14,1,720,1,0
"Assets/Synty/PolygonFarm/Prefabs/Plants/SM_Prop_Strawberry_01_L.prefab","SM_Prop_Strawberry_01_L",Prop,Other,0.07,0.10,0.08,-0.04,-0.10,-0.04,0.04,0.00,0.04,1,80,1,0
"Assets/Synty/PolygonFarm/Prefabs/Plants/SM_Prop_Strawberry_01_M.prefab","SM_Prop_Strawberry_01_M",Prop,Other,0.06,0.07,0.06,-0.03,-0.07,-0.03,0.03,0.00,0.03,1,80,1,0
"Assets/Synty/PolygonFarm/Prefabs/Plants/SM_Prop_Strawberry_01_S.prefab","SM_Prop_Strawberry_01_S",Prop,Other,0.03,0.04,0.04,-0.02,-0.03,-0.02,0.02,0.00,0.02,1,38,1,0
"Assets/Synty/PolygonFarm/Prefabs/Plants/SM_Prop_Sunflower_01.prefab","SM_Prop_Sunflower_01",Prop,Other,0.40,1.29,0.34,-0.20,0.00,-0.17,0.20,1.29,0.17,1,398,1,0
"Assets/Synty/PolygonFarm/Prefabs/Plants/SM_Prop_Sunflower_02.prefab","SM_Prop_Sunflower_02",Prop,Other,0.37,1.10,0.35,-0.17,0.00,-0.19,0.19,1.10,0.16,1,322,1,0
"Assets/Synty/PolygonFarm/Prefabs/Plants/SM_Prop_Tomato_01.prefab","SM_Prop_Tomato_01",Prop,Other,0.14,0.13,0.12,-0.07,-0.01,-0.06,0.07,0.13,0.06,1,88,1,0
"Assets/Synty/PolygonFarm/Prefabs/Plants/SM_Prop_Tomato_01_Group.prefab","SM_Prop_Tomato_01_Group",Prop,Other,0.26,0.13,0.23,-0.13,0.00,-0.11,0.13,0.13,0.11,1,264,1,0
"Assets/Synty/PolygonFarm/Prefabs/Plants/SM_Prop_Tomato_01_L.prefab","SM_Prop_Tomato_01_L",Prop,Other,0.12,0.21,0.14,-0.07,-0.20,-0.08,0.06,0.01,0.06,1,76,1,0
"Assets/Synty/PolygonFarm/Prefabs/Plants/SM_Prop_Tomato_01_M.prefab","SM_Prop_Tomato_01_M",Prop,Other,0.09,0.18,0.10,-0.05,-0.17,-0.06,0.04,0.01,0.04,1,76,1,0
"Assets/Synty/PolygonFarm/Prefabs/Plants/SM_Prop_Tomato_01_S.prefab","SM_Prop_Tomato_01_S",Prop,Other,0.05,0.15,0.05,-0.03,-0.14,-0.03,0.02,0.01,0.02,1,76,1,0
"Assets/Synty/PolygonFarm/Prefabs/Plants/SM_Prop_Watermelon_01.prefab","SM_Prop_Watermelon_01",Prop,Other,0.36,0.36,0.51,-0.18,-0.18,-0.26,0.18,0.18,0.26,1,64,1,0
"Assets/Synty/PolygonFarm/Prefabs/Plants/SM_Prop_Watermelon_01_L.prefab","SM_Prop_Watermelon_01_L",Prop,Other,0.36,0.37,0.76,-0.15,-0.01,-0.76,0.21,0.36,0.00,1,129,1,0
"Assets/Synty/PolygonFarm/Prefabs/Plants/SM_Prop_Watermelon_01_M.prefab","SM_Prop_Watermelon_01_M",Prop,Other,0.21,0.24,0.55,-0.09,-0.01,-0.55,0.12,0.23,0.00,1,129,1,0
"Assets/Synty/PolygonFarm/Prefabs/Plants/SM_Prop_Watermelon_01_S.prefab","SM_Prop_Watermelon_01_S",Prop,Other,0.13,0.19,0.42,-0.04,-0.01,-0.42,0.08,0.18,0.00,1,129,1,0
"Assets/Synty/PolygonFarm/Prefabs/Props/SM_Prop_Anvil_01.prefab","SM_Prop_Anvil_01",Prop,Other,1.00,0.59,0.32,-0.50,0.00,-0.16,0.50,0.59,0.16,1,184,1,0
"Assets/Synty/PolygonFarm/Prefabs/Props/SM_Prop_Barrel_01.prefab","SM_Prop_Barrel_01",Prop,Other,0.91,1.16,0.91,-0.45,0.00,-0.45,0.45,1.16,0.45,1,456,1,0
"Assets/Synty/PolygonFarm/Prefabs/Props/SM_Prop_Barrel_02.prefab","SM_Prop_Barrel_02",Prop,Other,0.92,1.16,0.92,-0.46,0.03,-0.46,0.46,1.19,0.46,1,640,1,0
"Assets/Synty/PolygonFarm/Prefabs/Props/SM_Prop_Barrel_Half_01.prefab","SM_Prop_Barrel_Half_01",Prop,Other,0.91,0.57,0.91,-0.45,0.00,-0.45,0.45,0.57,0.45,1,348,1,0
"Assets/Synty/PolygonFarm/Prefabs/Props/SM_Prop_Bed_01.prefab","SM_Prop_Bed_01",Prop,Other,2.08,1.52,2.67,-1.04,0.00,-1.34,1.04,1.52,1.34,1,680,1,0
"Assets/Synty/PolygonFarm/Prefabs/Props/SM_Prop_Beehive_01.prefab","SM_Prop_Beehive_01",Prop,Other,0.78,1.21,0.80,-0.39,0.00,-0.40,0.39,1.21,0.40,1,294,1,0
"Assets/Synty/PolygonFarm/Prefabs/Props/SM_Prop_Beehive_02.prefab","SM_Prop_Beehive_02",Prop,Other,0.77,1.44,0.72,-0.39,0.00,-0.36,0.39,1.44,0.36,1,303,1,0
"Assets/Synty/PolygonFarm/Prefabs/Props/SM_Prop_Beehive_03.prefab","SM_Prop_Beehive_03",Prop,Other,0.78,1.21,0.76,-0.39,0.00,-0.38,0.39,1.21,0.38,1,270,1,0
"Assets/Synty/PolygonFarm/Prefabs/Props/SM_Prop_Beehive_04.prefab","SM_Prop_Beehive_04",Prop,Other,0.79,1.24,0.76,-0.39,0.00,-0.38,0.39,1.24,0.38,1,286,1,0
"Assets/Synty/PolygonFarm/Prefabs/Props/SM_Prop_Beehive_05.prefab","SM_Prop_Beehive_05",Prop,Other,0.77,1.21,0.74,-0.38,0.00,-0.37,0.38,1.21,0.37,1,270,1,0
"Assets/Synty/PolygonFarm/Prefabs/Props/SM_Prop_Beehive_06.prefab","SM_Prop_Beehive_06",Prop,Other,0.78,0.97,0.77,-0.39,0.00,-0.39,0.39,0.97,0.39,1,236,1,0
"Assets/Synty/PolygonFarm/Prefabs/Props/SM_Prop_Bench_01.prefab","SM_Prop_Bench_01",Prop,Other,1.64,0.47,0.47,-0.82,0.00,-0.24,0.82,0.47,0.24,1,150,1,0
"Assets/Synty/PolygonFarm/Prefabs/Props/SM_Prop_Can_01.prefab","SM_Prop_Can_01",Prop,Other,0.11,0.19,0.11,-0.05,0.00,-0.05,0.05,0.19,0.05,1,212,1,0
"Assets/Synty/PolygonFarm/Prefabs/Props/SM_Prop_Can_02.prefab","SM_Prop_Can_02",Prop,Other,0.17,0.11,0.19,-0.10,0.00,-0.10,0.08,0.11,0.09,1,252,1,0
"Assets/Synty/PolygonFarm/Prefabs/Props/SM_Prop_ChainSaw_01.prefab","SM_Prop_ChainSaw_01",Prop,Other,0.35,0.31,1.09,-0.21,-0.10,-0.32,0.14,0.21,0.77,1,1213,1,0
"Assets/Synty/PolygonFarm/Prefabs/Props/SM_Prop_Chair_01.prefab","SM_Prop_Chair_01",Prop,Other,0.59,1.21,0.53,-0.29,0.00,-0.27,0.29,1.21,0.27,1,256,1,0
"Assets/Synty/PolygonFarm/Prefabs/Props/SM_Prop_Chair_Rocking_01.prefab","SM_Prop_Chair_Rocking_01",Prop,Other,0.74,1.32,0.85,-0.37,-0.01,-0.45,0.37,1.31,0.40,1,496,1,0
"Assets/Synty/PolygonFarm/Prefabs/Props/SM_Prop_Chicken_Coop_01.prefab","SM_Prop_Chicken_Coop_01",Prop,Other,2.23,2.48,3.90,-1.12,-0.19,-1.95,1.12,2.30,1.95,1,1005,1,0
"Assets/Synty/PolygonFarm/Prefabs/Props/SM_Prop_Chicken_Coop_Cage_01.prefab","SM_Prop_Chicken_Coop_Cage_01",Prop,Other,1.68,1.51,3.37,-0.84,0.00,-1.69,0.84,1.51,1.69,2,430,2,0
"Assets/Synty/PolygonFarm/Prefabs/Props/SM_Prop_ClothesLine_01.prefab","SM_Prop_ClothesLine_01",Prop,Other,1.07,2.27,5.49,-0.54,0.00,-2.74,0.54,2.27,2.74,1,1578,1,0
"Assets/Synty/PolygonFarm/Prefabs/Props/SM_Prop_ClothesLine_02.prefab","SM_Prop_ClothesLine_02",Prop,Other,1.07,2.27,5.49,-0.54,0.00,-2.74,0.54,2.27,2.74,1,1734,1,0
"Assets/Synty/PolygonFarm/Prefabs/Props/SM_Prop_ClothesLine_03.prefab","SM_Prop_ClothesLine_03",Prop,Other,1.07,2.27,5.49,-0.54,0.00,-2.74,0.54,2.27,2.74,1,280,1,0
"Assets/Synty/PolygonFarm/Prefabs/Props/SM_Prop_Crate_01.prefab","SM_Prop_Crate_01",Prop,Other,0.83,0.87,0.81,-0.41,0.00,-0.41,0.41,0.87,0.41,1,220,1,0
"Assets/Synty/PolygonFarm/Prefabs/Props/SM_Prop_Fence_Fancy_01.prefab","SM_Prop_Fence_Fancy_01",Prop,Railing,2.50,1.13,0.05,-2.50,0.05,0.08,0.00,1.19,0.13,1,104,1,0
"Assets/Synty/PolygonFarm/Prefabs/Props/SM_Prop_Fence_Fancy_02.prefab","SM_Prop_Fence_Fancy_02",Prop,Railing,2.50,1.12,0.05,-2.50,0.06,0.08,0.00,1.19,0.13,1,48,1,0
"Assets/Synty/PolygonFarm/Prefabs/Props/SM_Prop_Fence_Fancy_03.prefab","SM_Prop_Fence_Fancy_03",Prop,Railing,2.50,1.16,0.10,-2.50,0.05,0.03,0.00,1.21,0.13,1,132,1,0
"Assets/Synty/PolygonFarm/Prefabs/Props/SM_Prop_Fence_Fancy_Gate_01.prefab","SM_Prop_Fence_Fancy_Gate_01",Prop,Railing,5.00,1.89,0.21,-5.00,-0.34,-0.08,0.00,1.55,0.13,3,692,1,0
"Assets/Synty/PolygonFarm/Prefabs/Props/SM_Prop_Fence_Fancy_Gate_02.prefab","SM_Prop_Fence_Fancy_Gate_02",Prop,Railing,2.50,1.66,0.21,-2.50,-0.34,-0.08,0.00,1.33,0.13,2,276,1,0
"Assets/Synty/PolygonFarm/Prefabs/Props/SM_Prop_Fence_Fancy_Pole_01.prefab","SM_Prop_Fence_Fancy_Pole_01",Prop,Railing,0.17,1.70,0.17,-0.08,-0.34,-0.08,0.08,1.36,0.08,1,66,1,0
"Assets/Synty/PolygonFarm/Prefabs/Props/SM_Prop_Fence_Fancy_Pole_02.prefab","SM_Prop_Fence_Fancy_Pole_02",Prop,Railing,0.17,1.70,0.17,-0.08,-0.34,-0.08,0.08,1.36,0.08,1,28,1,0
"Assets/Synty/PolygonFarm/Prefabs/Props/SM_Prop_Fence_Fancy_Pole_03.prefab","SM_Prop_Fence_Fancy_Pole_03",Prop,Railing,0.17,1.66,0.17,-0.08,-0.34,-0.08,0.08,1.33,0.08,1,12,1,0
"Assets/Synty/PolygonFarm/Prefabs/Props/SM_Prop_Fence_Fancy_Pole_Spike_01.prefab","SM_Prop_Fence_Fancy_Pole_Spike_01",Prop,Railing,0.17,1.89,0.17,-0.08,-0.34,-0.08,0.08,1.55,0.08,1,92,1,0
"Assets/Synty/PolygonFarm/Prefabs/Props/SM_Prop_Fence_Fancy_Pole_Spike_02.prefab","SM_Prop_Fence_Fancy_Pole_Spike_02",Prop,Railing,0.17,1.89,0.17,-0.08,-0.34,-0.08,0.08,1.55,0.08,1,78,1,0
"Assets/Synty/PolygonFarm/Prefabs/Props/SM_Prop_Fence_Painted_01.prefab","SM_Prop_Fence_Painted_01",Prop,Railing,2.50,1.08,0.05,-2.50,-0.54,-0.02,0.00,0.54,0.02,1,104,1,0
"Assets/Synty/PolygonFarm/Prefabs/Props/SM_Prop_Fence_Painted_02.prefab","SM_Prop_Fence_Painted_02",Prop,Railing,2.50,1.08,0.05,-2.50,-0.54,-0.02,0.00,0.54,0.02,1,104,1,0
"Assets/Synty/PolygonFarm/Prefabs/Props/SM_Prop_Fence_Painted_Pole_01.prefab","SM_Prop_Fence_Painted_Pole_01",Prop,Railing,0.17,1.66,0.17,-0.08,-0.34,-0.08,0.08,1.33,0.08,1,60,1,0
"Assets/Synty/PolygonFarm/Prefabs/Props/SM_Prop_Fence_Painted_Pole_02.prefab","SM_Prop_Fence_Painted_Pole_02",Prop,Railing,0.17,1.66,0.17,-0.08,-0.34,-0.08,0.08,1.33,0.08,1,60,1,0
"Assets/Synty/PolygonFarm/Prefabs/Props/SM_Prop_Fence_Wire_01.prefab","SM_Prop_Fence_Wire_01",Prop,Railing,5.00,1.22,0.12,-5.00,0.03,-0.02,0.00,1.24,0.11,1,168,1,0
"Assets/Synty/PolygonFarm/Prefabs/Props/SM_Prop_Fence_Wire_02.prefab","SM_Prop_Fence_Wire_02",Prop,Railing,5.00,1.22,0.17,-5.00,0.02,-0.04,0.00,1.25,0.13,1,168,1,0
"Assets/Synty/PolygonFarm/Prefabs/Props/SM_Prop_Fence_Wire_03.prefab","SM_Prop_Fence_Wire_03",Prop,Railing,5.00,0.99,0.02,-5.00,0.18,-0.01,0.00,1.17,0.01,1,120,1,0
"Assets/Synty/PolygonFarm/Prefabs/Props/SM_Prop_Fence_Wire_04.prefab","SM_Prop_Fence_Wire_04",Prop,Railing,2.55,0.99,0.02,-2.55,0.18,-0.01,0.00,1.17,0.01,1,120,1,0
"Assets/Synty/PolygonFarm/Prefabs/Props/SM_Prop_Fence_Wire_Gate_01.prefab","SM_Prop_Fence_Wire_Gate_01",Prop,Railing,3.56,1.17,0.08,-3.51,0.08,-0.04,0.05,1.24,0.04,1,528,1,0
"Assets/Synty/PolygonFarm/Prefabs/Props/SM_Prop_Fence_Wire_Pole_01.prefab","SM_Prop_Fence_Wire_Pole_01",Prop,Railing,0.29,1.70,0.29,-0.15,-0.34,-0.15,0.15,1.36,0.15,1,216,1,0
"Assets/Synty/PolygonFarm/Prefabs/Props/SM_Prop_Fence_Wood_01.prefab","SM_Prop_Fence_Wood_01",Prop,Railing,2.50,1.08,0.05,-2.50,0.12,-0.02,0.00,1.20,0.02,1,104,1,0
"Assets/Synty/PolygonFarm/Prefabs/Props/SM_Prop_Fence_Wood_02.prefab","SM_Prop_Fence_Wood_02",Prop,Railing,2.50,1.04,0.05,-2.50,0.16,-0.02,0.00,1.20,0.02,1,76,1,0
"Assets/Synty/PolygonFarm/Prefabs/Props/SM_Prop_Fence_Wood_03.prefab","SM_Prop_Fence_Wood_03",Prop,Railing,2.50,1.04,0.05,-2.50,0.16,-0.02,0.00,1.20,0.02,1,36,1,0
"Assets/Synty/PolygonFarm/Prefabs/Props/SM_Prop_Fence_Wood_Gate_01.prefab","SM_Prop_Fence_Wood_Gate_01",Prop,Railing,5.11,1.66,0.17,-5.05,-0.34,-0.08,0.05,1.33,0.08,2,546,1,0
"Assets/Synty/PolygonFarm/Prefabs/Props/SM_Prop_Fence_Wood_Pole_01.prefab","SM_Prop_Fence_Wood_Pole_01",Prop,Railing,0.17,1.66,0.17,-0.08,-0.34,-0.08,0.08,1.33,0.08,1,60,1,0
"Assets/Synty/PolygonFarm/Prefabs/Props/SM_Prop_Fence_Wood_Pole_02.prefab","SM_Prop_Fence_Wood_Pole_02",Prop,Railing,0.17,1.66,0.17,-0.08,-0.34,-0.08,0.08,1.33,0.08,1,12,1,0
"Assets/Synty/PolygonFarm/Prefabs/Props/SM_Prop_Fence_Wood_Pole_Inset_01.prefab","SM_Prop_Fence_Wood_Pole_Inset_01",Prop,Railing,0.18,1.68,0.20,-0.09,-0.34,-0.10,0.09,1.34,0.10,1,116,1,0
"Assets/Synty/PolygonFarm/Prefabs/Props/SM_Prop_Fence_Wood_Round_01.prefab","SM_Prop_Fence_Wood_Round_01",Prop,Railing,2.60,0.96,0.16,-2.56,0.30,0.04,0.04,1.26,0.20,1,156,1,0
"Assets/Synty/PolygonFarm/Prefabs/Props/SM_Prop_Fence_Wood_Round_02.prefab","SM_Prop_Fence_Wood_Round_02",Prop,Railing,2.61,0.97,0.21,-2.57,0.12,0.02,0.04,1.08,0.23,1,156,1,0
"Assets/Synty/PolygonFarm/Prefabs/Props/SM_Prop_Fence_Wood_Round_Inset_01.prefab","SM_Prop_Fence_Wood_Round_Inset_01",Prop,Railing,2.37,0.74,0.18,-2.44,0.37,-0.09,-0.06,1.10,0.09,1,84,1,0
"Assets/Synty/PolygonFarm/Prefabs/Props/SM_Prop_Fence_Wood_Round_Pole_01.prefab","SM_Prop_Fence_Wood_Round_Pole_01",Prop,Railing,0.20,1.62,0.20,-0.10,-0.33,-0.10,0.10,1.29,0.10,1,88,1,0
"Assets/Synty/PolygonFarm/Prefabs/Props/SM_Prop_GasCan_01.prefab","SM_Prop_GasCan_01",Prop,Other,0.45,0.56,0.15,-0.22,0.00,-0.07,0.22,0.56,0.07,1,342,1,0
"Assets/Synty/PolygonFarm/Prefabs/Props/SM_Prop_Gastank_01.prefab","SM_Prop_Gastank_01",Prop,Other,1.46,2.91,2.53,-0.73,0.00,-1.15,0.73,2.91,1.38,1,596,1,0
"Assets/Synty/PolygonFarm/Prefabs/Props/SM_Prop_GrainBag_01.prefab","SM_Prop_GrainBag_01",Prop,Other,0.85,0.32,0.57,-0.42,-0.15,-0.29,0.42,0.17,0.29,1,156,1,0
"Assets/Synty/PolygonFarm/Prefabs/Props/SM_Prop_GrainBag_Open_01.prefab","SM_Prop_GrainBag_Open_01",Prop,Other,0.53,0.47,0.43,-0.27,0.00,-0.22,0.27,0.47,0.22,1,158,1,0
"Assets/Synty/PolygonFarm/Prefabs/Props/SM_Prop_GrainBag_Open_02.prefab","SM_Prop_GrainBag_Open_02",Prop,Other,0.48,0.46,0.36,-0.24,0.00,-0.18,0.24,0.46,0.18,1,158,1,0
"Assets/Synty/PolygonFarm/Prefabs/Props/SM_Prop_Hay_Bale_Round_01.prefab","SM_Prop_Hay_Bale_Round_01",Prop,Other,1.26,1.58,1.22,-0.63,-0.79,-0.61,0.63,0.79,0.61,1,936,1,0
"Assets/Synty/PolygonFarm/Prefabs/Props/SM_Prop_Hay_Bale_Round_01_Green.prefab","SM_Prop_Hay_Bale_Round_01_Green",Prop,Other,1.26,1.58,1.22,-0.63,-0.79,-0.61,0.63,0.79,0.61,1,936,1,0
"Assets/Synty/PolygonFarm/Prefabs/Props/SM_Prop_Hay_Bale_Round_02.prefab","SM_Prop_Hay_Bale_Round_02",Prop,Other,1.14,1.21,1.15,-0.57,-0.61,-0.57,0.57,0.61,0.57,1,724,1,0
"Assets/Synty/PolygonFarm/Prefabs/Props/SM_Prop_Hay_Bale_Round_02_Green.prefab","SM_Prop_Hay_Bale_Round_02_Green",Prop,Other,1.14,1.21,1.15,-0.57,-0.61,-0.57,0.57,0.61,0.57,1,724,1,0
"Assets/Synty/PolygonFarm/Prefabs/Props/SM_Prop_Hay_Bale_Round_Plastic_01.prefab","SM_Prop_Hay_Bale_Round_Plastic_01",Prop,Other,1.24,1.18,1.24,-0.62,-0.59,-0.62,0.62,0.59,0.62,1,238,1,0
"Assets/Synty/PolygonFarm/Prefabs/Props/SM_Prop_Hay_Bale_Square_01.prefab","SM_Prop_Hay_Bale_Square_01",Prop,Other,1.91,0.95,1.41,-0.95,-0.47,-0.71,0.95,0.47,0.71,1,544,1,0
"Assets/Synty/PolygonFarm/Prefabs/Props/SM_Prop_Hay_Bale_Square_01_Green.prefab","SM_Prop_Hay_Bale_Square_01_Green",Prop,Other,1.91,0.95,1.41,-0.95,-0.47,-0.71,0.95,0.47,0.71,1,544,1,0
"Assets/Synty/PolygonFarm/Prefabs/Props/SM_Prop_Hay_Bale_Square_02.prefab","SM_Prop_Hay_Bale_Square_02",Prop,Other,1.68,0.77,1.09,-0.82,-0.41,-0.53,0.86,0.36,0.56,1,412,1,0
"Assets/Synty/PolygonFarm/Prefabs/Props/SM_Prop_Hay_Bale_Square_02_Green.prefab","SM_Prop_Hay_Bale_Square_02_Green",Prop,Other,1.68,0.77,1.09,-0.82,-0.41,-0.53,0.86,0.36,0.56,1,412,1,0
"Assets/Synty/PolygonFarm/Prefabs/Props/SM_Prop_Hay_Bale_Square_03.prefab","SM_Prop_Hay_Bale_Square_03",Prop,Other,1.61,0.72,1.04,-0.81,-0.35,-0.52,0.81,0.37,0.52,1,296,1,0
"Assets/Synty/PolygonFarm/Prefabs/Props/SM_Prop_Hay_Bale_Square_03_Green.prefab","SM_Prop_Hay_Bale_Square_03_Green",Prop,Other,1.61,0.72,1.04,-0.81,-0.35,-0.52,0.81,0.37,0.52,1,296,1,0
"Assets/Synty/PolygonFarm/Prefabs/Props/SM_Prop_Hay_Bale_Square_Plastic_01.prefab","SM_Prop_Hay_Bale_Square_Plastic_01",Prop,Other,1.63,0.68,1.10,-0.82,-0.34,-0.55,0.82,0.34,0.55,1,214,1,0
"Assets/Synty/PolygonFarm/Prefabs/Props/SM_Prop_Hay_Pile_01.prefab","SM_Prop_Hay_Pile_01",Prop,Other,2.47,1.10,2.64,-1.24,0.00,-1.32,1.24,1.10,1.32,1,420,1,0
"Assets/Synty/PolygonFarm/Prefabs/Props/SM_Prop_Hay_Pile_01_Green.prefab","SM_Prop_Hay_Pile_01_Green",Prop,Other,2.47,1.10,2.64,-1.24,0.00,-1.32,1.24,1.10,1.32,1,420,1,0
"Assets/Synty/PolygonFarm/Prefabs/Props/SM_Prop_Hay_Pile_02.prefab","SM_Prop_Hay_Pile_02",Prop,Other,1.24,0.55,6.01,-0.62,0.00,-3.00,0.62,0.55,3.00,1,451,1,0
"Assets/Synty/PolygonFarm/Prefabs/Props/SM_Prop_Hay_Pile_02_Green.prefab","SM_Prop_Hay_Pile_02_Green",Prop,Other,1.24,0.55,6.01,-0.62,0.00,-3.00,0.62,0.55,3.00,1,451,1,0
"Assets/Synty/PolygonFarm/Prefabs/Props/SM_Prop_Horse_Jump_01.prefab","SM_Prop_Horse_Jump_01",Prop,Other,3.98,1.52,0.78,-1.99,0.00,-0.39,1.99,1.52,0.39,1,268,1,0
"Assets/Synty/PolygonFarm/Prefabs/Props/SM_Prop_Horse_Jump_02.prefab","SM_Prop_Horse_Jump_02",Prop,Other,3.98,1.52,0.78,-1.99,0.00,-0.39,1.99,1.52,0.39,1,292,1,0
"Assets/Synty/PolygonFarm/Prefabs/Props/SM_Prop_Horse_Jump_03.prefab","SM_Prop_Horse_Jump_03",Prop,Other,3.98,1.52,0.78,-1.99,0.00,-0.39,1.99,1.52,0.39,1,316,1,0
"Assets/Synty/PolygonFarm/Prefabs/Props/SM_Prop_LetterBox_01.prefab","SM_Prop_LetterBox_01",Prop,Other,0.28,1.14,0.80,-0.15,0.00,-0.28,0.13,1.13,0.52,1,268,1,0
"Assets/Synty/PolygonFarm/Prefabs/Props/SM_Prop_LetterBox_02.prefab","SM_Prop_LetterBox_02",Prop,Other,0.27,1.20,0.73,-0.13,0.00,-0.30,0.13,1.20,0.42,1,268,1,0
"Assets/Synty/PolygonFarm/Prefabs/Props/SM_Prop_LetterBox_03.prefab","SM_Prop_LetterBox_03",Prop,Other,0.53,1.67,0.70,-0.28,0.00,-0.35,0.24,1.67,0.36,1,657,1,0
"Assets/Synty/PolygonFarm/Prefabs/Props/SM_Prop_LetterBox_04.prefab","SM_Prop_LetterBox_04",Prop,Other,0.32,1.28,0.81,-0.16,0.00,-0.36,0.16,1.28,0.45,1,260,1,0
"Assets/Synty/PolygonFarm/Prefabs/Props/SM_Prop_LetterBox_05.prefab","SM_Prop_LetterBox_05",Prop,Other,0.28,1.15,0.53,-0.14,0.00,-0.27,0.14,1.15,0.27,1,212,1,0
"Assets/Synty/PolygonFarm/Prefabs/Props/SM_Prop_LetterBox_06.prefab","SM_Prop_LetterBox_06",Prop,Other,0.38,1.23,0.38,-0.20,0.00,-0.20,0.18,1.23,0.18,1,180,1,0
"Assets/Synty/PolygonFarm/Prefabs/Props/SM_Prop_LetterBox_07.prefab","SM_Prop_LetterBox_07",Prop,Other,0.32,1.13,0.62,-0.15,0.00,-0.28,0.17,1.13,0.34,1,322,1,0
"Assets/Synty/PolygonFarm/Prefabs/Props/SM_Prop_LetterBox_Generic_01.prefab","SM_Prop_LetterBox_Generic_01",Prop,Other,0.27,1.22,0.68,-0.13,0.00,-0.30,0.13,1.22,0.39,2,260,1,0
"Assets/Synty/PolygonFarm/Prefabs/Props/SM_Prop_LetterBox_Group_01.prefab","SM_Prop_LetterBox_Group_01",Prop,Other,0.85,1.16,0.80,-0.57,0.00,-0.35,0.28,1.16,0.45,1,812,1,0
"Assets/Synty/PolygonFarm/Prefabs/Props/SM_Prop_LetterBox_Group_02.prefab","SM_Prop_LetterBox_Group_02",Prop,Other,1.76,1.25,0.74,-0.88,0.00,-0.37,0.88,1.25,0.37,1,1390,1,0
"Assets/Synty/PolygonFarm/Prefabs/Props/SM_Prop_LetterBox_Numbers_01.prefab","SM_Prop_LetterBox_Numbers_01",Prop,Other,0.24,0.13,0.02,-0.12,-0.06,0.00,0.12,0.06,0.02,1,12,1,0
"Assets/Synty/PolygonFarm/Prefabs/Props/SM_Prop_LetterBox_Numbers_02.prefab","SM_Prop_LetterBox_Numbers_02",Prop,Other,0.14,0.13,0.02,-0.07,-0.06,0.00,0.07,0.06,0.02,1,12,1,0
"Assets/Synty/PolygonFarm/Prefabs/Props/SM_Prop_LetterBox_Numbers_03.prefab","SM_Prop_LetterBox_Numbers_03",Prop,Other,0.28,0.13,0.02,-0.14,-0.06,0.00,0.14,0.06,0.02,1,12,1,0
"Assets/Synty/PolygonFarm/Prefabs/Props/SM_Prop_LetterBox_Numbers_04.prefab","SM_Prop_LetterBox_Numbers_04",Prop,Other,0.14,0.13,0.02,-0.07,-0.06,0.00,0.07,0.06,0.02,1,12,1,0
"Assets/Synty/PolygonFarm/Prefabs/Props/SM_Prop_LetterBox_Signal_Flag_01.prefab","SM_Prop_LetterBox_Signal_Flag_01",Prop,Other,0.04,0.08,0.31,-0.02,-0.03,-0.28,0.02,0.05,0.03,1,60,1,0
"Assets/Synty/PolygonFarm/Prefabs/Props/SM_Prop_PalletCrate_01.prefab","SM_Prop_PalletCrate_01",Prop,Other,0.76,0.39,0.45,-0.38,0.00,-0.23,0.38,0.39,0.23,1,256,1,0
"Assets/Synty/PolygonFarm/Prefabs/Props/SM_Prop_PlantBox_Large_01.prefab","SM_Prop_PlantBox_Large_01",Prop,Other,4.20,0.56,7.69,-2.10,-0.06,-3.84,2.10,0.49,3.84,1,252,1,0
"Assets/Synty/PolygonFarm/Prefabs/Props/SM_Prop_PlasticBin_01.prefab","SM_Prop_PlasticBin_01",Prop,Other,0.63,0.43,0.85,-0.32,0.00,-0.42,0.32,0.43,0.42,1,92,1,0
"Assets/Synty/PolygonFarm/Prefabs/Props/SM_Prop_Pot_01.prefab","SM_Prop_Pot_01",Prop,Other,0.29,0.28,0.28,-0.15,0.00,-0.14,0.15,0.28,0.14,1,120,1,0
"Assets/Synty/PolygonFarm/Prefabs/Props/SM_Prop_Pot_02.prefab","SM_Prop_Pot_02",Prop,Other,0.10,0.13,0.10,-0.05,0.00,-0.05,0.05,0.13,0.05,1,36,1,0
"Assets/Synty/PolygonFarm/Prefabs/Props/SM_Prop_Power_Lines_01.prefab","SM_Prop_Power_Lines_01",Prop,Other,1.98,1.15,14.95,-0.99,4.52,0.16,0.99,5.67,15.11,1,108,1,0
"Assets/Synty/PolygonFarm/Prefabs/Props/SM_Prop_Power_Pole_01.prefab","SM_Prop_Power_Pole_01",Prop,Other,2.22,6.48,0.35,-1.11,-0.74,-0.12,1.11,5.74,0.23,1,268,1,0
"Assets/Synty/PolygonFarm/Prefabs/Props/SM_Prop_Rack_01.prefab","SM_Prop_Rack_01",Prop,Other,0.96,0.82,0.40,-0.48,-0.55,0.00,0.48,0.27,0.40,1,912,1,0
"Assets/Synty/PolygonFarm/Prefabs/Props/SM_Prop_Ranch_Sign_01.prefab","SM_Prop_Ranch_Sign_01",Prop,Other,7.59,4.24,0.49,-3.80,0.00,-0.24,3.80,4.24,0.24,2,1944,1,0
"Assets/Synty/PolygonFarm/Prefabs/Props/SM_Prop_Rubbish_01.prefab","SM_Prop_Rubbish_01",Prop,Other,3.34,1.64,0.56,-1.67,0.00,-0.03,1.67,1.64,0.53,1,48,1,0
"Assets/Synty/PolygonFarm/Prefabs/Props/SM_Prop_Rubbish_02.prefab","SM_Prop_Rubbish_02",Prop,Other,0.46,0.09,1.04,-0.23,0.00,-0.52,0.23,0.09,0.52,1,150,1,0
"Assets/Synty/PolygonFarm/Prefabs/Props/SM_Prop_Rubbish_03.prefab","SM_Prop_Rubbish_03",Prop,Other,0.52,1.21,0.56,-0.26,0.00,-0.28,0.26,1.21,0.28,1,212,1,0
"Assets/Synty/PolygonFarm/Prefabs/Props/SM_Prop_Rubbish_04.prefab","SM_Prop_Rubbish_04",Prop,Other,0.77,1.40,0.12,-0.39,0.00,-0.01,0.39,1.40,0.10,1,100,1,0
"Assets/Synty/PolygonFarm/Prefabs/Props/SM_Prop_Rubbish_05.prefab","SM_Prop_Rubbish_05",Prop,Other,0.50,0.19,0.51,-0.25,-0.03,-0.24,0.25,0.16,0.26,1,140,1,0
"Assets/Synty/PolygonFarm/Prefabs/Props/SM_Prop_Rubbish_06.prefab","SM_Prop_Rubbish_06",Prop,Other,0.68,0.62,0.18,-0.40,-0.01,-0.09,0.27,0.61,0.09,1,112,1,0
"Assets/Synty/PolygonFarm/Prefabs/Props/SM_Prop_Rubbish_07.prefab","SM_Prop_Rubbish_07",Prop,Other,0.17,1.64,0.04,-0.08,0.00,-0.02,0.08,1.64,0.02,1,40,1,0
"Assets/Synty/PolygonFarm/Prefabs/Props/SM_Prop_Rubbish_08.prefab","SM_Prop_Rubbish_08",Prop,Other,1.84,0.65,0.11,-0.93,0.00,-0.06,0.92,0.65,0.04,1,64,1,0
"Assets/Synty/PolygonFarm/Prefabs/Props/SM_Prop_Rubbish_09.prefab","SM_Prop_Rubbish_09",Prop,Other,0.61,1.68,0.61,-0.31,0.00,-0.31,0.31,1.68,0.31,1,104,1,0
"Assets/Synty/PolygonFarm/Prefabs/Props/SM_Prop_Rubbish_Pile_01.prefab","SM_Prop_Rubbish_Pile_01",Prop,Other,4.40,1.80,2.03,-2.20,-0.04,-0.06,2.20,1.76,1.97,1,1603,1,0
"Assets/Synty/PolygonFarm/Prefabs/Props/SM_Prop_Rubbish_Pile_02.prefab","SM_Prop_Rubbish_Pile_02",Prop,Other,3.59,1.72,1.73,-1.80,-0.04,-0.86,1.80,1.68,0.86,1,1260,1,0
"Assets/Synty/PolygonFarm/Prefabs/Props/SM_Prop_Rubbish_Pile_03.prefab","SM_Prop_Rubbish_Pile_03",Prop,Other,2.16,1.62,2.32,-1.08,-0.05,-1.16,1.08,1.57,1.16,1,930,1,0
"Assets/Synty/PolygonFarm/Prefabs/Props/SM_Prop_Rubbish_Pile_04.prefab","SM_Prop_Rubbish_Pile_04",Prop,Other,2.26,0.97,2.16,-1.13,-0.03,-1.08,1.13,0.94,1.08,1,440,1,0
"Assets/Synty/PolygonFarm/Prefabs/Props/SM_Prop_Rubbish_Pile_05.prefab","SM_Prop_Rubbish_Pile_05",Prop,Other,2.38,0.87,1.94,-1.19,-0.02,-0.97,1.19,0.85,0.97,1,608,1,0
"Assets/Synty/PolygonFarm/Prefabs/Props/SM_Prop_Rusted_Drum_01.prefab","SM_Prop_Rusted_Drum_01",Prop,Other,0.70,1.05,0.71,-0.36,0.00,-0.36,0.34,1.05,0.35,1,308,1,0
"Assets/Synty/PolygonFarm/Prefabs/Props/SM_Prop_Scarecrow_01.prefab","SM_Prop_Scarecrow_01",Prop,Other,1.67,3.29,0.50,-0.97,-0.67,-0.12,0.70,2.62,0.39,1,3518,1,0
"Assets/Synty/PolygonFarm/Prefabs/Props/SM_Prop_SeedPacket_01.prefab","SM_Prop_SeedPacket_01",Prop,Other,0.23,0.28,0.07,-0.11,0.00,-0.03,0.11,0.28,0.03,1,96,1,0
"Assets/Synty/PolygonFarm/Prefabs/Props/SM_Prop_SeedPacket_02.prefab","SM_Prop_SeedPacket_02",Prop,Other,0.23,0.28,0.06,-0.11,0.00,-0.03,0.11,0.28,0.03,1,96,1,0
"Assets/Synty/PolygonFarm/Prefabs/Props/SM_Prop_SignPost_01.prefab","SM_Prop_SignPost_01",Prop,Other,1.15,0.54,0.11,-0.49,-0.02,-0.06,0.65,0.52,0.05,1,114,1,0
"Assets/Synty/PolygonFarm/Prefabs/Props/SM_Prop_SignPost_02.prefab","SM_Prop_SignPost_02",Prop,Other,0.93,1.85,0.25,-0.47,-0.12,-0.12,0.47,1.73,0.12,1,106,1,0
"Assets/Synty/PolygonFarm/Prefabs/Props/SM_Prop_SignPost_03.prefab","SM_Prop_SignPost_03",Prop,Other,0.09,1.37,0.09,-0.05,0.00,-0.04,0.04,1.37,0.04,1,30,1,0
"Assets/Synty/PolygonFarm/Prefabs/Props/SM_Prop_Sign_Apples_01.prefab","SM_Prop_Sign_Apples_01",Prop,Other,0.87,0.41,0.02,-0.43,0.00,0.00,0.43,0.41,0.02,1,44,1,0
"Assets/Synty/PolygonFarm/Prefabs/Props/SM_Prop_Sign_Cheeries_01.prefab","SM_Prop_Sign_Cheeries_01",Prop,Other,1.10,0.37,0.03,-0.55,0.00,0.00,0.55,0.37,0.03,1,44,1,0
"Assets/Synty/PolygonFarm/Prefabs/Props/SM_Prop_Sign_Cucumbers_01.prefab","SM_Prop_Sign_Cucumbers_01",Prop,Other,1.06,0.34,0.02,-0.53,0.00,0.00,0.53,0.34,0.02,1,56,1,0
"Assets/Synty/PolygonFarm/Prefabs/Props/SM_Prop_Sign_Fruit_01.prefab","SM_Prop_Sign_Fruit_01",Prop,Other,0.97,0.34,0.02,-0.49,0.00,0.00,0.49,0.34,0.02,1,56,1,0
"Assets/Synty/PolygonFarm/Prefabs/Props/SM_Prop_Sign_Oranges_01.prefab","SM_Prop_Sign_Oranges_01",Prop,Other,0.86,0.30,0.02,-0.43,0.00,0.00,0.43,0.30,0.02,1,56,1,0
"Assets/Synty/PolygonFarm/Prefabs/Props/SM_Prop_Sign_Peaches_01.prefab","SM_Prop_Sign_Peaches_01",Prop,Other,1.17,0.41,0.03,-0.58,0.00,0.00,0.58,0.41,0.03,1,56,1,0
"Assets/Synty/PolygonFarm/Prefabs/Props/SM_Prop_Sign_Plums_01.prefab","SM_Prop_Sign_Plums_01",Prop,Other,0.87,0.34,0.02,-0.43,0.00,0.00,0.43,0.34,0.02,1,44,1,0
"Assets/Synty/PolygonFarm/Prefabs/Props/SM_Prop_Sign_Potatoes_01.prefab","SM_Prop_Sign_Potatoes_01",Prop,Other,0.87,0.28,0.02,-0.43,0.00,0.00,0.43,0.28,0.02,1,44,1,0
"Assets/Synty/PolygonFarm/Prefabs/Props/SM_Prop_Sign_Pumpkins_01.prefab","SM_Prop_Sign_Pumpkins_01",Prop,Other,1.15,0.34,0.02,-0.57,0.00,0.00,0.57,0.34,0.02,1,56,1,0
"Assets/Synty/PolygonFarm/Prefabs/Props/SM_Prop_Sign_Squash_01.prefab","SM_Prop_Sign_Squash_01",Prop,Other,0.87,0.34,0.02,-0.43,0.00,0.00,0.43,0.34,0.02,1,44,1,0
"Assets/Synty/PolygonFarm/Prefabs/Props/SM_Prop_Sign_Strawberries_01.prefab","SM_Prop_Sign_Strawberries_01",Prop,Other,1.17,0.34,0.02,-0.58,0.00,0.00,0.58,0.34,0.02,1,56,1,0
"Assets/Synty/PolygonFarm/Prefabs/Props/SM_Prop_Sign_Veges_01.prefab","SM_Prop_Sign_Veges_01",Prop,Other,0.87,0.34,0.02,-0.43,0.00,0.00,0.43,0.34,0.02,1,44,1,0
"Assets/Synty/PolygonFarm/Prefabs/Props/SM_Prop_SpoolWheel_01.prefab","SM_Prop_SpoolWheel_01",Prop,Other,1.56,1.02,1.56,-0.78,-0.02,-0.78,0.78,1.00,0.78,1,258,1,0
"Assets/Synty/PolygonFarm/Prefabs/Props/SM_Prop_Sprinkler_01.prefab","SM_Prop_Sprinkler_01",Prop,Other,0.14,1.60,0.27,-0.07,0.00,-0.21,0.07,1.60,0.06,1,268,1,0
"Assets/Synty/PolygonFarm/Prefabs/Props/SM_Prop_Sprinkler_Hose_01.prefab","SM_Prop_Sprinkler_Hose_01",Prop,Other,0.13,0.09,3.01,-0.06,-0.02,0.00,0.07,0.07,3.01,1,68,1,0
"Assets/Synty/PolygonFarm/Prefabs/Props/SM_Prop_Stop_Sign_01.prefab","SM_Prop_Stop_Sign_01",Prop,Other,0.61,2.27,0.11,-0.31,0.00,-0.05,0.31,2.27,0.05,1,160,1,0
"Assets/Synty/PolygonFarm/Prefabs/Props/SM_Prop_Table_01.prefab","SM_Prop_Table_01",Prop,Other,1.21,0.88,2.45,-0.60,0.00,-1.22,0.60,0.88,1.22,1,716,1,0
"Assets/Synty/PolygonFarm/Prefabs/Props/SM_Prop_Table_02.prefab","SM_Prop_Table_02",Prop,Other,1.21,0.88,2.41,-0.60,0.00,-1.22,0.60,0.88,1.19,1,216,1,0
"Assets/Synty/PolygonFarm/Prefabs/Props/SM_Prop_ToolBox_01.prefab","SM_Prop_ToolBox_01",Prop,Other,0.27,0.33,0.72,-0.13,0.00,-0.36,0.13,0.33,0.36,2,320,1,0
"Assets/Synty/PolygonFarm/Prefabs/Props/SM_Prop_Tool_Axe_01.prefab","SM_Prop_Tool_Axe_01",Prop,Other,0.07,1.03,0.27,-0.03,-0.67,-0.09,0.03,0.36,0.18,1,142,1,0
"Assets/Synty/PolygonFarm/Prefabs/Props/SM_Prop_Tool_Bucket_01.prefab","SM_Prop_Tool_Bucket_01",Prop,Other,0.36,0.28,0.37,-0.18,0.00,-0.19,0.18,0.28,0.18,1,124,1,0
"Assets/Synty/PolygonFarm/Prefabs/Props/SM_Prop_Tool_Hayfork_01.prefab","SM_Prop_Tool_Hayfork_01",Prop,Other,0.37,1.79,0.15,-0.18,-1.76,-0.04,0.18,0.03,0.11,1,154,1,0
"Assets/Synty/PolygonFarm/Prefabs/Props/SM_Prop_Tool_Hoe_01.prefab","SM_Prop_Tool_Hoe_01",Prop,Other,0.33,1.31,0.32,-0.17,-1.28,-0.11,0.17,0.03,0.21,1,170,1,0
"Assets/Synty/PolygonFarm/Prefabs/Props/SM_Prop_Tool_Pitchfork_01.prefab","SM_Prop_Tool_Pitchfork_01",Prop,Other,0.29,1.51,0.08,-0.15,-1.48,-0.04,0.15,0.03,0.05,1,130,1,0
"Assets/Synty/PolygonFarm/Prefabs/Props/SM_Prop_Tool_Rake_01.prefab","SM_Prop_Tool_Rake_01",Prop,Other,0.52,1.39,0.16,-0.26,-1.36,-0.03,0.26,0.03,0.13,1,148,1,0
"Assets/Synty/PolygonFarm/Prefabs/Props/SM_Prop_Tool_Scythe_01.prefab","SM_Prop_Tool_Scythe_01",Prop,Other,0.88,1.22,0.23,-0.78,-0.87,-0.02,0.10,0.35,0.21,1,194,1,0
"Assets/Synty/PolygonFarm/Prefabs/Props/SM_Prop_Tool_Spade_01.prefab","SM_Prop_Tool_Spade_01",Prop,Other,0.25,1.47,0.07,-0.12,-1.44,-0.05,0.12,0.03,0.03,1,94,1,0
"Assets/Synty/PolygonFarm/Prefabs/Props/SM_Prop_Trough_01.prefab","SM_Prop_Trough_01",Prop,Other,3.22,0.42,0.92,-1.61,-0.07,-0.46,1.61,0.35,0.46,2,138,2,0
"Assets/Synty/PolygonFarm/Prefabs/Props/SM_Prop_Truck_Rusted_01.prefab","SM_Prop_Truck_Rusted_01",Prop,Other,2.43,2.44,6.62,-1.21,0.00,-3.31,1.21,2.44,3.31,1,5936,1,0
"Assets/Synty/PolygonFarm/Prefabs/Props/SM_Prop_Tyre_01.prefab","SM_Prop_Tyre_01",Prop,Other,1.72,0.53,1.72,-0.86,0.00,-0.86,0.86,0.53,0.86,1,1522,1,0
"Assets/Synty/PolygonFarm/Prefabs/Props/SM_Prop_Ute_Wreck_01.prefab","SM_Prop_Ute_Wreck_01",Prop,Other,2.19,1.96,5.50,-1.14,-0.03,-2.75,1.05,1.93,2.75,1,4434,1,0
"Assets/Synty/PolygonFarm/Prefabs/Props/SM_Prop_Vice_01.prefab","SM_Prop_Vice_01",Prop,Other,0.36,0.44,0.20,-0.14,-0.24,-0.10,0.22,0.20,0.10,3,418,1,0
"Assets/Synty/PolygonFarm/Prefabs/Props/SM_Prop_Watering_Can_01.prefab","SM_Prop_Watering_Can_01",Prop,Other,0.22,0.47,0.74,-0.11,0.00,-0.26,0.11,0.47,0.48,2,646,1,0
"Assets/Synty/PolygonFarm/Prefabs/Props/SM_Prop_Weathervane_01.prefab","SM_Prop_Weathervane_01",Prop,Other,1.23,2.17,1.61,-0.67,0.00,-0.87,0.56,2.17,0.74,2,724,1,0
"Assets/Synty/PolygonFarm/Prefabs/Props/SM_Prop_Weathervane_02.prefab","SM_Prop_Weathervane_02",Prop,Other,1.43,1.12,1.36,-0.72,0.00,-0.68,0.72,1.12,0.68,1,186,1,0
"Assets/Synty/PolygonFarm/Prefabs/Props/SM_Prop_Well_01.prefab","SM_Prop_Well_01",Prop,Other,1.60,1.68,1.41,-0.70,-0.27,-0.71,0.90,1.41,0.71,2,717,1,0
"Assets/Synty/PolygonFarm/Prefabs/Props/SM_Prop_Wheelbarrow_01.prefab","SM_Prop_Wheelbarrow_01",Prop,Other,0.71,0.85,2.09,-0.35,-0.25,-1.84,0.35,0.60,0.25,2,694,1,0
"Assets/Synty/PolygonFarm/Prefabs/Props/SM_Prop_Wheelbarrow_Metal_01.prefab","SM_Prop_Wheelbarrow_Metal_01",Prop,Other,0.69,1.01,1.93,-0.35,-0.18,-1.48,0.34,0.84,0.45,2,666,1,0
"Assets/Synty/PolygonFarm/Prefabs/Props/SM_Prop_Windfarm_01.prefab","SM_Prop_Windfarm_01",Prop,Other,38.85,87.09,9.87,-19.10,-0.62,-5.60,19.76,86.47,4.26,2,1308,1,0
"Assets/Synty/PolygonFarm/Prefabs/Props/SM_Prop_Windmill_01.prefab","SM_Prop_Windmill_01",Prop,Other,3.77,11.48,4.83,-1.86,-0.05,-3.55,1.90,11.43,1.28,3,1075,1,0
"Assets/Synty/PolygonFarm/Prefabs/Props/SM_Prop_Wood_Stack_01.prefab","SM_Prop_Wood_Stack_01",Prop,Other,1.91,0.72,1.09,-0.96,0.00,-0.55,0.96,0.72,0.55,1,432,1,0
"Assets/Synty/PolygonFarm/Prefabs/Props/SM_Prop_Wood_Stack_02.prefab","SM_Prop_Wood_Stack_02",Prop,Other,0.68,0.51,1.09,-0.35,0.00,-0.55,0.32,0.51,0.55,1,120,1,0
"Assets/Synty/PolygonFarm/Prefabs/Props/SM_Wep_Shotgun_01.prefab","SM_Wep_Shotgun_01",Wep,Other,0.05,0.18,1.21,-0.03,-0.12,-0.28,0.03,0.07,0.93,4,968,1,0
"Assets/Synty/PolygonFarm/Prefabs/Vehicles/SM_Veh_Attach_Baler_01.prefab","SM_Veh_Attach_Baler_01",Veh,Other,2.25,2.67,6.74,-1.11,-0.03,-6.65,1.14,2.65,0.08,8,7313,1,0
"Assets/Synty/PolygonFarm/Prefabs/Vehicles/SM_Veh_Attach_Planter_01.prefab","SM_Veh_Attach_Planter_01",Veh,Other,11.44,1.51,3.91,-5.72,-0.01,-3.83,5.72,1.50,0.08,2,8870,1,0
"Assets/Synty/PolygonFarm/Prefabs/Vehicles/SM_Veh_Attach_Plough_01.prefab","SM_Veh_Attach_Plough_01",Veh,Other,3.73,0.98,8.11,-1.82,-0.02,-8.03,1.90,0.96,0.08,5,1862,1,0
"Assets/Synty/PolygonFarm/Prefabs/Vehicles/SM_Veh_Attach_Sprayer_01.prefab","SM_Veh_Attach_Sprayer_01",Veh,Other,8.85,1.76,5.56,-4.43,-0.02,-5.48,4.43,1.74,0.08,5,2562,1,0
"Assets/Synty/PolygonFarm/Prefabs/Vehicles/SM_Veh_Attach_Trailer_Cage_01.prefab","SM_Veh_Attach_Trailer_Cage_01",Veh,Other,2.41,2.08,5.05,-1.20,-0.02,-4.97,1.20,2.06,0.08,4,2642,2,0
"Assets/Synty/PolygonFarm/Prefabs/Vehicles/SM_Veh_Attach_Trailer_Cylinder_01.prefab","SM_Veh_Attach_Trailer_Cylinder_01",Veh,Other,2.35,2.06,5.46,-1.18,-0.01,-5.37,1.18,2.04,0.08,3,1732,1,0
"Assets/Synty/PolygonFarm/Prefabs/Vehicles/SM_Veh_Attach_Trailer_Tank_01.prefab","SM_Veh_Attach_Trailer_Tank_01",Veh,Other,2.35,2.07,6.07,-1.18,-0.03,-5.99,1.18,2.04,0.08,5,2568,1,0
"Assets/Synty/PolygonFarm/Prefabs/Vehicles/SM_Veh_Harvester_01.prefab","SM_Veh_Harvester_01",Veh,Other,5.02,3.86,8.39,-2.55,-0.04,-4.06,2.47,3.83,4.33,9,12115,2,0
"Assets/Synty/PolygonFarm/Prefabs/Vehicles/SM_Veh_Pickup_01.prefab","SM_Veh_Pickup_01",Veh,Other,2.30,1.87,5.68,-1.15,-0.02,-2.92,1.15,1.85,2.75,7,7010,2,0
"Assets/Synty/PolygonFarm/Prefabs/Vehicles/SM_Veh_TractorOld_01.prefab","SM_Veh_TractorOld_01",Veh,Other,2.10,2.21,3.30,-1.05,-0.04,-1.69,1.05,2.17,1.61,6,8970,1,0
"Assets/Synty/PolygonFarm/Prefabs/Vehicles/SM_Veh_Tractor_01.prefab","SM_Veh_Tractor_01",Veh,Other,2.79,3.24,7.22,-1.39,-0.05,-2.53,1.39,3.19,4.69,9,13126,2,0
"Assets/Synty/PolygonGeneric/Prefabs/Base/SM_Bld_Base_45_Floor_01.prefab","SM_Bld_Base_45_Floor_01",Bld,Floor,2.50,0.00,2.50,-2.50,0.00,0.00,0.00,0.00,2.50,1,1,1,0
"Assets/Synty/PolygonGeneric/Prefabs/Base/SM_Bld_Base_45_Floor_Combined_01.prefab","SM_Bld_Base_45_Floor_Combined_01",Bld,Floor,2.50,0.10,2.50,-2.50,-0.09,0.00,0.00,0.01,2.50,1,14,2,0
"Assets/Synty/PolygonGeneric/Prefabs/Base/SM_Bld_Base_45_Wall_01.prefab","SM_Bld_Base_45_Wall_01",Bld,Wall,2.72,3.01,2.72,-2.61,0.00,-0.11,0.11,3.01,2.61,1,28,2,0
"Assets/Synty/PolygonGeneric/Prefabs/Base/SM_Bld_Base_45_Wall_Door_01.prefab","SM_Bld_Base_45_Wall_Door_01",Bld,Door,2.72,3.01,2.72,-2.61,0.00,-0.11,0.11,3.01,2.61,1,132,3,0
"Assets/Synty/PolygonGeneric/Prefabs/Base/SM_Bld_Base_45_Wall_Half_01.prefab","SM_Bld_Base_45_Wall_Half_01",Bld,Wall,2.72,1.50,2.72,-2.61,0.00,-0.11,0.11,1.50,2.61,1,28,2,0
"Assets/Synty/PolygonGeneric/Prefabs/Base/SM_Bld_Base_Ceiling_01.prefab","SM_Bld_Base_Ceiling_01",Bld,Other,2.50,0.00,2.50,-2.50,0.00,0.00,0.00,0.00,2.50,1,2,1,0
"Assets/Synty/PolygonGeneric/Prefabs/Base/SM_Bld_Base_Ceiling_45_01.prefab","SM_Bld_Base_Ceiling_45_01",Bld,Other,2.50,0.00,2.50,-2.50,0.00,0.00,0.00,0.00,2.50,1,1,1,0
"Assets/Synty/PolygonGeneric/Prefabs/Base/SM_Bld_Base_Ceiling_Half_01.prefab","SM_Bld_Base_Ceiling_Half_01",Bld,Other,2.50,0.00,1.25,-2.50,0.00,0.00,0.00,0.00,1.25,1,2,1,0
"Assets/Synty/PolygonGeneric/Prefabs/Base/SM_Bld_Base_Ceiling_Quarter_01.prefab","SM_Bld_Base_Ceiling_Quarter_01",Bld,Other,1.25,0.00,1.25,-1.25,0.00,0.00,0.00,0.00,1.25,1,2,1,0
"Assets/Synty/PolygonGeneric/Prefabs/Base/SM_Bld_Base_Door_01.prefab","SM_Bld_Base_Door_01",Bld,Door,1.00,1.97,0.25,-1.00,0.00,-0.12,0.00,1.97,0.12,1,124,1,0
"Assets/Synty/PolygonGeneric/Prefabs/Base/SM_Bld_Base_Door_Large_01.prefab","SM_Bld_Base_Door_Large_01",Bld,Door,1.13,2.47,0.25,-1.13,0.00,-0.12,0.00,2.47,0.12,1,124,1,0
"Assets/Synty/PolygonGeneric/Prefabs/Base/SM_Bld_Base_Floor_01.prefab","SM_Bld_Base_Floor_01",Bld,Floor,2.50,0.00,2.50,-2.50,0.00,0.00,0.00,0.00,2.50,1,2,1,0
"Assets/Synty/PolygonGeneric/Prefabs/Base/SM_Bld_Base_Floor_Combined_01.prefab","SM_Bld_Base_Floor_Combined_01",Bld,Floor,2.50,0.10,2.50,-2.50,-0.09,0.00,0.00,0.01,2.50,1,20,2,0
"Assets/Synty/PolygonGeneric/Prefabs/Base/SM_Bld_Base_Floor_Half_01.prefab","SM_Bld_Base_Floor_Half_01",Bld,Floor,2.50,0.10,1.25,-2.50,-0.09,0.00,0.00,0.01,1.25,1,20,2,0
"Assets/Synty/PolygonGeneric/Prefabs/Base/SM_Bld_Base_Floor_Hole_01.prefab","SM_Bld_Base_Floor_Hole_01",Bld,Floor,2.50,0.10,2.50,-2.50,-0.09,0.00,0.00,0.01,2.50,1,372,3,0
"Assets/Synty/PolygonGeneric/Prefabs/Base/SM_Bld_Base_Floor_Quarter_Combined_01.prefab","SM_Bld_Base_Floor_Quarter_Combined_01",Bld,Floor,1.25,0.10,1.25,-1.25,-0.09,0.00,0.00,0.01,1.25,1,20,2,0
"Assets/Synty/PolygonGeneric/Prefabs/Base/SM_Bld_Base_Floor_Round_01.prefab","SM_Bld_Base_Floor_Round_01",Bld,Floor,2.50,0.10,2.50,-2.50,-0.09,-2.50,0.00,0.02,0.00,1,32,2,0
"Assets/Synty/PolygonGeneric/Prefabs/Base/SM_Bld_Base_Pillar_01.prefab","SM_Bld_Base_Pillar_01",Bld,Pillar,0.43,3.02,0.43,-0.21,-0.01,-0.21,0.21,3.01,0.21,1,46,1,0
"Assets/Synty/PolygonGeneric/Prefabs/Base/SM_Bld_Base_Pillar_02.prefab","SM_Bld_Base_Pillar_02",Bld,Pillar,0.43,3.02,0.43,-0.21,-0.02,-0.21,0.21,3.01,0.21,1,68,1,0
"Assets/Synty/PolygonGeneric/Prefabs/Base/SM_Bld_Base_Pillar_03.prefab","SM_Bld_Base_Pillar_03",Bld,Pillar,0.43,3.01,0.21,-0.21,-0.01,0.00,0.21,3.01,0.21,1,46,1,0
"Assets/Synty/PolygonGeneric/Prefabs/Base/SM_Bld_Base_Pillar_04.prefab","SM_Bld_Base_Pillar_04",Bld,Pillar,0.21,3.02,0.21,0.00,-0.02,0.00,0.21,3.01,0.21,1,44,1,0
"Assets/Synty/PolygonGeneric/Prefabs/Base/SM_Bld_Base_Pillar_05.prefab","SM_Bld_Base_Pillar_05",Bld,Pillar,0.11,3.00,0.11,0.00,0.00,0.00,0.11,3.00,0.11,1,12,1,0
"Assets/Synty/PolygonGeneric/Prefabs/Base/SM_Bld_Base_Pillar_Half_01.prefab","SM_Bld_Base_Pillar_Half_01",Bld,Pillar,0.39,1.51,0.39,-0.20,0.00,-0.20,0.20,1.51,0.20,1,22,1,0
"Assets/Synty/PolygonGeneric/Prefabs/Base/SM_Bld_Base_Pillar_Half_02.prefab","SM_Bld_Base_Pillar_Half_02",Bld,Pillar,0.39,1.51,0.39,-0.20,-0.01,-0.20,0.20,1.51,0.20,1,32,1,0
"Assets/Synty/PolygonGeneric/Prefabs/Base/SM_Bld_Base_Pillar_Half_03.prefab","SM_Bld_Base_Pillar_Half_03",Bld,Pillar,0.39,1.51,0.20,-0.20,0.00,0.00,0.20,1.51,0.20,1,22,1,0
"Assets/Synty/PolygonGeneric/Prefabs/Base/SM_Bld_Base_Pillar_Half_04.prefab","SM_Bld_Base_Pillar_Half_04",Bld,Pillar,0.20,1.51,0.20,0.00,-0.01,0.00,0.20,1.51,0.20,1,20,1,0
"Assets/Synty/PolygonGeneric/Prefabs/Base/SM_Bld_Base_Pillar_Half_05.prefab","SM_Bld_Base_Pillar_Half_05",Bld,Pillar,0.11,1.51,0.11,0.00,-0.01,0.00,0.11,1.50,0.11,1,12,1,0
"Assets/Synty/PolygonGeneric/Prefabs/Base/SM_Bld_Base_Roof_Cap_01.prefab","SM_Bld_Base_Roof_Cap_01",Bld,Roof,2.50,0.18,0.44,-2.50,-0.01,-0.22,0.00,0.17,0.22,1,28,1,0
"Assets/Synty/PolygonGeneric/Prefabs/Base/SM_Bld_Base_Roof_Cap_Angle_01.prefab","SM_Bld_Base_Roof_Cap_Angle_01",Bld,Roof,0.26,3.19,2.50,-0.13,-3.01,0.00,0.13,0.17,2.50,1,20,1,0
"Assets/Synty/PolygonGeneric/Prefabs/Base/SM_Bld_Base_Roof_Cap_Angle_Half_01.prefab","SM_Bld_Base_Roof_Cap_Angle_Half_01",Bld,Roof,0.26,1.69,1.25,-0.13,-1.51,0.00,0.13,0.17,1.25,1,20,1,0
"Assets/Synty/PolygonGeneric/Prefabs/Base/SM_Bld_Base_Roof_Cap_End_01.prefab","SM_Bld_Base_Roof_Cap_End_01",Bld,Roof,0.49,0.20,0.49,-0.24,-0.01,-0.24,0.24,0.18,0.24,1,28,1,0
"Assets/Synty/PolygonGeneric/Prefabs/Base/SM_Bld_Base_Roof_Cap_Half_01.prefab","SM_Bld_Base_Roof_Cap_Half_01",Bld,Roof,1.25,0.18,0.44,-1.25,-0.01,-0.22,0.00,0.17,0.22,1,28,1,0
"Assets/Synty/PolygonGeneric/Prefabs/Base/SM_Bld_Base_Roof_Corner_In_01.prefab","SM_Bld_Base_Roof_Corner_In_01",Bld,Roof,2.50,3.25,2.50,-2.50,-3.14,0.00,0.00,0.11,2.50,1,94,3,0
"Assets/Synty/PolygonGeneric/Prefabs/Base/SM_Bld_Base_Roof_Corner_Out_01.prefab","SM_Bld_Base_Roof_Corner_Out_01",Bld,Roof,2.50,3.25,2.50,-2.50,-3.14,0.00,0.00,0.11,2.50,1,78,3,0
"Assets/Synty/PolygonGeneric/Prefabs/Base/SM_Bld_Base_Roof_Half_01.prefab","SM_Bld_Base_Roof_Half_01",Bld,Roof,2.50,1.75,1.25,-2.50,-1.64,0.00,0.00,0.11,1.25,1,64,3,0
"Assets/Synty/PolygonGeneric/Prefabs/Base/SM_Bld_Base_Roof_Half_02.prefab","SM_Bld_Base_Roof_Half_02",Bld,Roof,1.25,3.25,2.50,-1.25,-3.14,0.00,0.00,0.11,2.50,1,54,3,0
"Assets/Synty/PolygonGeneric/Prefabs/Base/SM_Bld_Base_Roof_Quarter_01.prefab","SM_Bld_Base_Roof_Quarter_01",Bld,Roof,1.25,1.75,1.25,-1.25,-1.64,0.00,0.00,0.11,1.25,1,54,3,0
"Assets/Synty/PolygonGeneric/Prefabs/Base/SM_Bld_Base_Roof_Straight_01.prefab","SM_Bld_Base_Roof_Straight_01",Bld,Roof,2.50,3.25,2.50,-2.50,-3.14,0.00,0.00,0.11,2.50,1,64,3,0
"Assets/Synty/PolygonGeneric/Prefabs/Base/SM_Bld_Base_Roof_Trim_01.prefab","SM_Bld_Base_Roof_Trim_01",Bld,Roof,2.50,0.15,0.30,-2.50,-0.08,-0.03,0.00,0.06,0.26,1,36,1,0
"Assets/Synty/PolygonGeneric/Prefabs/Base/SM_Bld_Base_Roof_Trim_Corner_01.prefab","SM_Bld_Base_Roof_Trim_Corner_01",Bld,Roof,0.32,0.16,0.32,-0.29,-0.09,-0.03,0.04,0.08,0.28,1,48,1,0
"Assets/Synty/PolygonGeneric/Prefabs/Base/SM_Bld_Base_Roof_Trim_Half_01.prefab","SM_Bld_Base_Roof_Trim_Half_01",Bld,Roof,1.25,0.15,0.30,-1.25,-0.08,-0.03,0.00,0.06,0.26,1,36,1,0
"Assets/Synty/PolygonGeneric/Prefabs/Base/SM_Bld_Base_Stair_Half_01.prefab","SM_Bld_Base_Stair_Half_01",Bld,Stair,2.50,1.08,1.25,-2.50,-0.33,-1.25,0.00,0.75,0.00,1,56,1,0
"Assets/Synty/PolygonGeneric/Prefabs/Base/SM_Bld_Base_Stair_Quarter_01.prefab","SM_Bld_Base_Stair_Quarter_01",Bld,Stair,2.50,0.70,0.62,-2.50,-0.33,-0.62,0.00,0.38,0.00,1,28,1,0
"Assets/Synty/PolygonGeneric/Prefabs/Base/SM_Bld_Base_Stairs_01.prefab","SM_Bld_Base_Stairs_01",Bld,Stair,2.50,1.83,2.50,-2.50,-0.33,-2.50,0.00,1.50,0.00,1,104,1,0
"Assets/Synty/PolygonGeneric/Prefabs/Base/SM_Bld_Base_Stairs_02.prefab","SM_Bld_Base_Stairs_02",Bld,Stair,2.50,3.33,2.50,-2.50,-0.33,-2.50,0.00,3.00,0.00,1,220,1,0
"Assets/Synty/PolygonGeneric/Prefabs/Base/SM_Bld_Base_Stairwell_Wall_01.prefab","SM_Bld_Base_Stairwell_Wall_01",Bld,Stair,2.50,1.50,0.23,-2.50,0.00,-0.11,0.00,1.50,0.11,1,14,1,0
"Assets/Synty/PolygonGeneric/Prefabs/Base/SM_Bld_Base_Wall_01.prefab","SM_Bld_Base_Wall_01",Bld,Wall,2.50,3.01,0.23,-2.50,0.00,-0.11,0.00,3.01,0.11,1,20,2,0
"Assets/Synty/PolygonGeneric/Prefabs/Base/SM_Bld_Base_Wall_Angle_01.prefab","SM_Bld_Base_Wall_Angle_01",Bld,Wall,2.50,3.01,0.23,-2.50,0.00,-0.11,0.00,3.01,0.11,1,14,2,0
"Assets/Synty/PolygonGeneric/Prefabs/Base/SM_Bld_Base_Wall_Angle_02.prefab","SM_Bld_Base_Wall_Angle_02",Bld,Wall,2.50,3.01,0.23,-2.50,0.00,-0.11,0.00,3.01,0.11,1,14,2,0
"Assets/Synty/PolygonGeneric/Prefabs/Base/SM_Bld_Base_Wall_Corner_01.prefab","SM_Bld_Base_Wall_Corner_01",Bld,Wall,2.61,3.01,2.61,-2.61,0.00,-0.11,0.00,3.01,2.50,1,32,2,0
"Assets/Synty/PolygonGeneric/Prefabs/Base/SM_Bld_Base_Wall_Destroyed_01.prefab","SM_Bld_Base_Wall_Destroyed_01",Bld,Wall,1.53,3.01,0.23,-1.53,0.00,-0.11,0.00,3.01,0.11,1,84,3,0
"Assets/Synty/PolygonGeneric/Prefabs/Base/SM_Bld_Base_Wall_Destroyed_02.prefab","SM_Bld_Base_Wall_Destroyed_02",Bld,Wall,0.59,3.01,0.23,-0.59,0.00,-0.11,0.00,3.01,0.11,1,78,3,0
"Assets/Synty/PolygonGeneric/Prefabs/Base/SM_Bld_Base_Wall_Door_01.prefab","SM_Bld_Base_Wall_Door_01",Bld,Door,2.50,3.01,0.29,-2.50,0.00,-0.14,0.00,3.01,0.14,1,108,3,0
"Assets/Synty/PolygonGeneric/Prefabs/Base/SM_Bld_Base_Wall_Door_Double_01.prefab","SM_Bld_Base_Wall_Door_Double_01",Bld,Door,2.50,3.01,0.29,-2.50,0.00,-0.14,0.00,3.01,0.14,1,108,3,0
"Assets/Synty/PolygonGeneric/Prefabs/Base/SM_Bld_Base_Wall_Door_Double_Large_01.prefab","SM_Bld_Base_Wall_Door_Double_Large_01",Bld,Door,2.50,3.01,0.29,-2.50,0.00,-0.14,0.00,3.01,0.14,1,112,3,0
"Assets/Synty/PolygonGeneric/Prefabs/Base/SM_Bld_Base_Wall_Door_Large_01.prefab","SM_Bld_Base_Wall_Door_Large_01",Bld,Door,2.50,3.01,0.29,-2.50,0.00,-0.14,0.00,3.01,0.14,1,108,3,0
"Assets/Synty/PolygonGeneric/Prefabs/Base/SM_Bld_Base_Wall_Half_01.prefab","SM_Bld_Base_Wall_Half_01",Bld,Wall,2.50,1.51,0.23,-2.50,0.00,-0.11,0.00,1.51,0.11,1,20,2,0
"Assets/Synty/PolygonGeneric/Prefabs/Base/SM_Bld_Base_Wall_Half_02.prefab","SM_Bld_Base_Wall_Half_02",Bld,Wall,1.25,3.01,0.23,-1.25,0.00,-0.11,0.00,3.01,0.11,1,20,2,0
"Assets/Synty/PolygonGeneric/Prefabs/Base/SM_Bld_Base_Wall_Half_Angle_01.prefab","SM_Bld_Base_Wall_Half_Angle_01",Bld,Wall,2.50,1.51,0.23,-2.50,0.00,-0.11,0.00,1.51,0.11,1,14,2,0
"Assets/Synty/PolygonGeneric/Prefabs/Base/SM_Bld_Base_Wall_Half_Angle_02.prefab","SM_Bld_Base_Wall_Half_Angle_02",Bld,Wall,1.25,1.50,0.23,-1.24,0.00,-0.11,0.01,1.50,0.11,1,14,2,0
"Assets/Synty/PolygonGeneric/Prefabs/Base/SM_Bld_Base_Wall_Quarter_01.prefab","SM_Bld_Base_Wall_Quarter_01",Bld,Wall,1.25,1.51,0.23,-1.25,0.00,-0.11,0.00,1.51,0.11,1,20,2,0
"Assets/Synty/PolygonGeneric/Prefabs/Base/SM_Bld_Base_Wall_Round_01.prefab","SM_Bld_Base_Wall_Round_01",Bld,Wall,2.61,3.01,2.61,-2.61,0.00,-2.50,0.00,3.01,0.11,1,56,2,0
"Assets/Synty/PolygonGeneric/Prefabs/Base/SM_Bld_Base_Wall_Round_Half_01.prefab","SM_Bld_Base_Wall_Round_Half_01",Bld,Wall,2.61,1.51,2.61,-2.61,0.00,-2.50,0.00,1.51,0.11,1,56,2,0
"Assets/Synty/PolygonGeneric/Prefabs/Base/SM_Bld_Base_Wall_Thin_01.prefab","SM_Bld_Base_Wall_Thin_01",Bld,Wall,2.50,3.00,0.00,-2.50,0.00,0.00,0.00,3.00,0.00,1,2,1,0
"Assets/Synty/PolygonGeneric/Prefabs/Base/SM_Bld_Base_Wall_Thin_Half_01.prefab","SM_Bld_Base_Wall_Thin_Half_01",Bld,Wall,2.50,1.50,0.00,-2.50,0.00,0.00,0.00,1.50,0.00,1,2,1,0
"Assets/Synty/PolygonGeneric/Prefabs/Base/SM_Bld_Base_Wall_Thin_Half_02.prefab","SM_Bld_Base_Wall_Thin_Half_02",Bld,Wall,1.25,3.00,0.00,-1.25,0.00,0.00,0.00,3.00,0.00,1,2,1,0
"Assets/Synty/PolygonGeneric/Prefabs/Base/SM_Bld_Base_Wall_Thin_Quarter_01.prefab","SM_Bld_Base_Wall_Thin_Quarter_01",Bld,Wall,1.25,1.50,0.00,-1.25,0.00,0.00,0.00,1.50,0.00,1,2,1,0
"Assets/Synty/PolygonGeneric/Prefabs/Base/SM_Bld_Base_Wall_Trim_01.prefab","SM_Bld_Base_Wall_Trim_01",Bld,Wall,2.50,0.23,0.04,-2.50,0.00,0.11,0.00,0.23,0.15,1,36,1,0
"Assets/Synty/PolygonGeneric/Prefabs/Base/SM_Bld_Base_Wall_Window_01.prefab","SM_Bld_Base_Wall_Window_01",Bld,Window,2.50,3.01,0.26,-2.50,0.00,-0.13,0.00,3.01,0.13,2,84,4,0
"Assets/Synty/PolygonGeneric/Prefabs/Base/SM_Bld_Base_Wall_Window_Double_01.prefab","SM_Bld_Base_Wall_Window_Double_01",Bld,Window,2.50,3.01,0.26,-2.50,0.00,-0.13,0.00,3.01,0.13,2,84,4,0
"Assets/Synty/PolygonGeneric/Prefabs/Base/SM_Bld_Base_Wall_Window_Half_01.prefab","SM_Bld_Base_Wall_Window_Half_01",Bld,Window,2.50,1.51,0.26,-2.50,0.00,-0.13,0.00,1.51,0.13,2,104,4,0
"Assets/Synty/PolygonGeneric/Prefabs/Base/SM_Bld_Base_Wall_Window_Half_02.prefab","SM_Bld_Base_Wall_Window_Half_02",Bld,Window,2.50,1.51,0.26,-2.50,0.00,-0.13,0.00,1.51,0.13,2,84,4,0
"Assets/Synty/PolygonGeneric/Prefabs/Building/SM_Gen_Bld_Background_01.prefab","SM_Gen_Bld_Background_01",Bld,Other,8.24,8.91,8.64,-4.12,0.00,-4.32,4.12,8.91,4.32,1,392,2,0
"Assets/Synty/PolygonGeneric/Prefabs/Building/SM_Gen_Bld_Background_02.prefab","SM_Gen_Bld_Background_02",Bld,Other,5.26,12.20,8.64,-2.63,0.00,-4.32,2.63,12.20,4.32,1,246,2,0
"Assets/Synty/PolygonGeneric/Prefabs/Building/SM_Gen_Bld_Background_03.prefab","SM_Gen_Bld_Background_03",Bld,Other,8.35,17.39,6.50,-4.17,0.00,-3.25,4.17,17.39,3.25,1,662,2,0
"Assets/Synty/PolygonGeneric/Prefabs/Building/SM_Gen_Bld_Background_04.prefab","SM_Gen_Bld_Background_04",Bld,Other,8.40,13.39,5.20,-4.20,0.00,-2.60,4.20,13.39,2.60,1,202,2,0
"Assets/Synty/PolygonGeneric/Prefabs/Building/SM_Gen_Bld_Background_05.prefab","SM_Gen_Bld_Background_05",Bld,Other,8.76,12.98,5.29,-4.38,0.00,-2.64,4.38,12.98,2.64,1,553,2,0
"Assets/Synty/PolygonGeneric/Prefabs/Building/SM_Gen_Bld_Background_06.prefab","SM_Gen_Bld_Background_06",Bld,Other,8.27,22.93,8.25,-4.13,0.00,-4.13,4.13,22.93,4.13,1,788,2,0
"Assets/Synty/PolygonGeneric/Prefabs/Building/SM_Gen_Bld_Background_07.prefab","SM_Gen_Bld_Background_07",Bld,Other,13.84,17.26,13.82,-6.92,0.00,-6.91,6.92,17.26,6.91,1,752,2,0
"Assets/Synty/PolygonGeneric/Prefabs/Building/SM_Gen_Bld_Background_08.prefab","SM_Gen_Bld_Background_08",Bld,Other,13.84,27.45,13.82,-6.92,0.00,-6.91,6.92,27.45,6.91,1,908,2,0
"Assets/Synty/PolygonGeneric/Prefabs/Building/SM_Gen_Bld_Background_09.prefab","SM_Gen_Bld_Background_09",Bld,Other,13.84,21.98,8.06,-6.92,0.00,-4.03,6.92,21.98,4.03,1,716,2,0
"Assets/Synty/PolygonGeneric/Prefabs/Building/SM_Gen_Bld_Background_10.prefab","SM_Gen_Bld_Background_10",Bld,Other,5.85,27.90,5.99,-2.93,0.00,-3.01,2.93,27.90,2.98,1,742,2,0
"Assets/Synty/PolygonGeneric/Prefabs/Building/SM_Gen_Bld_Background_11.prefab","SM_Gen_Bld_Background_11",Bld,Other,9.46,20.05,6.69,-4.73,0.00,-3.34,4.73,20.05,3.34,1,824,2,0
"Assets/Synty/PolygonGeneric/Prefabs/Building/SM_Gen_Bld_Beam_01.prefab","SM_Gen_Bld_Beam_01",Bld,Pillar,0.37,0.36,5.00,-0.18,-0.18,0.00,0.18,0.18,5.00,1,50,1,0
"Assets/Synty/PolygonGeneric/Prefabs/Building/SM_Gen_Bld_Beam_02.prefab","SM_Gen_Bld_Beam_02",Bld,Pillar,0.37,0.36,5.00,-0.18,-0.18,0.00,0.18,0.18,5.00,1,54,1,0
"Assets/Synty/PolygonGeneric/Prefabs/Building/SM_Gen_Bld_Beam_03.prefab","SM_Gen_Bld_Beam_03",Bld,Pillar,0.37,0.36,5.00,-0.18,-0.18,0.00,0.18,0.18,5.00,1,70,1,0
"Assets/Synty/PolygonGeneric/Prefabs/Building/SM_Gen_Bld_Ladder_01.prefab","SM_Gen_Bld_Ladder_01",Bld,Ladder,0.60,3.00,0.10,0.00,0.00,0.00,0.60,3.00,0.10,1,302,1,0
"Assets/Synty/PolygonGeneric/Prefabs/Building/SM_Gen_Bld_Pipe_Cap_01.prefab","SM_Gen_Bld_Pipe_Cap_01",Bld,Other,0.06,0.38,0.38,-0.03,-0.19,-0.19,0.03,0.19,0.19,1,32,1,0
"Assets/Synty/PolygonGeneric/Prefabs/Building/SM_Gen_Bld_Pipe_Cap_02.prefab","SM_Gen_Bld_Pipe_Cap_02",Bld,Other,0.31,0.54,0.47,-0.15,-0.27,-0.23,0.15,0.27,0.23,1,104,1,0
"Assets/Synty/PolygonGeneric/Prefabs/Building/SM_Gen_Bld_Pipe_Corner_01.prefab","SM_Gen_Bld_Pipe_Corner_01",Bld,Other,0.43,0.44,0.38,-0.40,-0.19,-0.19,0.03,0.25,0.19,1,88,1,0
"Assets/Synty/PolygonGeneric/Prefabs/Building/SM_Gen_Bld_Pipe_Corner_02.prefab","SM_Gen_Bld_Pipe_Corner_02",Bld,Other,0.93,0.94,0.38,-0.90,-0.19,-0.19,0.03,0.75,0.19,1,136,1,0
"Assets/Synty/PolygonGeneric/Prefabs/Building/SM_Gen_Bld_Pipe_Cross_01.prefab","SM_Gen_Bld_Pipe_Cross_01",Bld,Other,2.53,0.50,0.38,-2.50,-0.25,-0.19,0.03,0.25,0.19,1,150,1,0
"Assets/Synty/PolygonGeneric/Prefabs/Building/SM_Gen_Bld_Pipe_Straight_01.prefab","SM_Gen_Bld_Pipe_Straight_01",Bld,Other,2.53,0.38,0.38,-2.50,-0.19,-0.19,0.03,0.19,0.19,1,96,1,0
"Assets/Synty/PolygonGeneric/Prefabs/Building/SM_Gen_Bld_Pipe_Straight_02.prefab","SM_Gen_Bld_Pipe_Straight_02",Bld,Other,2.53,0.38,0.38,-2.50,-0.19,-0.19,0.03,0.19,0.19,1,96,1,0
"Assets/Synty/PolygonGeneric/Prefabs/Building/SM_Gen_Bld_Pipe_Straight_03.prefab","SM_Gen_Bld_Pipe_Straight_03",Bld,Other,1.28,0.38,0.38,-1.25,-0.19,-0.19,0.03,0.19,0.19,1,80,1,0
"Assets/Synty/PolygonGeneric/Prefabs/Building/SM_Gen_Bld_Pipe_T_01.prefab","SM_Gen_Bld_Pipe_T_01",Bld,Other,2.53,0.44,0.38,-2.50,-0.19,-0.19,0.03,0.25,0.19,1,126,1,0
"Assets/Synty/PolygonGeneric/Prefabs/Building/SM_Gen_Bld_Pipe_Valve_01.prefab","SM_Gen_Bld_Pipe_Valve_01",Bld,Other,0.39,0.39,0.21,-0.20,-0.19,-0.02,0.19,0.19,0.19,2,194,1,0
"Assets/Synty/PolygonGeneric/Prefabs/Characters/Attachments/SM_Gen_Chr_Attach_Beanie_01.prefab","SM_Gen_Chr_Attach_Beanie_01",Chr,Other,0.30,0.24,0.31,-0.15,0.07,-0.17,0.15,0.31,0.14,1,102,1,0
"Assets/Synty/PolygonGeneric/Prefabs/Characters/Attachments/SM_Gen_Chr_Attach_Beard_01.prefab","SM_Gen_Chr_Attach_Beard_01",Chr,Other,0.27,0.28,0.17,-0.13,-0.14,0.01,0.13,0.14,0.18,1,350,1,0
"Assets/Synty/PolygonGeneric/Prefabs/Characters/Attachments/SM_Gen_Chr_Attach_Beard_02.prefab","SM_Gen_Chr_Attach_Beard_02",Chr,Other,0.23,0.19,0.13,-0.12,-0.10,0.02,0.12,0.09,0.15,1,204,1,0
"Assets/Synty/PolygonGeneric/Prefabs/Characters/Attachments/SM_Gen_Chr_Attach_Bun_01.prefab","SM_Gen_Chr_Attach_Bun_01",Chr,Other,0.13,0.14,0.15,-0.07,0.14,-0.22,0.07,0.28,-0.07,1,144,1,0
"Assets/Synty/PolygonGeneric/Prefabs/Characters/Attachments/SM_Gen_Chr_Attach_Chops_01.prefab","SM_Gen_Chr_Attach_Chops_01",Chr,Other,0.29,0.20,0.12,-0.15,-0.10,0.02,0.14,0.11,0.14,1,114,1,0
"Assets/Synty/PolygonGeneric/Prefabs/Characters/Attachments/SM_Gen_Chr_Attach_Hair_04.prefab","SM_Gen_Chr_Attach_Hair_04",Chr,Other,0.33,0.32,0.28,-0.17,-0.08,-0.17,0.15,0.24,0.12,1,244,1,0
"Assets/Synty/PolygonGeneric/Prefabs/Characters/Attachments/SM_Gen_Chr_Attach_Hair_05.prefab","SM_Gen_Chr_Attach_Hair_05",Chr,Other,0.34,0.36,0.36,-0.17,-0.10,-0.25,0.17,0.26,0.12,1,462,1,0
"Assets/Synty/PolygonGeneric/Prefabs/Characters/Attachments/SM_Gen_Chr_Attach_Hair_06.prefab","SM_Gen_Chr_Attach_Hair_06",Chr,Other,0.26,0.25,0.30,-0.13,-0.01,-0.13,0.13,0.23,0.17,1,420,1,0
"Assets/Synty/PolygonGeneric/Prefabs/Characters/Attachments/SM_Gen_Chr_Attach_Hair_07.prefab","SM_Gen_Chr_Attach_Hair_07",Chr,Other,0.38,0.45,0.33,-0.19,-0.21,-0.19,0.19,0.24,0.14,1,1789,1,0
"Assets/Synty/PolygonGeneric/Prefabs/Characters/Attachments/SM_Gen_Chr_Attach_Hair_08.prefab","SM_Gen_Chr_Attach_Hair_08",Chr,Other,0.35,0.33,0.33,-0.17,-0.03,-0.17,0.18,0.30,0.15,1,578,1,0
"Assets/Synty/PolygonGeneric/Prefabs/Characters/Attachments/SM_Gen_Chr_Attach_Hair_09.prefab","SM_Gen_Chr_Attach_Hair_09",Chr,Other,0.28,0.28,0.25,-0.14,-0.02,-0.14,0.14,0.26,0.11,1,114,1,0
"Assets/Synty/PolygonGeneric/Prefabs/Characters/Attachments/SM_Gen_Chr_Attach_Hair_09_alt.prefab","SM_Gen_Chr_Attach_Hair_09_alt",Chr,Other,0.26,0.24,0.25,-0.13,-0.02,-0.13,0.13,0.23,0.12,1,250,1,0
"Assets/Synty/PolygonGeneric/Prefabs/Characters/Attachments/SM_Gen_Chr_Attach_Hair_10.prefab","SM_Gen_Chr_Attach_Hair_10",Chr,Other,0.24,0.20,0.27,-0.12,0.03,-0.13,0.12,0.23,0.13,1,198,1,0
"Assets/Synty/PolygonGeneric/Prefabs/Characters/Attachments/SM_Gen_Chr_Attach_Hair_11.prefab","SM_Gen_Chr_Attach_Hair_11",Chr,Other,0.31,0.27,0.32,-0.15,0.03,-0.18,0.16,0.30,0.15,1,228,1,0
"Assets/Synty/PolygonGeneric/Prefabs/Characters/Attachments/SM_Gen_Chr_Attach_Hat_01.prefab","SM_Gen_Chr_Attach_Hat_01",Chr,Other,0.27,0.17,0.42,-0.14,0.11,-0.15,0.14,0.28,0.27,1,114,1,0
"Assets/Synty/PolygonGeneric/Prefabs/Characters/Attachments/SM_Gen_Chr_Attach_Hat_02.prefab","SM_Gen_Chr_Attach_Hat_02",Chr,Other,0.51,0.26,0.48,-0.25,0.04,-0.24,0.25,0.30,0.25,1,148,1,0
"Assets/Synty/PolygonGeneric/Prefabs/Characters/Attachments/SM_Gen_Chr_Attach_Headset_01.prefab","SM_Gen_Chr_Attach_Headset_01",Chr,Other,0.31,0.14,0.34,-0.15,0.04,-0.16,0.15,0.19,0.19,1,768,1,0
"Assets/Synty/PolygonGeneric/Prefabs/Characters/Attachments/SM_Gen_Chr_Attach_Headset_01_alt.prefab","SM_Gen_Chr_Attach_Headset_01_alt",Chr,Other,0.31,0.32,0.35,-0.15,-0.06,-0.16,0.15,0.26,0.19,1,1220,1,0
"Assets/Synty/PolygonGeneric/Prefabs/Characters/Attachments/SM_Gen_Chr_Attach_Headset_02.prefab","SM_Gen_Chr_Attach_Headset_02",Chr,Other,0.37,0.27,0.13,-0.19,0.01,-0.06,0.19,0.28,0.07,1,228,1,0
"Assets/Synty/PolygonGeneric/Prefabs/Characters/Attachments/SM_Gen_Chr_Attach_Moustache_01.prefab","SM_Gen_Chr_Attach_Moustache_01",Chr,Other,0.14,0.07,0.03,-0.07,-0.02,0.12,0.07,0.05,0.15,1,60,1,0
"Assets/Synty/PolygonGeneric/Prefabs/Characters/Attachments/SM_Gen_Chr_Attach_Ponytail_01.prefab","SM_Gen_Chr_Attach_Ponytail_01",Chr,Other,0.15,0.29,0.32,-0.07,0.00,-0.40,0.07,0.29,-0.08,1,306,1,0
"Assets/Synty/PolygonGeneric/Prefabs/Characters/Attachments/SM_Gen_Chr_Attach_Sunglasses_01.prefab","SM_Gen_Chr_Attach_Sunglasses_01",Chr,Other,0.25,0.07,0.19,-0.12,0.06,-0.05,0.12,0.12,0.15,1,120,1,0
"Assets/Synty/PolygonGeneric/Prefabs/Characters/SM_Gen_Chr_Business_Female_01.prefab","SM_Gen_Chr_Business_Female_01",Chr,Other,2.05,1.85,0.39,-1.03,-0.01,-0.21,1.03,1.84,0.19,23,34930,1,1
"Assets/Synty/PolygonGeneric/Prefabs/Characters/SM_Gen_Chr_Business_Male_01.prefab","SM_Gen_Chr_Business_Male_01",Chr,Other,2.05,1.85,0.39,-1.03,-0.01,-0.21,1.03,1.84,0.19,24,35180,1,1
"Assets/Synty/PolygonGeneric/Prefabs/Characters/SM_Gen_Chr_Charred_01.prefab","SM_Gen_Chr_Charred_01",Chr,Other,2.05,1.85,0.39,-1.03,-0.01,-0.21,1.03,1.84,0.19,23,34930,1,1
"Assets/Synty/PolygonGeneric/Prefabs/Characters/SM_Gen_Chr_Jumpsuit_Female_01.prefab","SM_Gen_Chr_Jumpsuit_Female_01",Chr,Other,2.05,1.85,0.39,-1.03,-0.01,-0.21,1.03,1.84,0.19,26,39607,1,1
"Assets/Synty/PolygonGeneric/Prefabs/Characters/SM_Gen_Chr_Jumpsuit_Male_01.prefab","SM_Gen_Chr_Jumpsuit_Male_01",Chr,Other,2.05,1.85,0.39,-1.03,-0.01,-0.21,1.03,1.84,0.19,25,37818,1,1
"Assets/Synty/PolygonGeneric/Prefabs/Characters/SM_Gen_Chr_Peasent_Female_01.prefab","SM_Gen_Chr_Peasent_Female_01",Chr,Other,2.05,1.85,0.39,-1.03,-0.01,-0.21,1.03,1.84,0.19,23,34930,1,1
"Assets/Synty/PolygonGeneric/Prefabs/Characters/SM_Gen_Chr_Peasent_Male_01.prefab","SM_Gen_Chr_Peasent_Male_01",Chr,Other,2.05,1.88,0.39,-1.03,-0.01,-0.21,1.03,1.87,0.19,25,35622,1,1
"Assets/Synty/PolygonGeneric/Prefabs/Characters/SM_Gen_Chr_Prisoner_Female_01.prefab","SM_Gen_Chr_Prisoner_Female_01",Chr,Other,2.05,1.85,0.39,-1.03,-0.01,-0.21,1.03,1.84,0.19,24,36719,1,1
"Assets/Synty/PolygonGeneric/Prefabs/Characters/SM_Gen_Chr_Prisoner_Male_01.prefab","SM_Gen_Chr_Prisoner_Male_01",Chr,Other,2.05,1.85,0.39,-1.03,-0.01,-0.21,1.03,1.84,0.19,25,37069,1,1
"Assets/Synty/PolygonGeneric/Prefabs/Characters/SM_Gen_Chr_Robot_01.prefab","SM_Gen_Chr_Robot_01",Chr,Other,2.05,1.85,0.39,-1.03,-0.01,-0.21,1.03,1.84,0.19,23,34930,1,1
"Assets/Synty/PolygonGeneric/Prefabs/Characters/SM_Gen_Chr_Skeleton_01.prefab","SM_Gen_Chr_Skeleton_01",Chr,Other,2.05,1.85,0.39,-1.03,-0.01,-0.21,1.03,1.84,0.19,23,34930,1,1
"Assets/Synty/PolygonGeneric/Prefabs/Characters/SM_Gen_Chr_Space_Male_01.prefab","SM_Gen_Chr_Space_Male_01",Chr,Other,2.05,1.85,0.39,-1.03,-0.01,-0.21,1.03,1.84,0.19,24,34990,1,1
"Assets/Synty/PolygonGeneric/Prefabs/Characters/SM_Gen_Chr_Street_Female_01.prefab","SM_Gen_Chr_Street_Female_01",Chr,Other,2.05,1.88,0.39,-1.03,-0.01,-0.21,1.03,1.87,0.19,24,35508,1,1
"Assets/Synty/PolygonGeneric/Prefabs/Characters/SM_Gen_Chr_Street_Female_02.prefab","SM_Gen_Chr_Street_Female_02",Chr,Other,2.05,1.85,0.43,-1.03,-0.01,-0.25,1.03,1.84,0.19,24,35392,1,1
"Assets/Synty/PolygonGeneric/Prefabs/Characters/SM_Gen_Chr_Street_Female_03.prefab","SM_Gen_Chr_Street_Female_03",Chr,Other,2.05,1.85,0.39,-1.03,-0.01,-0.21,1.03,1.84,0.19,24,35174,1,1
"Assets/Synty/PolygonGeneric/Prefabs/Characters/SM_Gen_Chr_Street_Female_04.prefab","SM_Gen_Chr_Street_Female_04",Chr,Other,2.05,1.87,0.59,-1.03,-0.01,-0.40,1.03,1.86,0.19,25,35656,1,1
"Assets/Synty/PolygonGeneric/Prefabs/Characters/SM_Gen_Chr_Street_Male_01.prefab","SM_Gen_Chr_Street_Male_01",Chr,Other,2.05,1.88,0.39,-1.03,-0.01,-0.21,1.03,1.87,0.19,24,35032,1,1
"Assets/Synty/PolygonGeneric/Prefabs/Characters/SM_Gen_Chr_Street_Male_02.prefab","SM_Gen_Chr_Street_Male_02",Chr,Other,2.05,1.86,0.48,-1.03,-0.01,-0.21,1.03,1.85,0.27,25,35164,1,1
"Assets/Synty/PolygonGeneric/Prefabs/Characters/SM_Gen_Chr_Street_Male_03.prefab","SM_Gen_Chr_Street_Male_03",Chr,Other,2.05,1.85,0.39,-1.03,-0.01,-0.21,1.03,1.84,0.19,25,35188,1,1
"Assets/Synty/PolygonGeneric/Prefabs/Characters/SM_Gen_Chr_Street_Male_04.prefab","SM_Gen_Chr_Street_Male_04",Chr,Other,2.05,1.85,0.39,-1.03,-0.01,-0.21,1.03,1.84,0.19,24,35044,1,1
"Assets/Synty/PolygonGeneric/Prefabs/Characters/SM_Gen_Chr_Underwear_Female_01.prefab","SM_Gen_Chr_Underwear_Female_01",Chr,Other,2.05,1.85,0.39,-1.03,-0.01,-0.21,1.03,1.84,0.19,27,40436,1,1
"Assets/Synty/PolygonGeneric/Prefabs/Characters/SM_Gen_Chr_Underwear_Male_01.prefab","SM_Gen_Chr_Underwear_Male_01",Chr,Other,2.05,1.85,0.39,-1.03,-0.01,-0.21,1.03,1.84,0.19,27,40436,1,1
"Assets/Synty/PolygonGeneric/Prefabs/Environment/SM_Gen_Env_Background_Mountain_01.prefab","SM_Gen_Env_Background_Mountain_01",Env,Other,95.11,39.73,10.59,-47.55,-18.34,-5.29,47.55,21.39,5.29,1,25,1,0
"Assets/Synty/PolygonGeneric/Prefabs/Environment/SM_Gen_Env_Background_Mountain_02.prefab","SM_Gen_Env_Background_Mountain_02",Env,Other,102.62,46.06,16.30,-51.31,-18.34,-8.15,51.31,27.72,8.15,1,88,1,0
"Assets/Synty/PolygonGeneric/Prefabs/Environment/SM_Gen_Env_Background_Mountain_03.prefab","SM_Gen_Env_Background_Mountain_03",Env,Other,100.73,50.45,13.35,-50.36,-18.34,-6.67,50.36,32.11,6.67,1,102,1,0
"Assets/Synty/PolygonGeneric/Prefabs/Environment/SM_Gen_Env_Bush_01.prefab","SM_Gen_Env_Bush_01",Env,Other,3.71,1.40,2.90,-1.85,-0.17,-1.45,1.85,1.22,1.45,1,400,1,0
"Assets/Synty/PolygonGeneric/Prefabs/Environment/SM_Gen_Env_Bush_02.prefab","SM_Gen_Env_Bush_02",Env,Other,2.55,1.74,2.39,-1.35,-0.07,-1.17,1.20,1.66,1.22,1,266,1,0
"Assets/Synty/PolygonGeneric/Prefabs/Environment/SM_Gen_Env_Bush_03.prefab","SM_Gen_Env_Bush_03",Env,Other,2.71,1.72,2.42,-1.53,-0.23,-1.28,1.18,1.49,1.14,1,272,1,0
"Assets/Synty/PolygonGeneric/Prefabs/Environment/SM_Gen_Env_Bush_04.prefab","SM_Gen_Env_Bush_04",Env,Other,2.91,1.57,3.05,-1.46,-0.15,-1.52,1.46,1.42,1.52,1,296,1,0
"Assets/Synty/PolygonGeneric/Prefabs/Environment/SM_Gen_Env_Bush_Large_01.prefab","SM_Gen_Env_Bush_Large_01",Env,Other,6.33,2.96,6.01,-3.00,-0.66,-2.96,3.32,2.30,3.05,1,1190,1,0
"Assets/Synty/PolygonGeneric/Prefabs/Environment/SM_Gen_Env_Bush_Large_02.prefab","SM_Gen_Env_Bush_Large_02",Env,Other,6.30,2.87,4.42,-3.56,-0.50,-2.34,2.75,2.36,2.08,1,696,1,0
"Assets/Synty/PolygonGeneric/Prefabs/Environment/SM_Gen_Env_Bush_Large_03.prefab","SM_Gen_Env_Bush_Large_03",Env,Other,4.93,2.82,5.57,-2.90,-0.74,-2.93,2.03,2.08,2.63,1,1058,1,0
"Assets/Synty/PolygonGeneric/Prefabs/Environment/SM_Gen_Env_Bush_Large_04.prefab","SM_Gen_Env_Bush_Large_04",Env,Other,4.17,1.75,3.96,-2.16,-0.49,-1.96,2.02,1.26,2.00,1,348,1,0
"Assets/Synty/PolygonGeneric/Prefabs/Environment/SM_Gen_Env_Bush_Part_01.prefab","SM_Gen_Env_Bush_Part_01",Env,Other,1.41,1.22,1.31,-0.71,0.02,-0.65,0.71,1.24,0.65,1,30,1,0
"Assets/Synty/PolygonGeneric/Prefabs/Environment/SM_Gen_Env_Bush_Part_02.prefab","SM_Gen_Env_Bush_Part_02",Env,Other,1.55,1.37,1.40,-0.78,0.02,-0.77,0.78,1.40,0.62,1,72,1,0
"Assets/Synty/PolygonGeneric/Prefabs/Environment/SM_Gen_Env_Bush_Part_03.prefab","SM_Gen_Env_Bush_Part_03",Env,Other,1.24,0.96,1.29,-0.62,0.02,-0.65,0.62,0.98,0.65,1,30,1,0
"Assets/Synty/PolygonGeneric/Prefabs/Environment/SM_Gen_Env_Bush_Part_04.prefab","SM_Gen_Env_Bush_Part_04",Env,Other,0.92,1.09,0.93,-0.46,-0.02,-0.47,0.46,1.07,0.47,1,64,1,0
"Assets/Synty/PolygonGeneric/Prefabs/Environment/SM_Gen_Env_Bush_Part_05.prefab","SM_Gen_Env_Bush_Part_05",Env,Other,0.97,1.32,1.02,-0.48,-0.03,-0.51,0.49,1.29,0.51,1,64,1,0
"Assets/Synty/PolygonGeneric/Prefabs/Environment/SM_Gen_Env_Bush_Part_06.prefab","SM_Gen_Env_Bush_Part_06",Env,Other,0.75,1.00,0.81,-0.39,0.00,-0.36,0.36,1.00,0.45,1,24,1,0
"Assets/Synty/PolygonGeneric/Prefabs/Environment/SM_Gen_Env_Cliff_01.prefab","SM_Gen_Env_Cliff_01",Env,Other,9.06,12.88,6.23,-4.17,0.80,-3.59,4.89,13.68,2.64,1,298,1,0
"Assets/Synty/PolygonGeneric/Prefabs/Environment/SM_Gen_Env_Cliff_02.prefab","SM_Gen_Env_Cliff_02",Env,Other,8.49,9.97,6.86,-4.37,-1.35,-3.42,4.12,8.62,3.44,1,530,1,0
"Assets/Synty/PolygonGeneric/Prefabs/Environment/SM_Gen_Env_Cliff_03.prefab","SM_Gen_Env_Cliff_03",Env,Other,7.67,12.81,10.82,-3.79,-1.34,-5.56,3.88,11.47,5.26,1,410,1,0
"Assets/Synty/PolygonGeneric/Prefabs/Environment/SM_Gen_Env_Cliff_04.prefab","SM_Gen_Env_Cliff_04",Env,Other,14.92,14.45,6.86,-7.17,-1.30,-3.42,7.75,13.15,3.44,1,426,1,0
"Assets/Synty/PolygonGeneric/Prefabs/Environment/SM_Gen_Env_Cliff_Arch_01.prefab","SM_Gen_Env_Cliff_Arch_01",Env,Other,11.85,6.66,4.71,-2.93,-1.72,-2.39,8.93,4.93,2.32,1,408,1,0
"Assets/Synty/PolygonGeneric/Prefabs/Environment/SM_Gen_Env_Cliff_Arch_02.prefab","SM_Gen_Env_Cliff_Arch_02",Env,Other,9.31,8.48,4.80,-1.10,0.21,-2.43,8.21,8.69,2.36,1,398,1,0
"Assets/Synty/PolygonGeneric/Prefabs/Environment/SM_Gen_Env_Cliff_Pillar_01.prefab","SM_Gen_Env_Cliff_Pillar_01",Env,Pillar,3.04,9.56,3.26,-1.54,0.00,-1.63,1.50,9.56,1.63,1,298,1,0
"Assets/Synty/PolygonGeneric/Prefabs/Environment/SM_Gen_Env_Cloud_01.prefab","SM_Gen_Env_Cloud_01",Env,Other,41.95,10.37,10.10,-20.98,0.00,-5.05,20.98,10.37,5.05,1,284,1,0
"Assets/Synty/PolygonGeneric/Prefabs/Environment/SM_Gen_Env_Cloud_02.prefab","SM_Gen_Env_Cloud_02",Env,Other,45.81,9.95,16.15,-22.90,0.00,-8.07,22.90,9.95,8.07,1,252,1,0
"Assets/Synty/PolygonGeneric/Prefabs/Environment/SM_Gen_Env_Cloud_03.prefab","SM_Gen_Env_Cloud_03",Env,Other,44.16,7.20,24.42,-22.08,0.00,-12.21,22.08,7.20,12.21,1,490,1,0
"Assets/Synty/PolygonGeneric/Prefabs/Environment/SM_Gen_Env_Cloud_Ring_01.prefab","SM_Gen_Env_Cloud_Ring_01",Env,Other,343.92,30.29,321.56,-163.67,22.96,-165.26,180.26,53.24,156.30,1,14456,1,0
"Assets/Synty/PolygonGeneric/Prefabs/Environment/SM_Gen_Env_Dirt_Cliff_01.prefab","SM_Gen_Env_Dirt_Cliff_01",Env,Other,11.58,9.15,11.88,-5.75,-1.21,-7.94,5.83,7.95,3.95,1,764,1,0
"Assets/Synty/PolygonGeneric/Prefabs/Environment/SM_Gen_Env_Dirt_Cliff_02.prefab","SM_Gen_Env_Dirt_Cliff_02",Env,Other,13.37,10.22,9.35,-6.68,-1.30,-5.01,6.70,8.92,4.34,1,826,1,0
"Assets/Synty/PolygonGeneric/Prefabs/Environment/SM_Gen_Env_Dirt_Cliff_03.prefab","SM_Gen_Env_Dirt_Cliff_03",Env,Other,25.44,10.07,14.11,-13.10,-1.15,-7.38,12.34,8.92,6.73,1,1092,1,0
"Assets/Synty/PolygonGeneric/Prefabs/Environment/SM_Gen_Env_Dirt_Cliff_04.prefab","SM_Gen_Env_Dirt_Cliff_04",Env,Other,25.54,9.97,14.10,-12.57,-1.58,-6.94,12.97,8.39,7.17,1,1712,1,0
"Assets/Synty/PolygonGeneric/Prefabs/Environment/SM_Gen_Env_Dirt_Cliff_05.prefab","SM_Gen_Env_Dirt_Cliff_05",Env,Other,11.92,9.80,14.21,-5.94,-0.75,-8.09,5.98,9.05,6.12,1,524,1,0
"Assets/Synty/PolygonGeneric/Prefabs/Environment/SM_Gen_Env_Dirt_Cliff_06.prefab","SM_Gen_Env_Dirt_Cliff_06",Env,Other,12.20,6.10,18.38,-6.08,-1.07,-9.86,6.12,5.03,8.53,1,636,1,0
"Assets/Synty/PolygonGeneric/Prefabs/Environment/SM_Gen_Env_Dirt_Cliff_07.prefab","SM_Gen_Env_Dirt_Cliff_07",Env,Other,12.20,8.14,12.03,-6.28,-1.17,-5.75,5.92,6.97,6.28,1,862,1,0
"Assets/Synty/PolygonGeneric/Prefabs/Environment/SM_Gen_Env_Dirt_Cliff_08.prefab","SM_Gen_Env_Dirt_Cliff_08",Env,Other,12.78,6.10,12.59,-6.38,-2.46,-9.45,6.40,3.65,3.14,1,300,1,0
"Assets/Synty/PolygonGeneric/Prefabs/Environment/SM_Gen_Env_Fern_01.prefab","SM_Gen_Env_Fern_01",Env,Other,1.19,0.72,1.08,-0.57,-0.02,-0.55,0.62,0.70,0.54,1,448,1,0
"Assets/Synty/PolygonGeneric/Prefabs/Environment/SM_Gen_Env_Fern_02.prefab","SM_Gen_Env_Fern_02",Env,Other,1.60,0.64,1.61,-0.71,-0.02,-0.80,0.89,0.61,0.81,1,248,1,0
"Assets/Synty/PolygonGeneric/Prefabs/Environment/SM_Gen_Env_Fern_03.prefab","SM_Gen_Env_Fern_03",Env,Other,1.70,0.58,1.71,-0.89,0.00,-0.88,0.81,0.58,0.83,1,252,1,0
"Assets/Synty/PolygonGeneric/Prefabs/Environment/SM_Gen_Env_Flowers_01.prefab","SM_Gen_Env_Flowers_01",Env,Other,1.04,0.55,1.48,-0.53,-0.07,-0.72,0.51,0.48,0.76,1,449,1,0
"Assets/Synty/PolygonGeneric/Prefabs/Environment/SM_Gen_Env_Flowers_02.prefab","SM_Gen_Env_Flowers_02",Env,Other,0.63,0.55,1.00,-0.28,-0.07,-0.54,0.35,0.48,0.46,1,240,1,0
"Assets/Synty/PolygonGeneric/Prefabs/Environment/SM_Gen_Env_Flowers_03.prefab","SM_Gen_Env_Flowers_03",Env,Other,0.57,0.55,0.34,-0.32,-0.07,-0.13,0.25,0.48,0.21,1,116,1,0
"Assets/Synty/PolygonGeneric/Prefabs/Environment/SM_Gen_Env_Flowers_04.prefab","SM_Gen_Env_Flowers_04",Env,Other,0.82,1.18,0.72,-0.37,-0.12,-0.38,0.44,1.06,0.34,1,385,1,0
"Assets/Synty/PolygonGeneric/Prefabs/Environment/SM_Gen_Env_Flowers_05.prefab","SM_Gen_Env_Flowers_05",Env,Other,0.64,1.00,0.64,-0.32,-0.09,-0.31,0.32,0.91,0.33,1,346,1,0
"Assets/Synty/PolygonGeneric/Prefabs/Environment/SM_Gen_Env_Flowers_06.prefab","SM_Gen_Env_Flowers_06",Env,Other,0.39,0.97,0.42,-0.16,-0.09,-0.26,0.23,0.88,0.17,1,137,1,0
"Assets/Synty/PolygonGeneric/Prefabs/Environment/SM_Gen_Env_Flowers_07.prefab","SM_Gen_Env_Flowers_07",Env,Other,0.49,1.12,0.52,-0.24,-0.10,-0.26,0.24,1.02,0.26,1,248,1,0
"Assets/Synty/PolygonGeneric/Prefabs/Environment/SM_Gen_Env_Flowers_08.prefab","SM_Gen_Env_Flowers_08",Env,Other,0.61,1.21,0.67,-0.31,-0.10,-0.34,0.31,1.11,0.34,1,351,1,0
"Assets/Synty/PolygonGeneric/Prefabs/Environment/SM_Gen_Env_Grass_01.prefab","SM_Gen_Env_Grass_01",Env,Other,0.33,0.44,0.77,-0.21,-0.08,-0.44,0.12,0.36,0.33,1,66,1,0
"Assets/Synty/PolygonGeneric/Prefabs/Environment/SM_Gen_Env_Grass_02.prefab","SM_Gen_Env_Grass_02",Env,Other,0.33,0.38,0.44,-0.13,-0.08,-0.22,0.20,0.29,0.21,1,66,1,0
"Assets/Synty/PolygonGeneric/Prefabs/Environment/SM_Gen_Env_Grass_03.prefab","SM_Gen_Env_Grass_03",Env,Other,0.47,0.72,0.48,-0.08,-0.07,-0.21,0.39,0.65,0.27,1,88,1,0
"Assets/Synty/PolygonGeneric/Prefabs/Environment/SM_Gen_Env_Grass_04.prefab","SM_Gen_Env_Grass_04",Env,Other,1.11,0.96,1.29,-0.56,-0.06,-0.65,0.56,0.90,0.65,1,238,1,0
"Assets/Synty/PolygonGeneric/Prefabs/Environment/SM_Gen_Env_Grass_05.prefab","SM_Gen_Env_Grass_05",Env,Other,2.81,0.77,2.16,-1.40,-0.08,-1.08,1.40,0.69,1.08,1,602,1,0
"Assets/Synty/PolygonGeneric/Prefabs/Environment/SM_Gen_Env_Grass_06.prefab","SM_Gen_Env_Grass_06",Env,Other,6.74,0.91,7.22,-3.01,-0.11,-3.91,3.73,0.80,3.31,1,4600,1,0
"Assets/Synty/PolygonGeneric/Prefabs/Environment/SM_Gen_Env_Grass_07.prefab","SM_Gen_Env_Grass_07",Env,Other,8.08,0.85,7.61,-3.72,-0.11,-3.85,4.36,0.74,3.75,1,5666,1,0
"Assets/Synty/PolygonGeneric/Prefabs/Environment/SM_Gen_Env_Grass_Tall_01.prefab","SM_Gen_Env_Grass_Tall_01",Env,Other,1.00,1.48,0.95,-0.50,-0.03,-0.47,0.50,1.45,0.47,1,164,1,0
"Assets/Synty/PolygonGeneric/Prefabs/Environment/SM_Gen_Env_Grass_Tall_02.prefab","SM_Gen_Env_Grass_Tall_02",Env,Other,1.28,1.42,0.74,-0.60,-0.03,-0.45,0.68,1.39,0.29,1,164,1,0
"Assets/Synty/PolygonGeneric/Prefabs/Environment/SM_Gen_Env_Grass_Tall_03.prefab","SM_Gen_Env_Grass_Tall_03",Env,Other,1.91,1.61,1.42,-0.88,-0.03,-0.73,1.03,1.57,0.69,1,328,1,0
"Assets/Synty/PolygonGeneric/Prefabs/Environment/SM_Gen_Env_Grass_Tall_04.prefab","SM_Gen_Env_Grass_Tall_04",Env,Other,3.83,1.72,3.14,-1.92,-0.08,-1.57,1.92,1.64,1.57,1,738,1,0
"Assets/Synty/PolygonGeneric/Prefabs/Environment/SM_Gen_Env_Ground_Dirt_01.prefab","SM_Gen_Env_Ground_Dirt_01",Env,Other,4.51,0.09,4.37,-2.28,0.00,-2.18,2.24,0.09,2.18,1,154,1,0
"Assets/Synty/PolygonGeneric/Prefabs/Environment/SM_Gen_Env_Ground_Dirt_02.prefab","SM_Gen_Env_Ground_Dirt_02",Env,Other,7.80,0.09,7.52,-3.90,0.00,-3.76,3.90,0.09,3.76,1,319,1,0
"Assets/Synty/PolygonGeneric/Prefabs/Environment/SM_Gen_Env_Ground_Dirt_03.prefab","SM_Gen_Env_Ground_Dirt_03",Env,Other,9.38,0.38,9.50,-4.71,-0.01,-4.99,4.67,0.37,4.51,1,236,1,0
"Assets/Synty/PolygonGeneric/Prefabs/Environment/SM_Gen_Env_Ground_Dirt_04.prefab","SM_Gen_Env_Ground_Dirt_04",Env,Other,6.86,0.30,6.79,-3.36,-0.03,-3.81,3.50,0.27,2.99,1,323,1,0
"Assets/Synty/PolygonGeneric/Prefabs/Environment/SM_Gen_Env_Ground_Dirt_Large_01.prefab","SM_Gen_Env_Ground_Dirt_Large_01",Env,Other,10.79,0.09,10.42,-5.40,0.00,-5.21,5.40,0.09,5.21,1,319,1,0
"Assets/Synty/PolygonGeneric/Prefabs/Environment/SM_Gen_Env_Ground_Dirt_Large_02.prefab","SM_Gen_Env_Ground_Dirt_Large_02",Env,Other,22.44,0.13,13.66,-12.01,0.00,-8.63,10.44,0.13,5.04,1,319,1,0
"Assets/Synty/PolygonGeneric/Prefabs/Environment/SM_Gen_Env_Ground_Dirt_Large_03.prefab","SM_Gen_Env_Ground_Dirt_Large_03",Env,Other,42.09,1.19,42.18,-20.48,-0.26,-21.29,21.61,0.93,20.90,1,1236,1,0
"Assets/Synty/PolygonGeneric/Prefabs/Environment/SM_Gen_Env_Ground_Edge_01.prefab","SM_Gen_Env_Ground_Edge_01",Env,Other,1.53,0.22,0.49,-0.85,-0.06,-0.03,0.68,0.17,0.46,1,28,1,0
"Assets/Synty/PolygonGeneric/Prefabs/Environment/SM_Gen_Env_Ground_Edge_02.prefab","SM_Gen_Env_Ground_Edge_02",Env,Other,2.74,0.29,0.54,-1.52,-0.06,-0.05,1.22,0.23,0.49,1,48,1,0
"Assets/Synty/PolygonGeneric/Prefabs/Environment/SM_Gen_Env_Ground_Edge_03.prefab","SM_Gen_Env_Ground_Edge_03",Env,Other,2.74,0.29,0.63,-1.22,-0.06,-0.05,1.52,0.23,0.57,1,37,1,0
"Assets/Synty/PolygonGeneric/Prefabs/Environment/SM_Gen_Env_Ground_Edge_04.prefab","SM_Gen_Env_Ground_Edge_04",Env,Other,2.75,0.37,1.03,-1.22,-0.06,-0.05,1.52,0.31,0.98,1,73,1,0
"Assets/Synty/PolygonGeneric/Prefabs/Environment/SM_Gen_Env_Ground_Edge_05.prefab","SM_Gen_Env_Ground_Edge_05",Env,Other,2.74,0.29,1.14,-1.22,-0.06,-0.61,1.52,0.23,0.53,1,75,1,0
"Assets/Synty/PolygonGeneric/Prefabs/Environment/SM_Gen_Env_Ground_Grass_01.prefab","SM_Gen_Env_Ground_Grass_01",Env,Other,4.51,0.09,4.37,-2.28,0.00,-2.18,2.24,0.09,2.18,1,154,1,0
"Assets/Synty/PolygonGeneric/Prefabs/Environment/SM_Gen_Env_Ground_Grass_02.prefab","SM_Gen_Env_Ground_Grass_02",Env,Other,7.80,0.09,7.52,-3.90,0.00,-3.76,3.90,0.09,3.76,1,319,1,0
"Assets/Synty/PolygonGeneric/Prefabs/Environment/SM_Gen_Env_Ground_Grass_03.prefab","SM_Gen_Env_Ground_Grass_03",Env,Other,9.38,0.38,9.50,-4.71,-0.01,-4.99,4.67,0.37,4.51,1,236,1,0
"Assets/Synty/PolygonGeneric/Prefabs/Environment/SM_Gen_Env_Ground_Grass_04.prefab","SM_Gen_Env_Ground_Grass_04",Env,Other,6.86,0.30,6.79,-3.36,-0.03,-3.81,3.50,0.27,2.99,1,321,1,0
"Assets/Synty/PolygonGeneric/Prefabs/Environment/SM_Gen_Env_Ground_Grass_Large_01.prefab","SM_Gen_Env_Ground_Grass_Large_01",Env,Other,10.79,0.09,10.42,-5.40,0.00,-5.21,5.40,0.09,5.21,1,319,1,0
"Assets/Synty/PolygonGeneric/Prefabs/Environment/SM_Gen_Env_Ground_Grass_Large_02.prefab","SM_Gen_Env_Ground_Grass_Large_02",Env,Other,22.44,0.13,13.66,-12.01,0.00,-8.63,10.44,0.13,5.04,1,319,1,0
"Assets/Synty/PolygonGeneric/Prefabs/Environment/SM_Gen_Env_Ground_Grass_Large_03.prefab","SM_Gen_Env_Ground_Grass_Large_03",Env,Other,42.09,1.51,42.18,-20.48,-0.21,-21.29,21.61,1.31,20.90,1,1234,1,0
"Assets/Synty/PolygonGeneric/Prefabs/Environment/SM_Gen_Env_Ground_River_Dirt_01.prefab","SM_Gen_Env_Ground_River_Dirt_01",Env,Other,9.78,1.92,4.97,-4.89,-0.33,-1.06,4.89,1.59,3.91,1,346,1,0
"Assets/Synty/PolygonGeneric/Prefabs/Environment/SM_Gen_Env_Ground_River_Dirt_02.prefab","SM_Gen_Env_Ground_River_Dirt_02",Env,Other,7.37,3.00,4.73,-3.70,-0.30,-3.37,3.68,2.70,1.36,1,480,1,0
"Assets/Synty/PolygonGeneric/Prefabs/Environment/SM_Gen_Env_Ground_River_Dirt_03.prefab","SM_Gen_Env_Ground_River_Dirt_03",Env,Other,11.24,3.64,6.97,-5.43,-0.30,-4.50,5.81,3.34,2.47,1,442,1,0
"Assets/Synty/PolygonGeneric/Prefabs/Environment/SM_Gen_Env_Ground_River_Dirt_04.prefab","SM_Gen_Env_Ground_River_Dirt_04",Env,Other,10.36,2.15,7.52,-5.11,-0.41,-3.51,5.25,1.73,4.01,1,372,1,0
"Assets/Synty/PolygonGeneric/Prefabs/Environment/SM_Gen_Env_Ground_River_Dirt_05.prefab","SM_Gen_Env_Ground_River_Dirt_05",Env,Other,10.35,2.07,6.77,-4.87,-0.33,-1.08,5.48,1.73,5.69,1,370,1,0
"Assets/Synty/PolygonGeneric/Prefabs/Environment/SM_Gen_Env_Ground_River_Dirt_06.prefab","SM_Gen_Env_Ground_River_Dirt_06",Env,Other,4.86,3.33,4.73,-2.45,-0.30,-2.43,2.41,3.03,2.30,1,292,1,0
"Assets/Synty/PolygonGeneric/Prefabs/Environment/SM_Gen_Env_Ground_River_Dirt_07.prefab","SM_Gen_Env_Ground_River_Dirt_07",Env,Other,7.63,3.49,7.84,-3.85,-0.29,-3.89,3.77,3.20,3.96,1,316,1,0
"Assets/Synty/PolygonGeneric/Prefabs/Environment/SM_Gen_Env_Ground_River_Dirt_Large_01.prefab","SM_Gen_Env_Ground_River_Dirt_Large_01",Env,Other,27.61,5.84,33.31,-15.48,-5.21,-13.62,12.13,0.64,19.70,1,922,1,0
"Assets/Synty/PolygonGeneric/Prefabs/Environment/SM_Gen_Env_Ground_River_Dirt_Large_02.prefab","SM_Gen_Env_Ground_River_Dirt_Large_02",Env,Other,28.37,5.76,32.91,-16.33,-4.73,-13.64,12.04,1.02,19.27,1,846,1,0
"Assets/Synty/PolygonGeneric/Prefabs/Environment/SM_Gen_Env_Ground_River_Dirt_Large_03.prefab","SM_Gen_Env_Ground_River_Dirt_Large_03",Env,Other,25.86,5.37,31.55,-14.70,-4.68,-13.29,11.16,0.69,18.26,1,857,1,0
"Assets/Synty/PolygonGeneric/Prefabs/Environment/SM_Gen_Env_Ground_River_Grass_01.prefab","SM_Gen_Env_Ground_River_Grass_01",Env,Other,9.78,1.92,4.97,-4.89,-0.33,-1.06,4.89,1.59,3.91,1,346,1,0
"Assets/Synty/PolygonGeneric/Prefabs/Environment/SM_Gen_Env_Ground_River_Grass_02.prefab","SM_Gen_Env_Ground_River_Grass_02",Env,Other,7.37,3.00,4.73,-3.70,-0.30,-3.37,3.68,2.70,1.36,1,480,1,0
"Assets/Synty/PolygonGeneric/Prefabs/Environment/SM_Gen_Env_Ground_River_Grass_03.prefab","SM_Gen_Env_Ground_River_Grass_03",Env,Other,11.24,3.64,6.97,-5.43,-0.30,-4.50,5.81,3.34,2.47,1,442,1,0
"Assets/Synty/PolygonGeneric/Prefabs/Environment/SM_Gen_Env_Ground_River_Grass_04.prefab","SM_Gen_Env_Ground_River_Grass_04",Env,Other,10.36,2.15,7.52,-5.11,-0.41,-3.51,5.25,1.73,4.01,1,372,1,0
"Assets/Synty/PolygonGeneric/Prefabs/Environment/SM_Gen_Env_Ground_River_Grass_05.prefab","SM_Gen_Env_Ground_River_Grass_05",Env,Other,10.35,2.07,6.77,-4.87,-0.33,-1.08,5.48,1.73,5.69,1,370,1,0
"Assets/Synty/PolygonGeneric/Prefabs/Environment/SM_Gen_Env_Ground_River_Grass_06.prefab","SM_Gen_Env_Ground_River_Grass_06",Env,Other,4.86,3.33,4.73,-2.45,-0.30,-2.43,2.41,3.03,2.30,1,292,1,0
"Assets/Synty/PolygonGeneric/Prefabs/Environment/SM_Gen_Env_Ground_River_Grass_07.prefab","SM_Gen_Env_Ground_River_Grass_07",Env,Other,7.63,3.49,7.84,-3.85,-0.29,-3.89,3.77,3.20,3.96,1,316,1,0
"Assets/Synty/PolygonGeneric/Prefabs/Environment/SM_Gen_Env_Ground_River_Grass_Large_01.prefab","SM_Gen_Env_Ground_River_Grass_Large_01",Env,Other,27.61,5.84,33.31,-15.48,-5.21,-13.62,12.13,0.64,19.70,1,922,1,0
"Assets/Synty/PolygonGeneric/Prefabs/Environment/SM_Gen_Env_Ground_River_Grass_Large_02.prefab","SM_Gen_Env_Ground_River_Grass_Large_02",Env,Other,28.37,5.76,32.91,-16.33,-4.73,-13.64,12.04,1.02,19.27,1,846,1,0
"Assets/Synty/PolygonGeneric/Prefabs/Environment/SM_Gen_Env_Ground_River_Grass_Large_03.prefab","SM_Gen_Env_Ground_River_Grass_Large_03",Env,Other,25.86,5.37,31.55,-14.70,-4.68,-13.29,11.16,0.69,18.26,1,857,1,0
"Assets/Synty/PolygonGeneric/Prefabs/Environment/SM_Gen_Env_Ground_Slope_Dirt_01.prefab","SM_Gen_Env_Ground_Slope_Dirt_01",Env,Other,12.51,4.98,24.97,-6.40,-1.49,-11.24,6.11,3.49,13.73,1,376,1,0
"Assets/Synty/PolygonGeneric/Prefabs/Environment/SM_Gen_Env_Ground_Slope_Dirt_02.prefab","SM_Gen_Env_Ground_Slope_Dirt_02",Env,Other,23.52,4.93,24.95,-12.08,-1.32,-11.17,11.44,3.61,13.78,1,422,1,0
"Assets/Synty/PolygonGeneric/Prefabs/Environment/SM_Gen_Env_Ground_Slope_Grass_01.prefab","SM_Gen_Env_Ground_Slope_Grass_01",Env,Other,12.51,4.98,24.97,-6.40,-1.49,-11.24,6.11,3.49,13.73,1,376,1,0
"Assets/Synty/PolygonGeneric/Prefabs/Environment/SM_Gen_Env_Ground_Slope_Grass_02.prefab","SM_Gen_Env_Ground_Slope_Grass_02",Env,Other,23.52,4.93,24.95,-12.08,-1.32,-11.17,11.44,3.61,13.78,1,422,1,0
"Assets/Synty/PolygonGeneric/Prefabs/Environment/SM_Gen_Env_Hill_01.prefab","SM_Gen_Env_Hill_01",Env,Other,36.06,7.25,21.41,-18.03,0.00,-10.70,18.03,7.25,10.70,1,1008,1,0
"Assets/Synty/PolygonGeneric/Prefabs/Environment/SM_Gen_Env_Hill_02.prefab","SM_Gen_Env_Hill_02",Env,Other,42.97,6.66,28.37,-21.49,0.00,-14.15,21.49,6.66,14.22,1,156,1,0
"Assets/Synty/PolygonGeneric/Prefabs/Environment/SM_Gen_Env_Hill_03.prefab","SM_Gen_Env_Hill_03",Env,Other,24.55,5.46,25.22,-12.27,0.00,-12.61,12.27,5.46,12.61,1,156,1,0
"Assets/Synty/PolygonGeneric/Prefabs/Environment/SM_Gen_Env_Hill_04.prefab","SM_Gen_Env_Hill_04",Env,Other,20.06,5.16,33.90,-12.61,0.00,-17.07,7.46,5.16,16.83,1,163,1,0
"Assets/Synty/PolygonGeneric/Prefabs/Environment/SM_Gen_Env_Hill_05.prefab","SM_Gen_Env_Hill_05",Env,Other,24.54,4.20,31.52,-12.54,0.00,-15.89,12.00,4.20,15.63,1,163,1,0
"Assets/Synty/PolygonGeneric/Prefabs/Environment/SM_Gen_Env_Ivy_01.prefab","SM_Gen_Env_Ivy_01",Env,Other,2.39,2.34,0.09,-1.19,-1.17,0.00,1.19,1.17,0.09,1,38,1,0
"Assets/Synty/PolygonGeneric/Prefabs/Environment/SM_Gen_Env_Ivy_02.prefab","SM_Gen_Env_Ivy_02",Env,Other,2.03,1.72,0.11,-0.99,-0.86,0.00,1.03,0.86,0.11,1,38,1,0
"Assets/Synty/PolygonGeneric/Prefabs/Environment/SM_Gen_Env_Ivy_03.prefab","SM_Gen_Env_Ivy_03",Env,Other,1.57,1.63,0.07,-0.78,-0.82,0.00,0.78,0.82,0.08,1,40,1,0
"Assets/Synty/PolygonGeneric/Prefabs/Environment/SM_Gen_Env_Ivy_04.prefab","SM_Gen_Env_Ivy_04",Env,Other,1.17,1.55,0.06,-0.58,-0.77,0.00,0.58,0.77,0.07,1,24,1,0
"Assets/Synty/PolygonGeneric/Prefabs/Environment/SM_Gen_Env_Ivy_05.prefab","SM_Gen_Env_Ivy_05",Env,Other,1.16,1.56,0.08,-0.58,-0.78,0.00,0.58,0.78,0.09,1,24,1,0
"Assets/Synty/PolygonGeneric/Prefabs/Environment/SM_Gen_Env_Ivy_06.prefab","SM_Gen_Env_Ivy_06",Env,Other,1.44,0.68,0.08,-0.72,-0.33,0.00,0.72,0.35,0.08,1,16,1,0
"Assets/Synty/PolygonGeneric/Prefabs/Environment/SM_Gen_Env_Ivy_07.prefab","SM_Gen_Env_Ivy_07",Env,Other,1.10,0.69,0.04,-0.55,-0.34,0.00,0.55,0.34,0.04,1,22,1,0
"Assets/Synty/PolygonGeneric/Prefabs/Environment/SM_Gen_Env_Ivy_08.prefab","SM_Gen_Env_Ivy_08",Env,Other,2.62,2.95,0.12,-1.28,-1.44,0.00,1.34,1.51,0.12,1,132,1,0
"Assets/Synty/PolygonGeneric/Prefabs/Environment/SM_Gen_Env_Ivy_09.prefab","SM_Gen_Env_Ivy_09",Env,Other,3.05,1.67,0.12,-1.60,-1.24,0.00,1.45,0.43,0.12,1,138,1,0
"Assets/Synty/PolygonGeneric/Prefabs/Environment/SM_Gen_Env_Ivy_10.prefab","SM_Gen_Env_Ivy_10",Env,Other,3.30,2.34,0.17,-2.11,-1.16,0.00,1.19,1.18,0.17,1,122,1,0
"Assets/Synty/PolygonGeneric/Prefabs/Environment/SM_Gen_Env_Ivy_11.prefab","SM_Gen_Env_Ivy_11",Env,Other,2.97,1.42,0.09,-1.41,-0.56,0.00,1.57,0.86,0.10,1,138,1,0
"Assets/Synty/PolygonGeneric/Prefabs/Environment/SM_Gen_Env_Ivy_12.prefab","SM_Gen_Env_Ivy_12",Env,Other,0.91,2.12,1.37,-0.10,-0.81,-1.26,0.81,1.31,0.11,1,98,1,0
"Assets/Synty/PolygonGeneric/Prefabs/Environment/SM_Gen_Env_Ivy_13.prefab","SM_Gen_Env_Ivy_13",Env,Other,3.50,3.57,0.11,-1.75,-1.78,0.00,1.75,1.78,0.11,1,114,1,0
"Assets/Synty/PolygonGeneric/Prefabs/Environment/SM_Gen_Env_Ivy_Draped_01.prefab","SM_Gen_Env_Ivy_Draped_01",Env,Other,3.18,1.49,0.77,-1.54,-1.43,-0.51,1.63,0.06,0.26,1,116,1,0
"Assets/Synty/PolygonGeneric/Prefabs/Environment/SM_Gen_Env_Ivy_Draped_02.prefab","SM_Gen_Env_Ivy_Draped_02",Env,Other,0.89,1.78,0.62,-0.45,-1.68,-0.44,0.44,0.10,0.18,1,64,1,0
"Assets/Synty/PolygonGeneric/Prefabs/Environment/SM_Gen_Env_Ivy_Draped_03.prefab","SM_Gen_Env_Ivy_Draped_03",Env,Other,3.11,0.53,0.76,-1.59,-0.46,-0.50,1.52,0.07,0.26,1,78,1,0
"Assets/Synty/PolygonGeneric/Prefabs/Environment/SM_Gen_Env_Leaves_01.prefab","SM_Gen_Env_Leaves_01",Env,Other,1.87,0.07,2.06,-0.64,-0.03,-1.29,1.23,0.04,0.76,1,182,1,0
"Assets/Synty/PolygonGeneric/Prefabs/Environment/SM_Gen_Env_Leaves_02.prefab","SM_Gen_Env_Leaves_02",Env,Other,1.77,0.05,2.84,-0.78,-0.01,-1.38,0.99,0.04,1.45,1,99,1,0
"Assets/Synty/PolygonGeneric/Prefabs/Environment/SM_Gen_Env_Leaves_03.prefab","SM_Gen_Env_Leaves_03",Env,Other,2.82,0.09,2.38,-1.90,-0.01,-0.99,0.92,0.08,1.39,1,99,1,0
"Assets/Synty/PolygonGeneric/Prefabs/Environment/SM_Gen_Env_Leaves_Pile_01.prefab","SM_Gen_Env_Leaves_Pile_01",Env,Other,2.43,0.31,1.89,-1.29,-0.07,-1.15,1.14,0.24,0.74,1,333,1,0
"Assets/Synty/PolygonGeneric/Prefabs/Environment/SM_Gen_Env_Leaves_Pile_02.prefab","SM_Gen_Env_Leaves_Pile_02",Env,Other,2.32,0.28,1.14,-1.16,-0.02,-0.11,1.16,0.27,1.03,1,324,1,0
"Assets/Synty/PolygonGeneric/Prefabs/Environment/SM_Gen_Env_Lilypads_01.prefab","SM_Gen_Env_Lilypads_01",Env,Other,0.62,0.10,0.64,-0.31,-0.01,-0.32,0.31,0.09,0.32,1,92,1,0
"Assets/Synty/PolygonGeneric/Prefabs/Environment/SM_Gen_Env_Lilypads_02.prefab","SM_Gen_Env_Lilypads_02",Env,Other,1.32,0.11,1.76,-0.70,-0.01,-1.02,0.62,0.10,0.74,1,368,1,0
"Assets/Synty/PolygonGeneric/Prefabs/Environment/SM_Gen_Env_Lilypads_03.prefab","SM_Gen_Env_Lilypads_03",Env,Other,2.91,0.14,1.67,-1.49,-0.01,-0.81,1.42,0.13,0.87,1,552,1,0
"Assets/Synty/PolygonGeneric/Prefabs/Environment/SM_Gen_Env_Log_01.prefab","SM_Gen_Env_Log_01",Env,Other,1.11,1.55,4.58,-0.54,-0.62,-2.43,0.58,0.93,2.15,1,344,1,0
"Assets/Synty/PolygonGeneric/Prefabs/Environment/SM_Gen_Env_Log_02.prefab","SM_Gen_Env_Log_02",Env,Other,0.74,0.67,3.86,-0.37,-0.32,-1.93,0.36,0.35,1.93,1,334,1,0
"Assets/Synty/PolygonGeneric/Prefabs/Environment/SM_Gen_Env_Mountain_01.prefab","SM_Gen_Env_Mountain_01",Env,Other,162.03,23.27,107.58,-81.01,0.00,-53.79,81.01,23.27,53.79,1,1246,1,0
"Assets/Synty/PolygonGeneric/Prefabs/Environment/SM_Gen_Env_Mountain_02.prefab","SM_Gen_Env_Mountain_02",Env,Other,99.55,23.21,107.10,-49.78,0.00,-53.55,49.78,23.21,53.55,1,724,1,0
"Assets/Synty/PolygonGeneric/Prefabs/Environment/SM_Gen_Env_Mountain_03.prefab","SM_Gen_Env_Mountain_03",Env,Other,84.79,22.71,85.78,-42.85,0.00,-46.15,41.94,22.71,39.63,1,406,1,0
"Assets/Synty/PolygonGeneric/Prefabs/Environment/SM_Gen_Env_Mushroom_01.prefab","SM_Gen_Env_Mushroom_01",Env,Other,0.61,0.57,0.56,-0.30,-0.04,-0.25,0.31,0.53,0.30,1,106,1,0
"Assets/Synty/PolygonGeneric/Prefabs/Environment/SM_Gen_Env_Mushroom_02.prefab","SM_Gen_Env_Mushroom_02",Env,Other,0.43,0.41,0.38,-0.21,-0.03,-0.19,0.22,0.38,0.19,1,94,1,0
"Assets/Synty/PolygonGeneric/Prefabs/Environment/SM_Gen_Env_Mushroom_03.prefab","SM_Gen_Env_Mushroom_03",Env,Other,0.57,0.60,0.52,-0.26,-0.03,-0.25,0.31,0.57,0.27,1,118,1,0
"Assets/Synty/PolygonGeneric/Prefabs/Environment/SM_Gen_Env_Road_01.prefab","SM_Gen_Env_Road_01",Env,Other,10.00,0.00,10.00,-10.00,0.00,0.00,0.00,0.00,10.00,1,26,1,0
"Assets/Synty/PolygonGeneric/Prefabs/Environment/SM_Gen_Env_Road_Crossing_01.prefab","SM_Gen_Env_Road_Crossing_01",Env,Other,5.00,0.00,5.00,-5.00,0.00,0.00,0.00,0.00,5.00,1,92,1,0
"Assets/Synty/PolygonGeneric/Prefabs/Environment/SM_Gen_Env_Road_Gravel_Corner_Large_01.prefab","SM_Gen_Env_Road_Gravel_Corner_Large_01",Env,Other,8.04,0.30,8.12,-7.66,-0.09,-7.80,0.38,0.21,0.32,1,328,1,0
"Assets/Synty/PolygonGeneric/Prefabs/Environment/SM_Gen_Env_Road_Gravel_Corner_Large_02.prefab","SM_Gen_Env_Road_Gravel_Corner_Large_02",Env,Other,5.55,0.25,5.41,-5.52,-0.07,-5.21,0.02,0.18,0.20,1,301,1,0
"Assets/Synty/PolygonGeneric/Prefabs/Environment/SM_Gen_Env_Road_Gravel_Corner_Small_01.prefab","SM_Gen_Env_Road_Gravel_Corner_Small_01",Env,Other,3.00,0.21,3.08,-2.76,-0.03,-2.87,0.24,0.18,0.21,1,95,1,0
"Assets/Synty/PolygonGeneric/Prefabs/Environment/SM_Gen_Env_Road_Gravel_Corner_Small_02.prefab","SM_Gen_Env_Road_Gravel_Corner_Small_02",Env,Other,3.74,0.19,4.08,-3.39,-0.03,-3.84,0.35,0.16,0.24,1,159,1,0
"Assets/Synty/PolygonGeneric/Prefabs/Environment/SM_Gen_Env_Road_Gravel_End_01.prefab","SM_Gen_Env_Road_Gravel_End_01",Env,Other,9.25,0.33,10.66,-4.36,-0.08,-9.62,4.88,0.25,1.04,1,404,1,0
"Assets/Synty/PolygonGeneric/Prefabs/Environment/SM_Gen_Env_Road_Gravel_Straight_01.prefab","SM_Gen_Env_Road_Gravel_Straight_01",Env,Other,3.20,0.25,3.95,-1.73,-0.09,-3.43,1.47,0.17,0.52,1,164,1,0
"Assets/Synty/PolygonGeneric/Prefabs/Environment/SM_Gen_Env_Road_Gravel_Straight_02.prefab","SM_Gen_Env_Road_Gravel_Straight_02",Env,Other,3.15,0.25,6.17,-1.70,-0.09,-5.68,1.45,0.17,0.49,1,163,1,0
"Assets/Synty/PolygonGeneric/Prefabs/Environment/SM_Gen_Env_Road_Gravel_Straight_03.prefab","SM_Gen_Env_Road_Gravel_Straight_03",Env,Other,3.34,0.34,8.39,-1.81,-0.08,-7.91,1.53,0.26,0.48,1,237,1,0
"Assets/Synty/PolygonGeneric/Prefabs/Environment/SM_Gen_Env_Road_Half_01.prefab","SM_Gen_Env_Road_Half_01",Env,Other,5.00,0.00,10.00,-5.00,0.00,0.00,0.00,0.00,10.00,1,18,1,0
"Assets/Synty/PolygonGeneric/Prefabs/Environment/SM_Gen_Env_Road_Half_02.prefab","SM_Gen_Env_Road_Half_02",Env,Other,10.00,0.00,5.00,-10.00,0.00,0.00,0.00,0.00,5.00,1,9,1,0
"Assets/Synty/PolygonGeneric/Prefabs/Environment/SM_Gen_Env_Road_Intersection_01.prefab","SM_Gen_Env_Road_Intersection_01",Env,Other,5.00,0.00,10.00,-5.00,0.00,0.00,0.00,0.00,10.00,1,22,1,0
"Assets/Synty/PolygonGeneric/Prefabs/Environment/SM_Gen_Env_Road_Intersection_02.prefab","SM_Gen_Env_Road_Intersection_02",Env,Other,5.00,0.00,5.00,-5.00,0.00,0.00,0.00,0.00,5.00,1,18,1,0
"Assets/Synty/PolygonGeneric/Prefabs/Environment/SM_Gen_Env_Road_Parking_01.prefab","SM_Gen_Env_Road_Parking_01",Env,Other,10.00,0.00,10.00,-10.00,0.00,0.00,0.00,0.00,10.00,1,36,1,0
"Assets/Synty/PolygonGeneric/Prefabs/Environment/SM_Gen_Env_Road_Parking_02.prefab","SM_Gen_Env_Road_Parking_02",Env,Other,10.00,0.00,10.00,-10.00,0.00,0.00,0.00,0.00,10.00,1,70,1,0
"Assets/Synty/PolygonGeneric/Prefabs/Environment/SM_Gen_Env_Road_Parking_03.prefab","SM_Gen_Env_Road_Parking_03",Env,Other,10.00,0.00,10.00,-10.00,0.00,0.00,0.00,0.00,10.00,1,110,1,0
"Assets/Synty/PolygonGeneric/Prefabs/Environment/SM_Gen_Env_Road_Parking_04.prefab","SM_Gen_Env_Road_Parking_04",Env,Other,10.00,0.00,10.00,-10.00,0.00,0.00,0.00,0.00,10.00,1,19,1,0
"Assets/Synty/PolygonGeneric/Prefabs/Environment/SM_Gen_Env_Road_Parking_05.prefab","SM_Gen_Env_Road_Parking_05",Env,Other,10.00,0.00,5.00,-10.00,0.00,0.00,0.00,0.00,5.00,1,38,1,0
"Assets/Synty/PolygonGeneric/Prefabs/Environment/SM_Gen_Env_Road_Parking_06.prefab","SM_Gen_Env_Road_Parking_06",Env,Other,10.00,0.00,5.00,-10.00,0.00,0.00,0.00,0.00,5.00,1,31,1,0
"Assets/Synty/PolygonGeneric/Prefabs/Environment/SM_Gen_Env_Road_Ramp_01.prefab","SM_Gen_Env_Road_Ramp_01",Env,Other,5.00,3.00,10.00,-5.00,-3.00,0.00,0.00,0.00,10.00,1,44,1,0
"Assets/Synty/PolygonGeneric/Prefabs/Environment/SM_Gen_Env_Road_Ramp_02.prefab","SM_Gen_Env_Road_Ramp_02",Env,Other,5.00,3.00,10.00,-5.00,-3.00,0.00,0.00,0.00,10.00,1,44,1,0
"Assets/Synty/PolygonGeneric/Prefabs/Environment/SM_Gen_Env_Road_Small_01.prefab","SM_Gen_Env_Road_Small_01",Env,Other,5.00,0.00,5.00,-5.00,0.00,0.00,0.00,0.00,5.00,1,2,1,0
"Assets/Synty/PolygonGeneric/Prefabs/Environment/SM_Gen_Env_Road_Small_02.prefab","SM_Gen_Env_Road_Small_02",Env,Other,2.50,0.00,2.50,-2.50,0.00,0.00,0.00,0.00,2.50,1,2,1,0
"Assets/Synty/PolygonGeneric/Prefabs/Environment/SM_Gen_Env_Road_Small_03.prefab","SM_Gen_Env_Road_Small_03",Env,Other,5.00,0.00,5.00,-5.00,0.00,0.00,0.00,0.00,5.00,1,9,1,0
"Assets/Synty/PolygonGeneric/Prefabs/Environment/SM_Gen_Env_Road_Warning_01.prefab","SM_Gen_Env_Road_Warning_01",Env,Other,5.00,0.00,5.00,-5.00,0.00,0.00,0.00,0.00,5.00,1,34,1,0
"Assets/Synty/PolygonGeneric/Prefabs/Environment/SM_Gen_Env_Rock_01.prefab","SM_Gen_Env_Rock_01",Env,Other,2.59,1.19,1.99,-1.24,-0.05,-1.04,1.35,1.15,0.94,1,196,1,0
"Assets/Synty/PolygonGeneric/Prefabs/Environment/SM_Gen_Env_Rock_02.prefab","SM_Gen_Env_Rock_02",Env,Other,2.07,1.46,2.18,-1.04,-0.04,-1.08,1.04,1.41,1.10,1,210,1,0
"Assets/Synty/PolygonGeneric/Prefabs/Environment/SM_Gen_Env_Rock_03.prefab","SM_Gen_Env_Rock_03",Env,Other,1.37,1.04,1.14,-0.69,-0.04,-0.57,0.67,1.00,0.57,1,162,1,0
"Assets/Synty/PolygonGeneric/Prefabs/Environment/SM_Gen_Env_Rock_04.prefab","SM_Gen_Env_Rock_04",Env,Other,2.83,2.11,1.96,-1.17,-0.40,-0.88,1.66,1.70,1.08,1,110,1,0
"Assets/Synty/PolygonGeneric/Prefabs/Environment/SM_Gen_Env_Rock_05.prefab","SM_Gen_Env_Rock_05",Env,Other,3.88,2.03,1.96,-2.08,-0.16,-0.99,1.80,1.87,0.97,1,194,1,0
"Assets/Synty/PolygonGeneric/Prefabs/Environment/SM_Gen_Env_Rock_06.prefab","SM_Gen_Env_Rock_06",Env,Other,3.78,2.31,2.99,-1.73,-0.25,-1.65,2.05,2.06,1.34,1,170,1,0
"Assets/Synty/PolygonGeneric/Prefabs/Environment/SM_Gen_Env_Rock_07.prefab","SM_Gen_Env_Rock_07",Env,Other,4.83,1.62,4.06,-2.47,-0.10,-2.06,2.36,1.52,2.01,1,370,1,0
"Assets/Synty/PolygonGeneric/Prefabs/Environment/SM_Gen_Env_Rock_08.prefab","SM_Gen_Env_Rock_08",Env,Other,2.12,3.38,2.82,-1.10,-0.15,-1.36,1.02,3.23,1.46,1,196,1,0
"Assets/Synty/PolygonGeneric/Prefabs/Environment/SM_Gen_Env_Rock_09.prefab","SM_Gen_Env_Rock_09",Env,Other,2.83,3.29,1.90,-1.33,-0.21,-0.63,1.49,3.08,1.27,1,86,1,0
"Assets/Synty/PolygonGeneric/Prefabs/Environment/SM_Gen_Env_Rock_10.prefab","SM_Gen_Env_Rock_10",Env,Other,2.32,2.86,2.83,-1.16,-0.24,-1.40,1.16,2.61,1.43,1,214,1,0
"Assets/Synty/PolygonGeneric/Prefabs/Environment/SM_Gen_Env_Rock_Pebbles_01.prefab","SM_Gen_Env_Rock_Pebbles_01",Env,Other,0.80,0.19,0.66,-0.41,-0.04,-0.34,0.39,0.15,0.32,1,156,1,0
"Assets/Synty/PolygonGeneric/Prefabs/Environment/SM_Gen_Env_Rock_Pebbles_02.prefab","SM_Gen_Env_Rock_Pebbles_02",Env,Other,1.11,0.30,0.89,-0.56,-0.04,-0.39,0.54,0.26,0.50,1,204,1,0
"Assets/Synty/PolygonGeneric/Prefabs/Environment/SM_Gen_Env_Rock_Pebbles_03.prefab","SM_Gen_Env_Rock_Pebbles_03",Env,Other,0.77,0.20,0.99,-0.49,-0.07,-0.56,0.27,0.13,0.43,1,168,1,0
"Assets/Synty/PolygonGeneric/Prefabs/Environment/SM_Gen_Env_Rock_Pebbles_04.prefab","SM_Gen_Env_Rock_Pebbles_04",Env,Other,0.96,0.17,0.78,-0.39,-0.06,-0.30,0.57,0.11,0.48,1,238,1,0
"Assets/Synty/PolygonGeneric/Prefabs/Environment/SM_Gen_Env_Rock_Pebbles_05.prefab","SM_Gen_Env_Rock_Pebbles_05",Env,Other,1.75,0.22,1.59,-1.06,-0.04,-0.95,0.69,0.18,0.65,1,142,1,0
"Assets/Synty/PolygonGeneric/Prefabs/Environment/SM_Gen_Env_Root_01.prefab","SM_Gen_Env_Root_01",Env,Other,0.39,0.88,1.82,-0.20,-0.08,-0.89,0.20,0.80,0.92,1,80,1,0
"Assets/Synty/PolygonGeneric/Prefabs/Environment/SM_Gen_Env_Root_02.prefab","SM_Gen_Env_Root_02",Env,Other,0.43,0.88,1.82,-0.24,-0.08,-0.90,0.19,0.80,0.92,1,128,1,0
"Assets/Synty/PolygonGeneric/Prefabs/Environment/SM_Gen_Env_Shrub_01.prefab","SM_Gen_Env_Shrub_01",Env,Other,0.58,0.61,0.60,-0.27,-0.07,-0.30,0.32,0.54,0.30,1,64,1,0
"Assets/Synty/PolygonGeneric/Prefabs/Environment/SM_Gen_Env_Shrub_02.prefab","SM_Gen_Env_Shrub_02",Env,Other,1.61,0.99,0.96,-0.97,-0.13,-0.48,0.64,0.86,0.48,1,238,1,0
"Assets/Synty/PolygonGeneric/Prefabs/Environment/SM_Gen_Env_Shrub_03.prefab","SM_Gen_Env_Shrub_03",Env,Other,1.25,0.66,0.80,-0.62,-0.06,-0.40,0.62,0.59,0.40,1,186,1,0
"Assets/Synty/PolygonGeneric/Prefabs/Environment/SM_Gen_Env_Sidewalk_01.prefab","SM_Gen_Env_Sidewalk_01",Env,Other,2.50,0.01,2.50,-2.50,0.00,0.00,0.00,0.01,2.50,1,24,1,0
"Assets/Synty/PolygonGeneric/Prefabs/Environment/SM_Gen_Env_Sidewalk_Corner_01.prefab","SM_Gen_Env_Sidewalk_Corner_01",Env,Other,2.50,0.15,2.50,-2.50,-0.12,0.00,0.00,0.03,2.50,1,124,1,0
"Assets/Synty/PolygonGeneric/Prefabs/Environment/SM_Gen_Env_Sidewalk_Corner_02.prefab","SM_Gen_Env_Sidewalk_Corner_02",Env,Other,2.50,0.15,2.52,-2.50,-0.12,0.00,0.00,0.03,2.52,1,66,1,0
"Assets/Synty/PolygonGeneric/Prefabs/Environment/SM_Gen_Env_Sidewalk_Edge_01.prefab","SM_Gen_Env_Sidewalk_Edge_01",Env,Other,2.50,0.18,2.50,-2.50,-0.15,0.00,0.00,0.03,2.50,1,62,1,0
"Assets/Synty/PolygonGeneric/Prefabs/Environment/SM_Gen_Env_Sidewalk_Half_01.prefab","SM_Gen_Env_Sidewalk_Half_01",Env,Other,2.50,0.01,1.25,-2.50,0.00,0.00,0.00,0.01,1.25,1,24,1,0
"Assets/Synty/PolygonGeneric/Prefabs/Environment/SM_Gen_Env_Skydome_01.prefab","SM_Gen_Env_Skydome_01",Env,Other,466.40,184.97,466.40,-233.20,0.00,-233.20,233.20,184.97,233.20,1,160,1,0
"Assets/Synty/PolygonGeneric/Prefabs/Environment/SM_Gen_Env_Skyline_01.prefab","SM_Gen_Env_Skyline_01",Env,Other,436.80,38.79,436.80,-218.40,0.00,-218.40,218.40,38.79,218.40,4,384,1,0
"Assets/Synty/PolygonGeneric/Prefabs/Environment/SM_Gen_Env_Stalactite_01.prefab","SM_Gen_Env_Stalactite_01",Env,Other,0.70,1.89,0.62,-0.35,-1.76,-0.31,0.35,0.12,0.31,1,140,1,0
"Assets/Synty/PolygonGeneric/Prefabs/Environment/SM_Gen_Env_Stalactite_02.prefab","SM_Gen_Env_Stalactite_02",Env,Other,0.84,2.50,0.71,-0.46,-2.26,-0.33,0.38,0.23,0.38,1,118,1,0
"Assets/Synty/PolygonGeneric/Prefabs/Environment/SM_Gen_Env_Stalactite_03.prefab","SM_Gen_Env_Stalactite_03",Env,Other,1.17,2.20,1.02,-0.58,-2.05,-0.51,0.58,0.16,0.51,1,252,1,0
"Assets/Synty/PolygonGeneric/Prefabs/Environment/SM_Gen_Env_Stalactite_04.prefab","SM_Gen_Env_Stalactite_04",Env,Other,3.10,2.83,1.27,-1.55,-2.61,-0.63,1.55,0.22,0.63,1,638,1,0
"Assets/Synty/PolygonGeneric/Prefabs/Environment/SM_Gen_Env_Stump_01.prefab","SM_Gen_Env_Stump_01",Env,Other,0.59,1.43,0.58,-0.32,-0.35,-0.29,0.27,1.08,0.29,1,122,1,0
"Assets/Synty/PolygonGeneric/Prefabs/Environment/SM_Gen_Env_Stump_02.prefab","SM_Gen_Env_Stump_02",Env,Other,1.89,1.60,1.21,-0.91,-0.08,-0.62,0.98,1.52,0.59,1,246,1,0
"Assets/Synty/PolygonGeneric/Prefabs/Environment/SM_Gen_Env_Stump_03.prefab","SM_Gen_Env_Stump_03",Env,Other,0.98,0.62,1.03,-0.49,0.00,-0.52,0.49,0.62,0.52,1,228,1,0
"Assets/Synty/PolygonGeneric/Prefabs/Environment/SM_Gen_Env_Tree_01.prefab","SM_Gen_Env_Tree_01",Env,Other,4.32,8.30,4.43,-2.07,-0.15,-2.04,2.25,8.15,2.38,1,688,1,0
"Assets/Synty/PolygonGeneric/Prefabs/Environment/SM_Gen_Env_Tree_02.prefab","SM_Gen_Env_Tree_02",Env,Other,3.34,8.58,3.05,-1.76,-0.15,-1.58,1.58,8.43,1.47,1,724,1,0
"Assets/Synty/PolygonGeneric/Prefabs/Environment/SM_Gen_Env_Tree_03.prefab","SM_Gen_Env_Tree_03",Env,Other,2.74,6.15,2.59,-1.38,-0.12,-1.30,1.37,6.04,1.28,1,530,1,0
"Assets/Synty/PolygonGeneric/Prefabs/Environment/SM_Gen_Env_Tree_Dead_01.prefab","SM_Gen_Env_Tree_Dead_01",Env,Other,1.42,6.36,2.29,-0.79,-0.25,-1.48,0.64,6.11,0.81,1,150,1,0
"Assets/Synty/PolygonGeneric/Prefabs/Environment/SM_Gen_Env_Tree_Dead_02.prefab","SM_Gen_Env_Tree_Dead_02",Env,Other,3.77,9.84,4.31,-2.27,-0.49,-2.17,1.50,9.35,2.14,1,216,1,0
"Assets/Synty/PolygonGeneric/Prefabs/Environment/SM_Gen_Env_Tree_Dead_03.prefab","SM_Gen_Env_Tree_Dead_03",Env,Other,9.61,11.55,5.97,-4.53,-0.72,-3.05,5.08,10.83,2.92,1,524,1,0
"Assets/Synty/PolygonGeneric/Prefabs/Environment/SM_Gen_Env_Tree_Pine_01.prefab","SM_Gen_Env_Tree_Pine_01",Env,Other,1.88,9.47,1.81,-0.95,-0.21,-0.91,0.93,9.26,0.90,1,559,1,0
"Assets/Synty/PolygonGeneric/Prefabs/Environment/SM_Gen_Env_Tree_Pine_02.prefab","SM_Gen_Env_Tree_Pine_02",Env,Other,1.78,6.91,1.60,-0.91,-0.20,-0.74,0.87,6.71,0.86,1,488,1,0
"Assets/Synty/PolygonGeneric/Prefabs/Environment/SM_Gen_Env_Tree_Pine_03.prefab","SM_Gen_Env_Tree_Pine_03",Env,Other,2.12,6.76,2.24,-1.06,-0.24,-1.23,1.06,6.52,1.01,1,374,1,0
"Assets/Synty/PolygonGeneric/Prefabs/Environment/SM_Gen_Env_Twig_01.prefab","SM_Gen_Env_Twig_01",Env,Other,0.10,0.05,0.54,-0.04,-0.04,-0.27,0.06,0.01,0.27,1,28,1,0
"Assets/Synty/PolygonGeneric/Prefabs/Environment/SM_Gen_Env_Twig_02.prefab","SM_Gen_Env_Twig_02",Env,Other,0.16,0.08,0.88,-0.04,-0.04,-0.44,0.12,0.04,0.44,1,76,1,0
"Assets/Synty/PolygonGeneric/Prefabs/Environment/SM_Gen_Env_Twig_03.prefab","SM_Gen_Env_Twig_03",Env,Other,0.35,0.10,0.91,-0.12,-0.05,-0.42,0.23,0.05,0.48,1,90,1,0
"Assets/Synty/PolygonGeneric/Prefabs/Environment/SM_Gen_Env_Twig_04.prefab","SM_Gen_Env_Twig_04",Env,Other,0.45,0.08,0.68,-0.18,-0.05,-0.33,0.26,0.03,0.35,1,110,1,0
"Assets/Synty/PolygonGeneric/Prefabs/Environment/SM_Gen_Env_Tyremarks_Long_Corner_01.prefab","SM_Gen_Env_Tyremarks_Long_Corner_01",Env,Other,10.78,0.00,18.87,-9.13,0.00,-18.87,1.64,0.00,0.00,1,64,1,0
"Assets/Synty/PolygonGeneric/Prefabs/Environment/SM_Gen_Env_Tyremarks_Long_Corner_02.prefab","SM_Gen_Env_Tyremarks_Long_Corner_02",Env,Other,14.58,0.00,14.58,-13.00,0.00,-14.58,1.58,0.00,0.00,1,64,1,0
"Assets/Synty/PolygonGeneric/Prefabs/Environment/SM_Gen_Env_Tyremarks_Short_Corner_01.prefab","SM_Gen_Env_Tyremarks_Short_Corner_01",Env,Other,5.40,0.00,6.89,-3.70,0.00,-6.89,1.70,0.00,0.00,1,32,1,0
"Assets/Synty/PolygonGeneric/Prefabs/Environment/SM_Gen_Env_Tyremarks_Short_Corner_02.prefab","SM_Gen_Env_Tyremarks_Short_Corner_02",Env,Other,5.75,0.00,5.75,-4.05,0.00,-5.75,1.70,0.00,0.00,1,32,1,0
"Assets/Synty/PolygonGeneric/Prefabs/Environment/SM_Gen_Env_Vines_01.prefab","SM_Gen_Env_Vines_01",Env,Other,3.46,1.05,0.21,-0.02,-1.01,-0.10,3.44,0.04,0.11,1,410,1,0
"Assets/Synty/PolygonGeneric/Prefabs/Environment/SM_Gen_Env_Vines_02.prefab","SM_Gen_Env_Vines_02",Env,Other,3.63,1.47,0.31,-0.09,-1.40,-0.14,3.53,0.07,0.18,1,210,1,0
"Assets/Synty/PolygonGeneric/Prefabs/Environment/SM_Gen_Env_Vines_03.prefab","SM_Gen_Env_Vines_03",Env,Other,0.89,1.91,0.26,-0.45,-1.76,-0.11,0.43,0.14,0.15,1,280,1,0
"Assets/Synty/PolygonGeneric/Prefabs/Environment/SM_Gen_Env_Vines_04.prefab","SM_Gen_Env_Vines_04",Env,Other,1.17,2.08,0.37,-0.58,-1.90,-0.18,0.58,0.18,0.18,1,392,1,0
"Assets/Synty/PolygonGeneric/Prefabs/Environment/SM_Gen_Env_Vines_05.prefab","SM_Gen_Env_Vines_05",Env,Other,1.12,1.98,0.57,-0.56,-1.84,-0.29,0.56,0.13,0.29,1,716,1,0
"Assets/Synty/PolygonGeneric/Prefabs/Environment/SM_Gen_Env_Water_Dip_01.prefab","SM_Gen_Env_Water_Dip_01",Env,Other,5.18,1.51,9.03,-2.59,-1.23,0.00,2.59,0.28,9.03,1,56,1,0
"Assets/Synty/PolygonGeneric/Prefabs/Environment/SM_Gen_Env_Water_Plane_01.prefab","SM_Gen_Env_Water_Plane_01",Env,Other,50.00,0.00,50.00,-25.00,0.00,-25.00,25.00,0.00,25.00,1,2048,1,0
"Assets/Synty/PolygonGeneric/Prefabs/Environment/SM_Gen_Env_Waterfall_01.prefab","SM_Gen_Env_Waterfall_01",Env,Other,5.29,10.42,4.91,-2.64,-10.33,0.00,2.64,0.09,4.91,1,64,1,0
"Assets/Synty/PolygonGeneric/Prefabs/Environment/SM_Gen_Env_Waterfall_02.prefab","SM_Gen_Env_Waterfall_02",Env,Other,8.50,32.43,4.72,-4.27,-32.37,0.18,4.23,0.06,4.90,1,2070,1,0
"Assets/Synty/PolygonGeneric/Prefabs/FX/FX_Blood_Splatter_01.prefab","FX_Blood_Splatter_01",Blood,Other,0.00,0.00,0.00,0.00,0.00,0.00,0.00,0.00,0.00,0,0,0,0
"Assets/Synty/PolygonGeneric/Prefabs/FX/FX_Candle_Flame_01.prefab","FX_Candle_Flame_01",Candle,Other,0.00,0.00,0.00,0.00,0.00,0.00,0.00,0.00,0.00,0,0,0,0
"Assets/Synty/PolygonGeneric/Prefabs/FX/FX_Dust_Spots_01.prefab","FX_Dust_Spots_01",Dust,Other,0.00,0.00,0.00,0.00,0.00,0.00,0.00,0.00,0.00,0,0,0,0
"Assets/Synty/PolygonGeneric/Prefabs/FX/FX_Fire_01.prefab","FX_Fire_01",Fire,Other,0.00,0.00,0.00,0.00,0.00,0.00,0.00,0.00,0.00,0,0,0,0
"Assets/Synty/PolygonGeneric/Prefabs/FX/FX_Fire_Card_01.prefab","FX_Fire_Card_01",Fire,Other,0.00,0.00,0.00,0.00,0.00,0.00,0.00,0.00,0.00,0,0,0,0
"Assets/Synty/PolygonGeneric/Prefabs/FX/FX_Fire_Card_Huge_01.prefab","FX_Fire_Card_Huge_01",Fire,Other,0.00,0.00,0.00,0.00,0.00,0.00,0.00,0.00,0.00,0,0,0,0
"Assets/Synty/PolygonGeneric/Prefabs/FX/FX_Fire_Card_Large_01.prefab","FX_Fire_Card_Large_01",Fire,Other,0.00,0.00,0.00,0.00,0.00,0.00,0.00,0.00,0.00,0,0,0,0
"Assets/Synty/PolygonGeneric/Prefabs/FX/FX_Fire_Card_Small_01.prefab","FX_Fire_Card_Small_01",Fire,Other,0.00,0.00,0.00,0.00,0.00,0.00,0.00,0.00,0.00,0,0,0,0
"Assets/Synty/PolygonGeneric/Prefabs/FX/FX_Flies_01.prefab","FX_Flies_01",Flies,Other,0.00,0.00,0.00,0.00,0.00,0.00,0.00,0.00,0.00,0,0,0,0
"Assets/Synty/PolygonGeneric/Prefabs/FX/FX_Fog_01.prefab","FX_Fog_01",Fog,Other,0.00,0.00,0.00,0.00,0.00,0.00,0.00,0.00,0.00,0,0,0,0
"Assets/Synty/PolygonGeneric/Prefabs/FX/FX_Leaves_01.prefab","FX_Leaves_01",Leaves,Other,0.00,0.00,0.00,0.00,0.00,0.00,0.00,0.00,0.00,0,0,0,0
"Assets/Synty/PolygonGeneric/Prefabs/FX/FX_Rain_01.prefab","FX_Rain_01",Rain,Other,0.00,0.00,0.00,0.00,0.00,0.00,0.00,0.00,0.00,0,0,0,0
"Assets/Synty/PolygonGeneric/Prefabs/FX/FX_Smoke_01.prefab","FX_Smoke_01",Smoke,Other,0.00,0.00,0.00,0.00,0.00,0.00,0.00,0.00,0.00,0,0,0,0
"Assets/Synty/PolygonGeneric/Prefabs/FX/FX_Snow_01.prefab","FX_Snow_01",Snow,Other,0.00,0.00,0.00,0.00,0.00,0.00,0.00,0.00,0.00,0,0,0,0
"Assets/Synty/PolygonGeneric/Prefabs/FX/FX_SunBeam_01.prefab","FX_SunBeam_01",SunBeam,Other,0.00,0.00,0.00,0.00,0.00,0.00,0.00,0.00,0.00,0,0,0,0
"Assets/Synty/PolygonGeneric/Prefabs/FX/FX_Waterfall_Foam_01.prefab","FX_Waterfall_Foam_01",Waterfall,Other,0.00,0.00,0.00,0.00,0.00,0.00,0.00,0.00,0.00,0,0,0,0
"Assets/Synty/PolygonGeneric/Prefabs/FX/FX_Wind_Streaks_01.prefab","FX_Wind_Streaks_01",Wind,Other,0.00,0.00,0.00,0.00,0.00,0.00,0.00,0.00,0.00,0,0,0,0
"Assets/Synty/PolygonGeneric/Prefabs/FX/LightRay_Cube_01.prefab","LightRay_Cube_01",Other,Other,1.00,1.00,1.00,-0.50,0.00,-0.50,0.50,1.00,0.50,1,12,1,1
"Assets/Synty/PolygonGeneric/Prefabs/FX/LightRay_Round_01.prefab","LightRay_Round_01",Other,Other,1.00,1.00,1.00,-0.50,0.00,-0.50,0.50,1.00,0.50,1,64,1,1
"Assets/Synty/PolygonGeneric/Prefabs/Props/SM_Gen_Prop_Aircon_01.prefab","SM_Gen_Prop_Aircon_01",Prop,Other,0.82,1.00,0.65,-0.41,0.00,0.00,0.41,1.00,0.65,1,268,1,0
"Assets/Synty/PolygonGeneric/Prefabs/Props/SM_Gen_Prop_Aircon_02.prefab","SM_Gen_Prop_Aircon_02",Prop,Other,0.82,0.79,0.39,-0.41,0.20,0.19,0.41,1.00,0.57,1,144,1,0
"Assets/Synty/PolygonGeneric/Prefabs/Props/SM_Gen_Prop_Aircon_Roof_01.prefab","SM_Gen_Prop_Aircon_Roof_01",Prop,Roof,1.40,0.88,0.69,-1.06,0.00,-0.35,0.34,0.88,0.35,1,223,1,0
"Assets/Synty/PolygonGeneric/Prefabs/Props/SM_Gen_Prop_Aircon_Roof_02.prefab","SM_Gen_Prop_Aircon_Roof_02",Prop,Roof,1.60,1.08,0.80,-0.60,-0.01,-0.40,1.00,1.07,0.40,1,371,1,0
"Assets/Synty/PolygonGeneric/Prefabs/Props/SM_Gen_Prop_Aircon_Roof_03.prefab","SM_Gen_Prop_Aircon_Roof_03",Prop,Roof,1.55,1.05,1.00,-1.04,0.00,-0.50,0.50,1.05,0.50,1,340,1,0
"Assets/Synty/PolygonGeneric/Prefabs/Props/SM_Gen_Prop_Barrel_Metal_01.prefab","SM_Gen_Prop_Barrel_Metal_01",Prop,Other,0.69,1.05,0.73,-0.35,0.00,-0.36,0.35,1.05,0.36,1,324,1,0
"Assets/Synty/PolygonGeneric/Prefabs/Props/SM_Gen_Prop_Barrel_Metal_02.prefab","SM_Gen_Prop_Barrel_Metal_02",Prop,Other,0.73,1.05,0.71,-0.36,0.00,-0.35,0.36,1.05,0.35,1,290,1,0
"Assets/Synty/PolygonGeneric/Prefabs/Props/SM_Gen_Prop_Barrel_Metal_03.prefab","SM_Gen_Prop_Barrel_Metal_03",Prop,Other,0.69,1.05,0.73,-0.35,0.00,-0.36,0.35,1.05,0.36,1,324,1,0
"Assets/Synty/PolygonGeneric/Prefabs/Props/SM_Gen_Prop_Barrel_Wood_01.prefab","SM_Gen_Prop_Barrel_Wood_01",Prop,Other,0.71,0.96,0.73,-0.36,0.00,-0.37,0.36,0.96,0.37,1,1502,1,0
"Assets/Synty/PolygonGeneric/Prefabs/Props/SM_Gen_Prop_Barrel_Wood_02.prefab","SM_Gen_Prop_Barrel_Wood_02",Prop,Other,0.77,0.97,0.80,-0.39,0.00,-0.40,0.39,0.97,0.40,1,1793,1,0
"Assets/Synty/PolygonGeneric/Prefabs/Props/SM_Gen_Prop_Barrel_Wood_03.prefab","SM_Gen_Prop_Barrel_Wood_03",Prop,Other,0.73,0.95,0.75,-0.37,0.01,-0.37,0.37,0.96,0.37,1,842,1,0
"Assets/Synty/PolygonGeneric/Prefabs/Props/SM_Gen_Prop_Bottle_01.prefab","SM_Gen_Prop_Bottle_01",Prop,Other,0.13,0.53,0.11,-0.06,0.00,-0.05,0.06,0.53,0.05,1,132,1,0
"Assets/Synty/PolygonGeneric/Prefabs/Props/SM_Gen_Prop_Bottle_02.prefab","SM_Gen_Prop_Bottle_02",Prop,Other,0.17,0.38,0.15,-0.09,0.00,-0.07,0.09,0.38,0.07,1,136,1,0
"Assets/Synty/PolygonGeneric/Prefabs/Props/SM_Gen_Prop_Bottle_03.prefab","SM_Gen_Prop_Bottle_03",Prop,Other,0.15,0.44,0.13,-0.07,0.00,-0.06,0.07,0.44,0.06,1,136,1,0
"Assets/Synty/PolygonGeneric/Prefabs/Props/SM_Gen_Prop_Bottle_04.prefab","SM_Gen_Prop_Bottle_04",Prop,Other,0.11,0.38,0.11,-0.05,0.00,-0.05,0.05,0.38,0.05,1,152,1,0
"Assets/Synty/PolygonGeneric/Prefabs/Props/SM_Gen_Prop_Bottle_05.prefab","SM_Gen_Prop_Bottle_05",Prop,Other,0.16,0.41,0.11,-0.08,0.00,-0.06,0.08,0.41,0.06,1,176,1,0
"Assets/Synty/PolygonGeneric/Prefabs/Props/SM_Gen_Prop_Button_01.prefab","SM_Gen_Prop_Button_01",Prop,Other,0.09,0.03,0.09,-0.05,0.00,-0.05,0.05,0.03,0.05,2,40,1,0
"Assets/Synty/PolygonGeneric/Prefabs/Props/SM_Gen_Prop_Button_02.prefab","SM_Gen_Prop_Button_02",Prop,Other,0.13,0.03,0.13,-0.06,0.00,-0.06,0.06,0.03,0.06,2,80,1,0
"Assets/Synty/PolygonGeneric/Prefabs/Props/SM_Gen_Prop_Cardboard_Box_01.prefab","SM_Gen_Prop_Cardboard_Box_01",Prop,Other,0.33,0.32,0.51,-0.16,0.00,-0.26,0.16,0.32,0.26,1,52,1,0
"Assets/Synty/PolygonGeneric/Prefabs/Props/SM_Gen_Prop_Cardboard_Box_02.prefab","SM_Gen_Prop_Cardboard_Box_02",Prop,Other,0.52,0.42,0.50,-0.26,0.00,-0.25,0.26,0.42,0.25,1,148,1,0
"Assets/Synty/PolygonGeneric/Prefabs/Props/SM_Gen_Prop_Cardboard_Box_03.prefab","SM_Gen_Prop_Cardboard_Box_03",Prop,Other,0.61,0.35,0.83,-0.30,0.00,-0.42,0.30,0.35,0.42,1,84,1,0
"Assets/Synty/PolygonGeneric/Prefabs/Props/SM_Gen_Prop_Cardboard_Box_04.prefab","SM_Gen_Prop_Cardboard_Box_04",Prop,Other,0.33,0.28,0.47,-0.16,0.00,-0.24,0.16,0.28,0.24,1,76,1,0
"Assets/Synty/PolygonGeneric/Prefabs/Props/SM_Gen_Prop_Cardboard_Box_05.prefab","SM_Gen_Prop_Cardboard_Box_05",Prop,Other,0.33,0.28,0.47,-0.16,0.00,-0.24,0.16,0.28,0.24,1,68,1,0
"Assets/Synty/PolygonGeneric/Prefabs/Props/SM_Gen_Prop_Cardboard_Box_Preset_01.prefab","SM_Gen_Prop_Cardboard_Box_Preset_01",Prop,Other,1.01,0.92,1.04,-0.50,0.00,-0.52,0.50,0.92,0.52,1,276,1,0
"Assets/Synty/PolygonGeneric/Prefabs/Props/SM_Gen_Prop_Chain_01.prefab","SM_Gen_Prop_Chain_01",Prop,Other,0.09,2.29,0.08,-0.04,-2.25,-0.04,0.05,0.04,0.04,1,896,1,0
"Assets/Synty/PolygonGeneric/Prefabs/Props/SM_Gen_Prop_Chain_02.prefab","SM_Gen_Prop_Chain_02",Prop,Other,2.17,1.19,0.08,-1.08,-1.14,-0.04,1.09,0.04,0.04,1,1344,1,0
"Assets/Synty/PolygonGeneric/Prefabs/Props/SM_Gen_Prop_Chain_03.prefab","SM_Gen_Prop_Chain_03",Prop,Other,2.19,0.70,0.08,-1.10,-0.66,-0.04,1.09,0.04,0.04,1,1036,1,0
"Assets/Synty/PolygonGeneric/Prefabs/Props/SM_Gen_Prop_Chain_Anchor_01.prefab","SM_Gen_Prop_Chain_Anchor_01",Prop,Other,0.41,0.41,0.17,-0.20,-0.20,0.00,0.20,0.20,0.17,1,94,1,0
"Assets/Synty/PolygonGeneric/Prefabs/Props/SM_Gen_Prop_Chair_01.prefab","SM_Gen_Prop_Chair_01",Prop,Other,0.50,1.08,0.64,-0.25,0.00,-0.32,0.25,1.08,0.32,1,276,1,0
"Assets/Synty/PolygonGeneric/Prefabs/Props/SM_Gen_Prop_Chest_01.prefab","SM_Gen_Prop_Chest_01",Prop,Other,0.97,0.76,0.60,-0.48,0.00,-0.30,0.49,0.76,0.30,3,2185,1,0
"Assets/Synty/PolygonGeneric/Prefabs/Props/SM_Gen_Prop_Chest_02.prefab","SM_Gen_Prop_Chest_02",Prop,Other,1.20,0.58,0.82,-0.59,0.00,-0.41,0.61,0.58,0.41,2,822,1,0
"Assets/Synty/PolygonGeneric/Prefabs/Props/SM_Gen_Prop_Clock_01.prefab","SM_Gen_Prop_Clock_01",Prop,Other,0.39,0.37,0.05,-0.20,-0.19,0.00,0.20,0.19,0.05,3,111,1,0
"Assets/Synty/PolygonGeneric/Prefabs/Props/SM_Gen_Prop_Coin_01.prefab","SM_Gen_Prop_Coin_01",Prop,Other,0.12,0.02,0.12,-0.06,0.00,-0.06,0.06,0.02,0.06,1,20,1,0
"Assets/Synty/PolygonGeneric/Prefabs/Props/SM_Gen_Prop_Coin_Pile_01.prefab","SM_Gen_Prop_Coin_Pile_01",Prop,Other,0.66,0.05,0.51,-0.33,0.00,-0.26,0.33,0.05,0.26,1,280,1,0
"Assets/Synty/PolygonGeneric/Prefabs/Props/SM_Gen_Prop_Coin_Pile_02.prefab","SM_Gen_Prop_Coin_Pile_02",Prop,Other,0.33,0.04,0.41,-0.17,0.00,-0.19,0.16,0.04,0.22,1,120,1,0
"Assets/Synty/PolygonGeneric/Prefabs/Props/SM_Gen_Prop_Coin_Stack_01.prefab","SM_Gen_Prop_Coin_Stack_01",Prop,Other,0.16,0.33,0.14,-0.08,0.00,-0.07,0.08,0.33,0.07,1,332,1,0
"Assets/Synty/PolygonGeneric/Prefabs/Props/SM_Gen_Prop_Coin_Stack_02.prefab","SM_Gen_Prop_Coin_Stack_02",Prop,Other,0.30,0.43,0.33,-0.15,0.00,-0.17,0.15,0.43,0.17,1,636,1,0
"Assets/Synty/PolygonGeneric/Prefabs/Props/SM_Gen_Prop_Crate_01.prefab","SM_Gen_Prop_Crate_01",Prop,Other,1.08,0.95,1.46,-0.40,0.00,-1.05,0.68,0.95,0.40,1,288,1,0
"Assets/Synty/PolygonGeneric/Prefabs/Props/SM_Gen_Prop_Crate_02.prefab","SM_Gen_Prop_Crate_02",Prop,Other,0.90,0.88,1.37,-0.44,0.00,-0.68,0.45,0.88,0.68,1,220,1,0
"Assets/Synty/PolygonGeneric/Prefabs/Props/SM_Gen_Prop_Crate_03.prefab","SM_Gen_Prop_Crate_03",Prop,Other,0.86,0.86,0.86,-0.43,0.00,-0.43,0.43,0.86,0.43,1,967,1,0
"Assets/Synty/PolygonGeneric/Prefabs/Props/SM_Gen_Prop_Crate_Preset_01.prefab","SM_Gen_Prop_Crate_Preset_01",Prop,Other,1.73,1.72,1.72,-1.29,0.00,-1.29,0.44,1.72,0.43,1,6769,1,0
"Assets/Synty/PolygonGeneric/Prefabs/Props/SM_Gen_Prop_Food_Bread_01.prefab","SM_Gen_Prop_Food_Bread_01",Prop,Other,0.23,0.23,0.55,-0.12,0.00,-0.28,0.12,0.23,0.27,1,172,1,0
"Assets/Synty/PolygonGeneric/Prefabs/Props/SM_Gen_Prop_Food_Bread_02.prefab","SM_Gen_Prop_Food_Bread_02",Prop,Other,0.21,0.02,0.22,-0.10,0.00,-0.11,0.10,0.02,0.11,1,104,1,0
"Assets/Synty/PolygonGeneric/Prefabs/Props/SM_Gen_Prop_Food_Meat_01.prefab","SM_Gen_Prop_Food_Meat_01",Prop,Other,0.42,0.13,0.22,-0.21,-0.03,-0.11,0.21,0.10,0.11,1,90,1,0
"Assets/Synty/PolygonGeneric/Prefabs/Props/SM_Gen_Prop_Food_Meat_02.prefab","SM_Gen_Prop_Food_Meat_02",Prop,Other,0.42,0.13,0.22,-0.21,-0.03,-0.11,0.21,0.10,0.11,1,90,1,0
"Assets/Synty/PolygonGeneric/Prefabs/Props/SM_Gen_Prop_Food_Meat_03.prefab","SM_Gen_Prop_Food_Meat_03",Prop,Other,0.30,0.05,0.14,-0.15,0.00,-0.07,0.15,0.05,0.07,1,82,1,0
"Assets/Synty/PolygonGeneric/Prefabs/Props/SM_Gen_Prop_Food_Meat_04.prefab","SM_Gen_Prop_Food_Meat_04",Prop,Other,0.44,0.07,0.21,-0.22,0.00,-0.10,0.22,0.07,0.10,1,92,1,0
"Assets/Synty/PolygonGeneric/Prefabs/Props/SM_Gen_Prop_Food_Meat_05.prefab","SM_Gen_Prop_Food_Meat_05",Prop,Other,0.55,0.12,0.24,-0.32,-0.03,-0.12,0.23,0.09,0.12,1,354,1,0
"Assets/Synty/PolygonGeneric/Prefabs/Props/SM_Gen_Prop_Food_Meat_06.prefab","SM_Gen_Prop_Food_Meat_06",Prop,Other,0.45,0.10,0.25,-0.22,-0.03,-0.13,0.22,0.08,0.13,1,192,1,0
"Assets/Synty/PolygonGeneric/Prefabs/Props/SM_Gen_Prop_Food_Vegetable_01.prefab","SM_Gen_Prop_Food_Vegetable_01",Prop,Other,0.14,0.13,0.12,-0.07,-0.01,-0.06,0.07,0.13,0.06,1,88,1,0
"Assets/Synty/PolygonGeneric/Prefabs/Props/SM_Gen_Prop_Food_Vegetable_02.prefab","SM_Gen_Prop_Food_Vegetable_02",Prop,Other,0.26,0.13,0.23,-0.13,0.00,-0.11,0.13,0.13,0.11,1,264,1,0
"Assets/Synty/PolygonGeneric/Prefabs/Props/SM_Gen_Prop_Food_Vegetable_03.prefab","SM_Gen_Prop_Food_Vegetable_03",Prop,Other,0.14,0.02,0.14,-0.07,0.00,-0.07,0.07,0.02,0.07,1,32,1,0
"Assets/Synty/PolygonGeneric/Prefabs/Props/SM_Gen_Prop_Food_Vegetable_04.prefab","SM_Gen_Prop_Food_Vegetable_04",Prop,Other,0.12,0.14,0.65,-0.06,-0.05,-0.38,0.06,0.08,0.28,1,116,1,0
"Assets/Synty/PolygonGeneric/Prefabs/Props/SM_Gen_Prop_Food_Vegetable_05.prefab","SM_Gen_Prop_Food_Vegetable_05",Prop,Other,0.34,0.28,0.70,-0.18,-0.03,-0.35,0.16,0.24,0.35,1,464,1,0
"Assets/Synty/PolygonGeneric/Prefabs/Props/SM_Gen_Prop_Food_Vegetable_06.prefab","SM_Gen_Prop_Food_Vegetable_06",Prop,Other,0.07,0.07,0.23,-0.04,-0.01,-0.09,0.03,0.06,0.15,1,48,1,0
"Assets/Synty/PolygonGeneric/Prefabs/Props/SM_Gen_Prop_Hook_01.prefab","SM_Gen_Prop_Hook_01",Prop,Other,0.11,0.12,0.27,-0.05,-0.05,-0.06,0.05,0.06,0.20,1,40,1,0
"Assets/Synty/PolygonGeneric/Prefabs/Props/SM_Gen_Prop_Key_01.prefab","SM_Gen_Prop_Key_01",Prop,Other,0.23,0.07,0.02,-0.11,-0.04,-0.01,0.12,0.03,0.01,1,164,1,0
"Assets/Synty/PolygonGeneric/Prefabs/Props/SM_Gen_Prop_Keypad_01.prefab","SM_Gen_Prop_Keypad_01",Prop,Other,0.20,0.20,0.07,-0.10,-0.10,0.00,0.10,0.10,0.07,11,212,1,0
"Assets/Synty/PolygonGeneric/Prefabs/Props/SM_Gen_Prop_Lever_01.prefab","SM_Gen_Prop_Lever_01",Prop,Other,0.19,0.33,0.32,-0.09,-0.04,-0.16,0.09,0.29,0.16,2,166,1,0
"Assets/Synty/PolygonGeneric/Prefabs/Props/SM_Gen_Prop_Lever_02.prefab","SM_Gen_Prop_Lever_02",Prop,Other,0.21,0.41,0.27,-0.11,-0.07,-0.13,0.11,0.34,0.13,2,382,1,0
"Assets/Synty/PolygonGeneric/Prefabs/Props/SM_Gen_Prop_Light_Roof_01.prefab","SM_Gen_Prop_Light_Roof_01",Prop,Roof,1.62,1.92,1.62,-0.81,-1.84,-0.81,0.81,0.08,0.81,1,2328,1,0
"Assets/Synty/PolygonGeneric/Prefabs/Props/SM_Gen_Prop_Light_Roof_02.prefab","SM_Gen_Prop_Light_Roof_02",Prop,Roof,1.63,0.80,0.29,-0.81,-0.80,-0.15,0.81,0.00,0.14,1,908,1,0
"Assets/Synty/PolygonGeneric/Prefabs/Props/SM_Gen_Prop_Light_Roof_03.prefab","SM_Gen_Prop_Light_Roof_03",Prop,Roof,0.36,0.09,0.36,-0.18,-0.09,-0.18,0.18,0.00,0.18,1,64,1,0
"Assets/Synty/PolygonGeneric/Prefabs/Props/SM_Gen_Prop_Light_Wall_01.prefab","SM_Gen_Prop_Light_Wall_01",Prop,Wall,0.33,1.04,0.67,-0.16,-0.49,-0.10,0.16,0.55,0.58,1,740,1,0
"Assets/Synty/PolygonGeneric/Prefabs/Props/SM_Gen_Prop_Manhole_01.prefab","SM_Gen_Prop_Manhole_01",Prop,Other,1.47,0.05,1.43,-0.74,0.00,-0.72,0.74,0.05,0.71,1,344,1,0
"Assets/Synty/PolygonGeneric/Prefabs/Props/SM_Gen_Prop_Medkit_01.prefab","SM_Gen_Prop_Medkit_01",Prop,Other,0.49,0.18,0.51,-0.24,0.00,-0.26,0.24,0.18,0.26,2,208,1,0
"Assets/Synty/PolygonGeneric/Prefabs/Props/SM_Gen_Prop_Mug_01.prefab","SM_Gen_Prop_Mug_01",Prop,Other,0.20,0.16,0.12,-0.13,0.00,-0.06,0.07,0.16,0.06,1,140,1,0
"Assets/Synty/PolygonGeneric/Prefabs/Props/SM_Gen_Prop_Papers_01.prefab","SM_Gen_Prop_Papers_01",Prop,Other,1.15,0.01,1.09,-0.52,0.00,-0.51,0.63,0.01,0.58,1,76,1,0
"Assets/Synty/PolygonGeneric/Prefabs/Props/SM_Gen_Prop_Papers_02.prefab","SM_Gen_Prop_Papers_02",Prop,Other,0.99,0.01,1.23,-0.57,0.00,-0.61,0.42,0.01,0.63,1,60,1,0
"Assets/Synty/PolygonGeneric/Prefabs/Props/SM_Gen_Prop_Papers_03.prefab","SM_Gen_Prop_Papers_03",Prop,Other,2.04,0.01,1.02,-0.97,0.00,-0.40,1.07,0.01,0.62,1,57,1,0
"Assets/Synty/PolygonGeneric/Prefabs/Props/SM_Gen_Prop_Papers_04.prefab","SM_Gen_Prop_Papers_04",Prop,Other,0.98,0.01,0.97,-0.49,0.00,-0.50,0.49,0.01,0.47,1,103,1,0
"Assets/Synty/PolygonGeneric/Prefabs/Props/SM_Gen_Prop_Papers_05.prefab","SM_Gen_Prop_Papers_05",Prop,Other,1.34,0.01,1.35,-0.56,0.03,-0.58,0.77,0.04,0.77,1,114,1,0
"Assets/Synty/PolygonGeneric/Prefabs/Props/SM_Gen_Prop_Papers_06.prefab","SM_Gen_Prop_Papers_06",Prop,Other,2.05,0.01,1.03,-0.89,0.03,-0.44,1.16,0.04,0.58,1,93,1,0
"Assets/Synty/PolygonGeneric/Prefabs/Props/SM_Gen_Prop_Plank_01.prefab","SM_Gen_Prop_Plank_01",Prop,Other,1.70,0.12,0.28,-0.85,-0.06,-0.14,0.85,0.06,0.14,1,74,1,0
"Assets/Synty/PolygonGeneric/Prefabs/Props/SM_Gen_Prop_Plank_02.prefab","SM_Gen_Prop_Plank_02",Prop,Other,1.77,0.11,0.28,-0.88,-0.05,-0.14,0.88,0.05,0.14,1,78,1,0
"Assets/Synty/PolygonGeneric/Prefabs/Props/SM_Gen_Prop_Plate_01.prefab","SM_Gen_Prop_Plate_01",Prop,Other,0.47,0.05,0.47,-0.24,0.00,-0.24,0.24,0.05,0.24,1,144,1,0
"Assets/Synty/PolygonGeneric/Prefabs/Props/SM_Gen_Prop_Plinth_01.prefab","SM_Gen_Prop_Plinth_01",Prop,Other,1.11,0.35,1.11,-0.56,-0.06,-0.56,0.56,0.28,0.56,1,176,1,0
"Assets/Synty/PolygonGeneric/Prefabs/Props/SM_Gen_Prop_Plinth_02.prefab","SM_Gen_Prop_Plinth_02",Prop,Other,0.81,0.71,0.81,-0.41,-0.03,-0.41,0.41,0.68,0.41,1,218,1,0
"Assets/Synty/PolygonGeneric/Prefabs/Props/SM_Gen_Prop_Pot_01.prefab","SM_Gen_Prop_Pot_01",Prop,Other,0.35,0.66,0.35,-0.18,0.00,-0.18,0.18,0.66,0.18,1,206,1,0
"Assets/Synty/PolygonGeneric/Prefabs/Props/SM_Gen_Prop_Pot_02.prefab","SM_Gen_Prop_Pot_02",Prop,Other,0.41,0.69,0.41,-0.21,0.00,-0.20,0.21,0.69,0.20,1,246,1,0
"Assets/Synty/PolygonGeneric/Prefabs/Props/SM_Gen_Prop_Pot_03.prefab","SM_Gen_Prop_Pot_03",Prop,Other,0.61,0.85,0.59,-0.30,0.00,-0.30,0.30,0.85,0.29,1,228,1,0
"Assets/Synty/PolygonGeneric/Prefabs/Props/SM_Gen_Prop_Pot_04.prefab","SM_Gen_Prop_Pot_04",Prop,Other,0.42,0.28,0.42,-0.21,0.00,-0.21,0.21,0.28,0.21,1,262,1,0
"Assets/Synty/PolygonGeneric/Prefabs/Props/SM_Gen_Prop_Pot_05.prefab","SM_Gen_Prop_Pot_05",Prop,Other,0.54,0.47,0.54,-0.27,0.00,-0.26,0.26,0.47,0.27,1,198,1,0
"Assets/Synty/PolygonGeneric/Prefabs/Props/SM_Gen_Prop_Potion_01.prefab","SM_Gen_Prop_Potion_01",Prop,Other,0.23,0.36,0.23,-0.11,-0.01,-0.10,0.12,0.35,0.13,1,254,1,0
"Assets/Synty/PolygonGeneric/Prefabs/Props/SM_Gen_Prop_Rope_01.prefab","SM_Gen_Prop_Rope_01",Prop,Other,0.04,3.00,0.04,-0.02,0.00,-0.02,0.02,3.00,0.02,1,40,1,0
"Assets/Synty/PolygonGeneric/Prefabs/Props/SM_Gen_Prop_Rope_02.prefab","SM_Gen_Prop_Rope_02",Prop,Other,1.72,0.12,1.87,-0.86,0.00,-0.94,0.86,0.12,0.94,1,372,1,0
"Assets/Synty/PolygonGeneric/Prefabs/Props/SM_Gen_Prop_Rope_03.prefab","SM_Gen_Prop_Rope_03",Prop,Other,1.17,0.06,1.19,-0.59,0.00,-0.60,0.59,0.06,0.60,1,216,1,0
"Assets/Synty/PolygonGeneric/Prefabs/Props/SM_Gen_Prop_Rope_04.prefab","SM_Gen_Prop_Rope_04",Prop,Other,0.06,0.28,7.71,-0.03,-0.25,-0.01,0.04,0.03,7.70,1,20,1,0
"Assets/Synty/PolygonGeneric/Prefabs/Props/SM_Gen_Prop_Rope_Knot_01.prefab","SM_Gen_Prop_Rope_Knot_01",Prop,Other,0.09,0.09,0.08,-0.04,-0.05,-0.04,0.04,0.05,0.04,1,60,1,0
"Assets/Synty/PolygonGeneric/Prefabs/Props/SM_Gen_Prop_Sack_01.prefab","SM_Gen_Prop_Sack_01",Prop,Other,0.33,0.58,0.48,-0.16,0.00,-0.24,0.16,0.58,0.24,1,234,1,0
"Assets/Synty/PolygonGeneric/Prefabs/Props/SM_Gen_Prop_Sack_02.prefab","SM_Gen_Prop_Sack_02",Prop,Other,0.38,0.53,0.51,-0.19,0.00,-0.25,0.19,0.53,0.26,1,202,1,0
"Assets/Synty/PolygonGeneric/Prefabs/Props/SM_Gen_Prop_Sack_03.prefab","SM_Gen_Prop_Sack_03",Prop,Other,0.31,0.49,0.46,-0.16,0.00,-0.23,0.16,0.49,0.23,1,176,1,0
"Assets/Synty/PolygonGeneric/Prefabs/Props/SM_Gen_Prop_Sack_04.prefab","SM_Gen_Prop_Sack_04",Prop,Other,0.67,0.25,0.41,-0.36,-0.02,-0.20,0.31,0.23,0.20,1,238,1,0
"Assets/Synty/PolygonGeneric/Prefabs/Props/SM_Gen_Prop_Sack_05.prefab","SM_Gen_Prop_Sack_05",Prop,Other,0.65,0.27,0.40,-0.38,-0.01,-0.20,0.27,0.26,0.21,1,200,1,0
"Assets/Synty/PolygonGeneric/Prefabs/Props/SM_Gen_Prop_Sack_Stack_01.prefab","SM_Gen_Prop_Sack_Stack_01",Prop,Other,1.00,0.96,1.00,-0.50,0.00,-0.50,0.50,0.96,0.50,1,1452,1,0
"Assets/Synty/PolygonGeneric/Prefabs/Props/SM_Gen_Prop_Sack_Stack_02.prefab","SM_Gen_Prop_Sack_Stack_02",Prop,Other,0.75,0.80,1.29,-0.39,0.00,-0.66,0.36,0.80,0.63,1,1452,1,0
"Assets/Synty/PolygonGeneric/Prefabs/Props/SM_Gen_Prop_Screen_01.prefab","SM_Gen_Prop_Screen_01",Prop,Other,0.71,0.51,0.05,-0.36,-0.26,-0.03,0.36,0.26,0.03,1,60,1,0
"Assets/Synty/PolygonGeneric/Prefabs/Props/SM_Gen_Prop_Shelf_01.prefab","SM_Gen_Prop_Shelf_01",Prop,Other,1.60,0.35,0.44,-0.80,-0.35,0.00,0.80,0.00,0.44,1,112,1,0
"Assets/Synty/PolygonGeneric/Prefabs/Props/SM_Gen_Prop_Shelf_02.prefab","SM_Gen_Prop_Shelf_02",Prop,Other,2.11,2.36,0.90,-1.05,0.00,-0.43,1.05,2.36,0.48,1,1132,1,0
"Assets/Synty/PolygonGeneric/Prefabs/Props/SM_Gen_Prop_Shelf_03.prefab","SM_Gen_Prop_Shelf_03",Prop,Other,1.86,2.17,0.51,-0.92,0.00,-0.25,0.94,2.17,0.25,1,236,1,0
"Assets/Synty/PolygonGeneric/Prefabs/Props/SM_Gen_Prop_Skull_01.prefab","SM_Gen_Prop_Skull_01",Prop,Other,0.28,0.26,0.29,-0.14,-0.02,-0.14,0.14,0.23,0.14,1,78,1,0
"Assets/Synty/PolygonGeneric/Prefabs/Props/SM_Gen_Prop_Statue_01.prefab","SM_Gen_Prop_Statue_01",Prop,Other,1.09,1.80,0.63,-0.59,-0.02,-0.23,0.50,1.79,0.40,1,1008,1,0
"Assets/Synty/PolygonGeneric/Prefabs/Props/SM_Gen_Prop_Statue_02.prefab","SM_Gen_Prop_Statue_02",Prop,Other,0.67,1.79,0.43,-0.30,-0.01,-0.17,0.37,1.79,0.26,1,994,1,0
"Assets/Synty/PolygonGeneric/Prefabs/Props/SM_Gen_Prop_Statue_03.prefab","SM_Gen_Prop_Statue_03",Prop,Other,0.72,1.78,0.99,-0.35,-0.04,-0.46,0.37,1.74,0.53,1,994,1,0
"Assets/Synty/PolygonGeneric/Prefabs/Props/SM_Gen_Prop_Statue_04.prefab","SM_Gen_Prop_Statue_04",Prop,Other,1.10,1.78,0.55,-0.50,-0.02,-0.21,0.60,1.76,0.34,1,1028,1,0
"Assets/Synty/PolygonGeneric/Prefabs/Props/SM_Gen_Prop_Statue_05.prefab","SM_Gen_Prop_Statue_05",Prop,Other,0.74,2.85,0.75,-0.44,0.00,-0.41,0.30,2.85,0.34,1,1748,1,0
"Assets/Synty/PolygonGeneric/Prefabs/Props/SM_Gen_Prop_Switch_01.prefab","SM_Gen_Prop_Switch_01",Prop,Other,0.31,0.22,0.23,-0.15,-0.03,-0.12,0.15,0.19,0.12,2,278,1,0
"Assets/Synty/PolygonGeneric/Prefabs/Props/SM_Gen_Prop_Table_01.prefab","SM_Gen_Prop_Table_01",Prop,Other,2.10,0.75,1.10,-1.05,0.00,-0.65,1.05,0.75,0.45,1,154,1,0
"Assets/Synty/PolygonGeneric/Prefabs/Weapons/SM_Gen_Wep_Axe_01.prefab","SM_Gen_Wep_Axe_01",Wep,Other,0.27,0.74,0.08,-0.06,-0.18,-0.04,0.21,0.56,0.04,1,172,1,0
"Assets/Synty/PolygonGeneric/Prefabs/Weapons/SM_Gen_Wep_Pickaxe_01.prefab","SM_Gen_Wep_Pickaxe_01",Wep,Other,0.53,0.74,0.09,-0.25,-0.17,-0.04,0.28,0.56,0.04,1,160,1,0
"Assets/Synty/PolygonGeneric/Prefabs/Weapons/SM_Gen_Wep_Spade_01.prefab","SM_Gen_Wep_Spade_01",Wep,Other,0.22,1.13,0.09,-0.11,-0.34,-0.05,0.11,0.78,0.03,1,310,1,0
"Assets/Synty/PolygonNatureBiomes/PNB_Meadow_Forest/FX/FX_Prefabs/FX_Butterflies_Blue_01.prefab","FX_Butterflies_Blue_01",Butterflies,Other,0.00,0.00,0.00,0.00,0.00,0.00,0.00,0.00,0.00,0,0,0,0
"Assets/Synty/PolygonNatureBiomes/PNB_Meadow_Forest/FX/FX_Prefabs/FX_Butterflies_Cabbage_01.prefab","FX_Butterflies_Cabbage_01",Butterflies,Other,0.00,0.00,0.00,0.00,0.00,0.00,0.00,0.00,0.00,0,0,0,0
"Assets/Synty/PolygonNatureBiomes/PNB_Meadow_Forest/FX/FX_Prefabs/FX_Butterflies_Lunar_01.prefab","FX_Butterflies_Lunar_01",Butterflies,Other,0.00,0.00,0.00,0.00,0.00,0.00,0.00,0.00,0.00,0,0,0,0
"Assets/Synty/PolygonNatureBiomes/PNB_Meadow_Forest/FX/FX_Prefabs/FX_Butterflies_Monarch_01.prefab","FX_Butterflies_Monarch_01",Butterflies,Other,0.00,0.00,0.00,0.00,0.00,0.00,0.00,0.00,0.00,0,0,0,0
"Assets/Synty/PolygonNatureBiomes/PNB_Meadow_Forest/FX/FX_Prefabs/FX_Dust_Spots_01.prefab","FX_Dust_Spots_01",Dust,Other,0.00,0.00,0.00,0.00,0.00,0.00,0.00,0.00,0.00,0,0,0,0
"Assets/Synty/PolygonNatureBiomes/PNB_Meadow_Forest/FX/FX_Prefabs/FX_Fire_01.prefab","FX_Fire_01",Fire,Other,0.00,0.00,0.00,0.00,0.00,0.00,0.00,0.00,0.00,0,0,0,0
"Assets/Synty/PolygonNatureBiomes/PNB_Meadow_Forest/FX/FX_Prefabs/FX_Leaves_Blowing_Meadows_01.prefab","FX_Leaves_Blowing_Meadows_01",Leaves,Other,0.00,0.00,0.00,0.00,0.00,0.00,0.00,0.00,0.00,0,0,0,0
"Assets/Synty/PolygonNatureBiomes/PNB_Meadow_Forest/FX/FX_Prefabs/FX_Leaves_Meadows_01.prefab","FX_Leaves_Meadows_01",Leaves,Other,0.00,0.00,0.00,0.00,0.00,0.00,0.00,0.00,0.00,0,0,0,0
"Assets/Synty/PolygonNatureBiomes/PNB_Meadow_Forest/FX/FX_Prefabs/FX_Petals_Red_01.prefab","FX_Petals_Red_01",Petals,Other,0.00,0.00,0.00,0.00,0.00,0.00,0.00,0.00,0.00,0,0,0,0
"Assets/Synty/PolygonNatureBiomes/PNB_Meadow_Forest/FX/FX_Prefabs/FX_Petals_Yellow_01.prefab","FX_Petals_Yellow_01",Petals,Other,0.00,0.00,0.00,0.00,0.00,0.00,0.00,0.00,0.00,0,0,0,0
"Assets/Synty/PolygonNatureBiomes/PNB_Meadow_Forest/FX/FX_Prefabs/FX_SunBeam_01.prefab","FX_SunBeam_01",SunBeam,Other,0.00,0.00,0.00,0.00,0.00,0.00,0.00,0.00,0.00,0,0,0,0
"Assets/Synty/PolygonNatureBiomes/PNB_Meadow_Forest/FX/FX_Prefabs/FX_Water_Movement_01.prefab","FX_Water_Movement_01",Water,Other,0.00,0.00,0.00,0.00,0.00,0.00,0.00,0.00,0.00,0,0,0,0
"Assets/Synty/PolygonNatureBiomes/PNB_Meadow_Forest/FX/FX_Prefabs/FX_Wind_01.prefab","FX_Wind_01",Wind,Other,0.00,0.00,0.00,0.00,0.00,0.00,0.00,0.00,0.00,0,0,0,0
"Assets/Synty/PolygonNatureBiomes/PNB_Meadow_Forest/FX/FX_Prefabs/FX_Wind_Streaks_01.prefab","FX_Wind_Streaks_01",Wind,Other,0.00,0.00,0.00,0.00,0.00,0.00,0.00,0.00,0.00,0,0,0,0
"Assets/Synty/PolygonNatureBiomes/PNB_Meadow_Forest/Prefabs/Props/SM_Bld_Stone_Cabin_01.prefab","SM_Bld_Stone_Cabin_01",Bld,Other,5.99,4.04,8.11,-3.00,0.00,-4.06,3.00,4.04,4.06,1,10310,1,0
"Assets/Synty/PolygonNatureBiomes/PNB_Meadow_Forest/Prefabs/Props/SM_Bld_Warpgate_01.prefab","SM_Bld_Warpgate_01",Bld,Other,8.31,8.27,6.83,-4.15,-1.19,-3.40,4.15,7.09,3.42,3,6260,1,0
"Assets/Synty/PolygonNatureBiomes/PNB_Meadow_Forest/Prefabs/Props/SM_Bld_Windmill_01.prefab","SM_Bld_Windmill_01",Bld,Other,9.48,12.95,7.79,-4.72,-1.98,-4.70,4.75,10.98,3.09,2,8919,1,0
"Assets/Synty/PolygonNatureBiomes/PNB_Meadow_Forest/Prefabs/Props/SM_Bld_Windmill_02.prefab","SM_Bld_Windmill_02",Bld,Other,9.61,13.03,8.26,-4.80,-1.98,-4.70,4.80,11.06,3.56,2,9519,1,0
"Assets/Synty/PolygonNatureBiomes/PNB_Meadow_Forest/Prefabs/Props/SM_Prop_Birdhouse_01.prefab","SM_Prop_Birdhouse_01",Prop,Other,0.62,0.86,0.62,-0.31,-0.81,-0.31,0.31,0.05,0.31,1,615,1,0
"Assets/Synty/PolygonNatureBiomes/PNB_Meadow_Forest/Prefabs/Props/SM_Prop_Birdhouse_02.prefab","SM_Prop_Birdhouse_02",Prop,Other,0.53,1.33,0.73,-0.26,-1.33,-0.27,0.26,0.00,0.46,1,522,1,0
"Assets/Synty/PolygonNatureBiomes/PNB_Meadow_Forest/Prefabs/Props/SM_Prop_Bridge_01.prefab","SM_Prop_Bridge_01",Prop,Other,3.11,6.56,10.00,-1.55,-4.85,-5.00,1.56,1.71,5.00,1,1904,1,0
"Assets/Synty/PolygonNatureBiomes/PNB_Meadow_Forest/Prefabs/Props/SM_Prop_Camp_Bucket_01.prefab","SM_Prop_Camp_Bucket_01",Prop,Other,0.53,0.20,0.54,-0.27,0.00,-0.27,0.27,0.20,0.27,1,158,1,0
"Assets/Synty/PolygonNatureBiomes/PNB_Meadow_Forest/Prefabs/Props/SM_Prop_Camp_Bucket_02.prefab","SM_Prop_Camp_Bucket_02",Prop,Other,0.29,0.20,0.29,-0.14,0.00,-0.15,0.14,0.20,0.15,1,140,1,0
"Assets/Synty/PolygonNatureBiomes/PNB_Meadow_Forest/Prefabs/Props/SM_Prop_Camp_Can_01.prefab","SM_Prop_Camp_Can_01",Prop,Other,0.16,0.20,0.16,-0.08,0.00,-0.08,0.08,0.20,0.08,1,146,1,0
"Assets/Synty/PolygonNatureBiomes/PNB_Meadow_Forest/Prefabs/Props/SM_Prop_Camp_Can_02.prefab","SM_Prop_Camp_Can_02",Prop,Other,0.25,0.24,0.16,-0.08,0.00,-0.08,0.17,0.24,0.08,1,184,1,0
"Assets/Synty/PolygonNatureBiomes/PNB_Meadow_Forest/Prefabs/Props/SM_Prop_Camp_Crate_01.prefab","SM_Prop_Camp_Crate_01",Prop,Other,0.55,0.54,0.80,-0.27,0.00,-0.40,0.27,0.54,0.40,1,568,1,0
"Assets/Synty/PolygonNatureBiomes/PNB_Meadow_Forest/Prefabs/Props/SM_Prop_Camp_Fire_Tripod_01.prefab","SM_Prop_Camp_Fire_Tripod_01",Prop,Other,1.09,1.67,1.00,-0.47,-0.04,-0.58,0.62,1.63,0.42,1,540,1,0
"Assets/Synty/PolygonNatureBiomes/PNB_Meadow_Forest/Prefabs/Props/SM_Prop_Camp_Fireplace_01.prefab","SM_Prop_Camp_Fireplace_01",Prop,Other,0.84,0.38,0.80,-0.44,-0.03,-0.41,0.40,0.35,0.38,1,326,1,0
"Assets/Synty/PolygonNatureBiomes/PNB_Meadow_Forest/Prefabs/Props/SM_Prop_Camp_Fireplace_02.prefab","SM_Prop_Camp_Fireplace_02",Prop,Other,0.84,0.38,0.80,-0.44,-0.03,-0.42,0.40,0.35,0.38,1,326,1,0
"Assets/Synty/PolygonNatureBiomes/PNB_Meadow_Forest/Prefabs/Props/SM_Prop_Camp_Fireplace_Stones_01.prefab","SM_Prop_Camp_Fireplace_Stones_01",Prop,Other,1.19,0.22,1.17,-0.60,-0.06,-0.56,0.59,0.16,0.60,1,336,1,0
"Assets/Synty/PolygonNatureBiomes/PNB_Meadow_Forest/Prefabs/Props/SM_Prop_Camp_Pouch_01.prefab","SM_Prop_Camp_Pouch_01",Prop,Other,0.22,0.27,0.23,-0.11,0.00,-0.12,0.11,0.27,0.12,1,100,1,0
"Assets/Synty/PolygonNatureBiomes/PNB_Meadow_Forest/Prefabs/Props/SM_Prop_Camp_Tanning_Rack_01.prefab","SM_Prop_Camp_Tanning_Rack_01",Prop,Other,1.99,1.93,1.07,-0.99,0.00,-0.54,0.99,1.93,0.54,1,1158,1,0
"Assets/Synty/PolygonNatureBiomes/PNB_Meadow_Forest/Prefabs/Props/SM_Prop_Camp_Tent_01.prefab","SM_Prop_Camp_Tent_01",Prop,Other,2.00,1.52,2.68,-1.00,-0.07,-1.34,1.00,1.45,1.34,1,722,1,0
"Assets/Synty/PolygonNatureBiomes/PNB_Meadow_Forest/Prefabs/Props/SM_Prop_Gate_Small_01.prefab","SM_Prop_Gate_Small_01",Prop,Other,1.52,1.30,0.20,-1.43,0.00,-0.08,0.09,1.30,0.12,2,537,1,0
"Assets/Synty/PolygonNatureBiomes/PNB_Meadow_Forest/Prefabs/Props/SM_Prop_HandCart_01.prefab","SM_Prop_HandCart_01",Prop,Other,1.88,1.51,2.75,-0.94,0.00,-0.72,0.94,1.51,2.03,3,2670,1,0
"Assets/Synty/PolygonNatureBiomes/PNB_Meadow_Forest/Prefabs/Props/SM_Prop_HorseHitch_01.prefab","SM_Prop_HorseHitch_01",Prop,Other,2.53,1.20,0.23,-1.26,-0.06,-0.11,1.26,1.14,0.11,1,590,1,0
"Assets/Synty/PolygonNatureBiomes/PNB_Meadow_Forest/Prefabs/Props/SM_Prop_Kite_01.prefab","SM_Prop_Kite_01",Prop,Other,0.82,15.43,0.12,-0.41,0.00,-0.03,0.41,15.43,0.09,1,194,1,0
"Assets/Synty/PolygonNatureBiomes/PNB_Meadow_Forest/Prefabs/Props/SM_Prop_Kite_02.prefab","SM_Prop_Kite_02",Prop,Other,1.45,16.42,0.95,-0.80,0.00,-0.47,0.64,16.42,0.47,1,827,1,0
"Assets/Synty/PolygonNatureBiomes/PNB_Meadow_Forest/Prefabs/Props/SM_Prop_Kite_03.prefab","SM_Prop_Kite_03",Prop,Other,2.47,15.24,1.12,-1.23,0.00,-0.73,1.23,15.24,0.38,1,754,1,0
"Assets/Synty/PolygonNatureBiomes/PNB_Meadow_Forest/Prefabs/Props/SM_Prop_Meadow_Fence_01.prefab","SM_Prop_Meadow_Fence_01",Prop,Railing,2.59,1.57,0.19,-0.09,-0.12,-0.09,2.50,1.45,0.09,1,238,1,0
"Assets/Synty/PolygonNatureBiomes/PNB_Meadow_Forest/Prefabs/Props/SM_Prop_Meadow_Fence_02.prefab","SM_Prop_Meadow_Fence_02",Prop,Railing,1.36,1.52,0.20,-0.10,-0.15,-0.10,1.25,1.37,0.10,1,202,1,0
"Assets/Synty/PolygonNatureBiomes/PNB_Meadow_Forest/Prefabs/Props/SM_Prop_Meadow_Fence_03.prefab","SM_Prop_Meadow_Fence_03",Prop,Railing,2.68,1.52,0.21,-0.08,-0.15,-0.10,2.60,1.38,0.10,1,308,1,0
"Assets/Synty/PolygonNatureBiomes/PNB_Meadow_Forest/Prefabs/Props/SM_Prop_Meadow_Fence_04.prefab","SM_Prop_Meadow_Fence_04",Prop,Railing,1.46,1.52,0.21,-0.10,-0.15,-0.11,1.35,1.37,0.10,1,276,1,0
"Assets/Synty/PolygonNatureBiomes/PNB_Meadow_Forest/Prefabs/Props/SM_Prop_Meadow_Fence_05.prefab","SM_Prop_Meadow_Fence_05",Prop,Railing,2.52,1.51,0.40,-0.09,-0.15,-0.32,2.44,1.36,0.09,1,244,1,0
"Assets/Synty/PolygonNatureBiomes/PNB_Meadow_Forest/Prefabs/Props/SM_Prop_Meadow_Fence_06.prefab","SM_Prop_Meadow_Fence_06",Prop,Railing,2.54,1.54,0.46,-0.11,-0.15,-0.37,2.43,1.39,0.09,1,242,1,0
"Assets/Synty/PolygonNatureBiomes/PNB_Meadow_Forest/Prefabs/Props/SM_Prop_Meadow_Fence_07.prefab","SM_Prop_Meadow_Fence_07",Prop,Railing,2.66,1.51,0.92,-0.08,-0.15,-0.82,2.58,1.36,0.10,1,312,1,0
"Assets/Synty/PolygonNatureBiomes/PNB_Meadow_Forest/Prefabs/Props/SM_Prop_Meadow_Fence_Gate_01.prefab","SM_Prop_Meadow_Fence_Gate_01",Prop,Railing,2.27,1.28,0.16,0.00,-0.63,-0.06,2.28,0.65,0.10,1,590,1,0
"Assets/Synty/PolygonNatureBiomes/PNB_Meadow_Forest/Prefabs/Props/SM_Prop_Meadow_Fence_Gate_02.prefab","SM_Prop_Meadow_Fence_Gate_02",Prop,Railing,1.01,1.21,0.16,-0.01,-0.64,-0.08,1.00,0.57,0.09,1,329,1,0
"Assets/Synty/PolygonNatureBiomes/PNB_Meadow_Forest/Prefabs/Props/SM_Prop_Meadow_Fence_Gate_Set_01.prefab","SM_Prop_Meadow_Fence_Gate_Set_01",Prop,Railing,2.69,1.54,0.24,-0.10,-0.15,-0.12,2.59,1.39,0.12,3,888,1,0
"Assets/Synty/PolygonNatureBiomes/PNB_Meadow_Forest/Prefabs/Props/SM_Prop_Meadow_Fence_Gate_Set_02.prefab","SM_Prop_Meadow_Fence_Gate_Set_02",Prop,Railing,1.44,1.54,0.24,-0.10,-0.15,-0.12,1.34,1.39,0.12,3,627,1,0
"Assets/Synty/PolygonNatureBiomes/PNB_Meadow_Forest/Prefabs/Props/SM_Prop_Meadow_Fence_Post_01.prefab","SM_Prop_Meadow_Fence_Post_01",Prop,Railing,0.21,1.51,0.20,-0.10,-0.15,-0.09,0.10,1.36,0.11,1,74,1,0
"Assets/Synty/PolygonNatureBiomes/PNB_Meadow_Forest/Prefabs/Props/SM_Prop_Meadow_Fence_Post_02.prefab","SM_Prop_Meadow_Fence_Post_02",Prop,Railing,0.23,1.51,0.19,-0.10,-0.15,-0.09,0.14,1.36,0.10,1,132,1,0
"Assets/Synty/PolygonNatureBiomes/PNB_Meadow_Forest/Prefabs/Props/SM_Prop_Meadow_Fence_Post_03.prefab","SM_Prop_Meadow_Fence_Post_03",Prop,Railing,0.34,1.54,0.24,-0.25,-0.15,-0.11,0.09,1.39,0.13,2,166,1,0
"Assets/Synty/PolygonNatureBiomes/PNB_Meadow_Forest/Prefabs/Props/SM_Prop_Meadow_Fence_Railing_01.prefab","SM_Prop_Meadow_Fence_Railing_01",Prop,Railing,2.38,0.14,0.12,-0.01,-0.06,-0.06,2.37,0.08,0.06,1,46,1,0
"Assets/Synty/PolygonNatureBiomes/PNB_Meadow_Forest/Prefabs/Props/SM_Prop_MushroomHouse_01.prefab","SM_Prop_MushroomHouse_01",Prop,Other,0.38,0.59,0.39,-0.19,-0.04,-0.19,0.19,0.55,0.20,1,1081,1,0
"Assets/Synty/PolygonNatureBiomes/PNB_Meadow_Forest/Prefabs/Props/SM_Prop_MushroomHouse_02.prefab","SM_Prop_MushroomHouse_02",Prop,Other,0.43,0.48,0.40,-0.20,-0.03,-0.20,0.22,0.45,0.20,1,977,1,0
"Assets/Synty/PolygonNatureBiomes/PNB_Meadow_Forest/Prefabs/Props/SM_Prop_Mushroom_01.prefab","SM_Prop_Mushroom_01",Prop,Other,0.07,0.27,0.06,-0.04,-0.02,-0.03,0.03,0.25,0.03,1,70,1,0
"Assets/Synty/PolygonNatureBiomes/PNB_Meadow_Forest/Prefabs/Props/SM_Prop_Mushroom_02.prefab","SM_Prop_Mushroom_02",Prop,Other,0.17,0.21,0.14,-0.08,-0.04,-0.07,0.08,0.17,0.07,1,54,1,0
"Assets/Synty/PolygonNatureBiomes/PNB_Meadow_Forest/Prefabs/Props/SM_Prop_Mushroom_03.prefab","SM_Prop_Mushroom_03",Prop,Other,0.11,0.21,0.09,-0.05,-0.03,-0.05,0.05,0.18,0.05,1,60,1,0
"Assets/Synty/PolygonNatureBiomes/PNB_Meadow_Forest/Prefabs/Props/SM_Prop_Mushroom_04.prefab","SM_Prop_Mushroom_04",Prop,Other,0.09,0.15,0.08,-0.05,-0.02,-0.04,0.05,0.14,0.04,1,70,1,0
"Assets/Synty/PolygonNatureBiomes/PNB_Meadow_Forest/Prefabs/Props/SM_Prop_Mushroom_05.prefab","SM_Prop_Mushroom_05",Prop,Other,0.20,0.20,0.20,-0.10,-0.03,-0.10,0.10,0.17,0.10,1,316,1,0
"Assets/Synty/PolygonNatureBiomes/PNB_Meadow_Forest/Prefabs/Props/SM_Prop_Mushroom_06.prefab","SM_Prop_Mushroom_06",Prop,Other,0.13,0.20,0.13,-0.06,-0.03,-0.07,0.06,0.17,0.07,1,236,1,0
"Assets/Synty/PolygonNatureBiomes/PNB_Meadow_Forest/Prefabs/Props/SM_Prop_Mushroom_Group_02.prefab","SM_Prop_Mushroom_Group_02",Prop,Other,0.23,0.21,0.23,-0.12,-0.04,-0.11,0.11,0.17,0.12,1,270,1,0
"Assets/Synty/PolygonNatureBiomes/PNB_Meadow_Forest/Prefabs/Props/SM_Prop_Mushroom_Group_03.prefab","SM_Prop_Mushroom_Group_03",Prop,Other,0.22,0.21,0.21,-0.11,-0.03,-0.11,0.11,0.17,0.10,1,236,1,0
"Assets/Synty/PolygonNatureBiomes/PNB_Meadow_Forest/Prefabs/Props/SM_Prop_Mushroom_Group_04.prefab","SM_Prop_Mushroom_Group_04",Prop,Other,0.26,0.25,0.31,-0.12,-0.06,-0.15,0.13,0.19,0.15,1,290,1,0
"Assets/Synty/PolygonNatureBiomes/PNB_Meadow_Forest/Prefabs/Props/SM_Prop_Mushroom_Group_05.prefab","SM_Prop_Mushroom_Group_05",Prop,Other,0.36,0.22,0.32,-0.19,-0.04,-0.20,0.17,0.17,0.13,1,1046,1,0
"Assets/Synty/PolygonNatureBiomes/PNB_Meadow_Forest/Prefabs/Props/SM_Prop_Mushroom_Sparse_01.prefab","SM_Prop_Mushroom_Sparse_01",Prop,Other,1.19,0.26,1.10,-0.58,-0.03,-0.51,0.61,0.23,0.59,1,992,1,0
"Assets/Synty/PolygonNatureBiomes/PNB_Meadow_Forest/Prefabs/Props/SM_Prop_Mushroom_Sparse_02.prefab","SM_Prop_Mushroom_Sparse_02",Prop,Other,1.45,0.25,1.42,-0.75,-0.08,-0.74,0.70,0.17,0.67,1,1080,1,0
"Assets/Synty/PolygonNatureBiomes/PNB_Meadow_Forest/Prefabs/Props/SM_Prop_Mushroom_Sparse_03.prefab","SM_Prop_Mushroom_Sparse_03",Prop,Other,1.15,0.21,0.90,-0.61,-0.03,-0.45,0.54,0.17,0.45,1,714,1,0
"Assets/Synty/PolygonNatureBiomes/PNB_Meadow_Forest/Prefabs/Props/SM_Prop_Mushroom_Sparse_04.prefab","SM_Prop_Mushroom_Sparse_04",Prop,Other,1.68,0.25,1.18,-0.81,-0.06,-0.57,0.86,0.19,0.61,1,870,1,0
"Assets/Synty/PolygonNatureBiomes/PNB_Meadow_Forest/Prefabs/Props/SM_Prop_Mushroom_Sparse_05.prefab","SM_Prop_Mushroom_Sparse_05",Prop,Other,1.73,0.22,1.32,-0.78,-0.04,-0.67,0.96,0.17,0.65,1,4838,1,0
"Assets/Synty/PolygonNatureBiomes/PNB_Meadow_Forest/Prefabs/Props/SM_Prop_ScareCrow_01.prefab","SM_Prop_ScareCrow_01",Prop,Other,2.95,3.84,0.80,-1.55,0.00,-0.28,1.40,3.84,0.52,1,3402,1,0
"Assets/Synty/PolygonNatureBiomes/PNB_Meadow_Forest/Prefabs/Props/SM_Prop_SciFiCable_01.prefab","SM_Prop_SciFiCable_01",Prop,Other,5.36,0.33,2.06,-2.68,0.00,-1.03,2.68,0.33,1.03,1,1296,1,0
"Assets/Synty/PolygonNatureBiomes/PNB_Meadow_Forest/Prefabs/Props/SM_Prop_SciFiCable_02.prefab","SM_Prop_SciFiCable_02",Prop,Other,2.43,0.50,2.26,-1.21,0.00,-1.13,1.21,0.50,1.13,1,1024,1,0
"Assets/Synty/PolygonNatureBiomes/PNB_Meadow_Forest/Prefabs/Props/SM_Prop_SciFiCrate_01.prefab","SM_Prop_SciFiCrate_01",Prop,Other,0.80,0.77,0.80,-0.40,0.00,-0.40,0.40,0.77,0.40,1,812,1,0
"Assets/Synty/PolygonNatureBiomes/PNB_Meadow_Forest/Prefabs/Props/SM_Prop_SciFiCrate_02.prefab","SM_Prop_SciFiCrate_02",Prop,Other,1.42,0.85,0.98,-0.71,-0.05,-0.49,0.71,0.80,0.49,1,332,1,0
"Assets/Synty/PolygonNatureBiomes/PNB_Meadow_Forest/Prefabs/Props/SM_Prop_Sign_01.prefab","SM_Prop_Sign_01",Prop,Other,1.06,2.96,0.96,-0.57,-0.08,-0.37,0.49,2.88,0.59,1,702,1,0
"Assets/Synty/PolygonNatureBiomes/PNB_Meadow_Forest/Prefabs/Props/SM_Prop_Sign_02.prefab","SM_Prop_Sign_02",Prop,Other,0.99,2.96,1.10,-0.57,-0.08,-0.49,0.42,2.88,0.61,1,558,1,0
"Assets/Synty/PolygonNatureBiomes/PNB_Meadow_Forest/Prefabs/Props/SM_Prop_Sign_03.prefab","SM_Prop_Sign_03",Prop,Other,0.98,2.96,0.69,-0.48,-0.08,-0.34,0.50,2.88,0.35,1,430,1,0
"Assets/Synty/PolygonNatureBiomes/PNB_Meadow_Forest/Prefabs/Props/SM_Prop_StoneArch_01.prefab","SM_Prop_StoneArch_01",Prop,Other,5.55,4.02,2.60,-2.77,0.00,-1.30,2.77,4.02,1.30,1,424,1,0
"Assets/Synty/PolygonNatureBiomes/PNB_Meadow_Forest/Prefabs/Props/SM_Prop_StonePile_01.prefab","SM_Prop_StonePile_01",Prop,Other,0.88,1.48,0.73,-0.44,0.00,-0.38,0.44,1.49,0.35,1,1144,1,0
"Assets/Synty/PolygonNatureBiomes/PNB_Meadow_Forest/Prefabs/Props/SM_Prop_StonePile_02.prefab","SM_Prop_StonePile_02",Prop,Other,0.56,0.88,0.62,-0.28,0.00,-0.31,0.28,0.88,0.31,1,232,1,0
"Assets/Synty/PolygonNatureBiomes/PNB_Meadow_Forest/Prefabs/Props/SM_Prop_StonePile_03.prefab","SM_Prop_StonePile_03",Prop,Other,0.96,1.53,0.92,-0.48,0.00,-0.46,0.48,1.53,0.46,1,1788,1,0
"Assets/Synty/PolygonNatureBiomes/PNB_Meadow_Forest/Prefabs/Props/SM_Prop_StoneRunes_01.prefab","SM_Prop_StoneRunes_01",Prop,Other,1.33,3.33,0.57,-0.67,-0.26,-0.29,0.67,3.06,0.29,1,404,1,0
"Assets/Synty/PolygonNatureBiomes/PNB_Meadow_Forest/Prefabs/Props/SM_Prop_StoneRunes_02.prefab","SM_Prop_StoneRunes_02",Prop,Other,1.38,3.09,0.99,-0.69,-0.14,-0.50,0.69,2.95,0.50,1,416,1,0
"Assets/Synty/PolygonNatureBiomes/PNB_Meadow_Forest/Prefabs/Props/SM_Prop_StoneRunes_03.prefab","SM_Prop_StoneRunes_03",Prop,Other,1.56,3.49,1.01,-0.78,-0.34,-0.50,0.78,3.15,0.50,1,508,1,0
"Assets/Synty/PolygonNatureBiomes/PNB_Meadow_Forest/Prefabs/Props/SM_Prop_StoneStack_01.prefab","SM_Prop_StoneStack_01",Prop,Other,5.81,4.91,5.38,-2.91,0.00,-2.69,2.91,4.91,2.69,1,612,1,0
"Assets/Synty/PolygonNatureBiomes/PNB_Meadow_Forest/Prefabs/Props/SM_Prop_StoneStack_02.prefab","SM_Prop_StoneStack_02",Prop,Other,4.49,5.73,5.93,-2.32,-0.20,-2.95,2.17,5.53,2.98,1,412,1,0
"Assets/Synty/PolygonNatureBiomes/PNB_Meadow_Forest/Prefabs/Props/SM_Prop_Stone_Hole_01.prefab","SM_Prop_Stone_Hole_01",Prop,Other,1.33,3.09,1.09,-0.66,-0.39,-0.55,0.66,2.70,0.55,1,276,1,0
"Assets/Synty/PolygonNatureBiomes/PNB_Meadow_Forest/Prefabs/Props/SM_Prop_Sword_Stone_01.prefab","SM_Prop_Sword_Stone_01",Prop,Other,1.83,2.35,2.00,-0.73,0.00,-1.16,1.10,2.35,0.84,2,1264,1,0
"Assets/Synty/PolygonNatureBiomes/PNB_Meadow_Forest/Prefabs/Props/SM_Prop_Wagon_Broken_01.prefab","SM_Prop_Wagon_Broken_01",Prop,Other,3.40,2.39,5.32,-1.89,-0.14,-2.28,1.51,2.25,3.04,1,3914,1,0
"Assets/Synty/PolygonNatureBiomes/PNB_Meadow_Forest/Prefabs/Props/SM_Prop_WaterWheel_01.prefab","SM_Prop_WaterWheel_01",Prop,Other,3.02,3.60,3.61,-0.65,-0.11,-1.80,2.38,3.49,1.80,3,4381,1,0
"Assets/Synty/PolygonNatureBiomes/PNB_Meadow_Forest/Prefabs/Props/SM_Prop_Well_01.prefab","SM_Prop_Well_01",Prop,Other,1.91,2.97,1.95,-0.84,-0.13,-0.98,1.07,2.84,0.98,1,1809,1,0
"Assets/Synty/PolygonNatureBiomes/PNB_Meadow_Forest/Prefabs/Props/SM_Prop_WindChime_01.prefab","SM_Prop_WindChime_01",Prop,Other,0.30,1.45,0.31,-0.14,-1.44,-0.16,0.16,0.01,0.15,1,851,1,0
"Assets/Synty/PolygonNatureBiomes/PNB_Meadow_Forest/Prefabs/Props/SM_Prop_WindChime_02.prefab","SM_Prop_WindChime_02",Prop,Other,0.48,1.64,0.45,-0.24,-1.64,-0.23,0.24,0.01,0.23,1,951,1,0
"Assets/Synty/PolygonNatureBiomes/PNB_Meadow_Forest/Prefabs/SM_Env_Bush_01.prefab","SM_Env_Bush_01",Env,Other,2.68,2.88,2.44,-1.24,-0.04,-1.30,1.44,2.85,1.13,2,3642,1,0
"Assets/Synty/PolygonNatureBiomes/PNB_Meadow_Forest/Prefabs/SM_Env_Bush_02.prefab","SM_Env_Bush_02",Env,Other,5.02,2.57,4.87,-2.62,-0.62,-2.67,2.41,1.95,2.21,3,3814,3,0
"Assets/Synty/PolygonNatureBiomes/PNB_Meadow_Forest/Prefabs/SM_Env_Bush_03.prefab","SM_Env_Bush_03",Env,Other,5.92,3.43,4.11,-2.91,-0.34,-2.19,3.01,3.09,1.92,4,10264,2,0
"Assets/Synty/PolygonNatureBiomes/PNB_Meadow_Forest/Prefabs/SM_Env_CropField_Clump_01.prefab","SM_Env_CropField_Clump_01",Env,Other,2.19,1.35,2.39,-1.02,-0.12,-1.08,1.17,1.24,1.32,2,336,1,0
"Assets/Synty/PolygonNatureBiomes/PNB_Meadow_Forest/Prefabs/SM_Env_CropField_Clump_02.prefab","SM_Env_CropField_Clump_02",Env,Other,5.12,1.38,5.09,-2.66,-0.15,-2.56,2.46,1.24,2.53,2,2264,1,0
"Assets/Synty/PolygonNatureBiomes/PNB_Meadow_Forest/Prefabs/SM_Env_Flowers_Flat_01.prefab","SM_Env_Flowers_Flat_01",Env,Other,2.07,0.14,2.02,-1.03,0.00,-1.00,1.03,0.14,1.02,1,18,1,0
"Assets/Synty/PolygonNatureBiomes/PNB_Meadow_Forest/Prefabs/SM_Env_Flowers_Flat_02.prefab","SM_Env_Flowers_Flat_02",Env,Other,2.16,0.15,2.07,-1.08,0.00,-1.01,1.08,0.15,1.05,1,18,1,0
"Assets/Synty/PolygonNatureBiomes/PNB_Meadow_Forest/Prefabs/SM_Env_Flowers_Flat_03.prefab","SM_Env_Flowers_Flat_03",Env,Other,2.25,0.18,2.01,-1.22,0.00,-1.00,1.03,0.18,1.01,1,8,1,0
"Assets/Synty/PolygonNatureBiomes/PNB_Meadow_Forest/Prefabs/SM_Env_Grass_Bush_01.prefab","SM_Env_Grass_Bush_01",Env,Other,2.28,1.21,2.31,-1.18,-0.23,-1.18,1.10,0.97,1.12,3,110,1,0
"Assets/Synty/PolygonNatureBiomes/PNB_Meadow_Forest/Prefabs/SM_Env_Grass_Large_01.prefab","SM_Env_Grass_Large_01",Env,Other,33.95,3.99,34.49,-16.82,-2.91,-17.67,17.14,1.08,16.82,3,36612,1,0
"Assets/Synty/PolygonNatureBiomes/PNB_Meadow_Forest/Prefabs/SM_Env_Grass_Large_02.prefab","SM_Env_Grass_Large_02",Env,Other,33.20,3.46,34.59,-16.82,-0.40,-17.07,16.39,3.06,17.52,3,35200,1,0
"Assets/Synty/PolygonNatureBiomes/PNB_Meadow_Forest/Prefabs/SM_Env_Grass_Large_03.prefab","SM_Env_Grass_Large_03",Env,Other,34.68,4.15,34.77,-17.24,-3.04,-17.90,17.44,1.11,16.88,3,37260,1,0
"Assets/Synty/PolygonNatureBiomes/PNB_Meadow_Forest/Prefabs/SM_Env_Grass_Large_04.prefab","SM_Env_Grass_Large_04",Env,Other,34.01,3.42,34.24,-17.02,-0.71,-17.62,16.99,2.71,16.62,3,37422,1,0
"Assets/Synty/PolygonNatureBiomes/PNB_Meadow_Forest/Prefabs/SM_Env_Grass_Med_Clump_01.prefab","SM_Env_Grass_Med_Clump_01",Env,Other,1.00,0.50,1.00,-0.50,-0.03,-0.43,0.50,0.47,0.57,2,10,1,0
"Assets/Synty/PolygonNatureBiomes/PNB_Meadow_Forest/Prefabs/SM_Env_Grass_Med_Clump_02.prefab","SM_Env_Grass_Med_Clump_02",Env,Other,1.79,0.53,1.46,-0.85,-0.03,-0.68,0.93,0.50,0.78,2,18,1,0
"Assets/Synty/PolygonNatureBiomes/PNB_Meadow_Forest/Prefabs/SM_Env_Grass_Med_Clump_03.prefab","SM_Env_Grass_Med_Clump_03",Env,Other,1.89,0.53,1.90,-0.94,-0.06,-0.95,0.95,0.47,0.95,3,50,1,0
"Assets/Synty/PolygonNatureBiomes/PNB_Meadow_Forest/Prefabs/SM_Env_Grass_Med_Plane_01.prefab","SM_Env_Grass_Med_Plane_01",Env,Other,1.00,0.50,0.00,-0.50,-0.03,0.00,0.50,0.47,0.00,1,2,1,0
"Assets/Synty/PolygonNatureBiomes/PNB_Meadow_Forest/Prefabs/SM_Env_Grass_Short_Clump_01.prefab","SM_Env_Grass_Short_Clump_01",Env,Other,1.00,0.25,1.00,-0.50,-0.03,-0.43,0.50,0.22,0.57,2,10,1,0
"Assets/Synty/PolygonNatureBiomes/PNB_Meadow_Forest/Prefabs/SM_Env_Grass_Short_Clump_02.prefab","SM_Env_Grass_Short_Clump_02",Env,Other,1.79,0.27,1.46,-0.85,-0.03,-0.68,0.93,0.24,0.78,2,18,1,0
"Assets/Synty/PolygonNatureBiomes/PNB_Meadow_Forest/Prefabs/SM_Env_Grass_Short_Clump_03.prefab","SM_Env_Grass_Short_Clump_03",Env,Other,1.89,0.28,1.90,-0.94,-0.06,-0.95,0.95,0.22,0.95,3,50,1,0
"Assets/Synty/PolygonNatureBiomes/PNB_Meadow_Forest/Prefabs/SM_Env_Grass_Short_Plane_01.prefab","SM_Env_Grass_Short_Plane_01",Env,Other,1.00,0.25,0.00,-0.50,-0.03,0.00,0.50,0.22,0.00,1,2,1,0
"Assets/Synty/PolygonNatureBiomes/PNB_Meadow_Forest/Prefabs/SM_Env_Grass_Tall_Clump_01.prefab","SM_Env_Grass_Tall_Clump_01",Env,Other,1.00,1.00,1.00,-0.50,-0.03,-0.43,0.50,0.97,0.57,2,10,1,0
"Assets/Synty/PolygonNatureBiomes/PNB_Meadow_Forest/Prefabs/SM_Env_Grass_Tall_Clump_02.prefab","SM_Env_Grass_Tall_Clump_02",Env,Other,1.79,1.07,1.46,-0.85,-0.03,-0.68,0.93,1.04,0.78,2,18,1,0
"Assets/Synty/PolygonNatureBiomes/PNB_Meadow_Forest/Prefabs/SM_Env_Grass_Tall_Clump_03.prefab","SM_Env_Grass_Tall_Clump_03",Env,Other,1.91,1.03,1.93,-0.97,-0.06,-0.95,0.95,0.97,0.98,3,54,1,0
"Assets/Synty/PolygonNatureBiomes/PNB_Meadow_Forest/Prefabs/SM_Env_Grass_Tall_Clump_04.prefab","SM_Env_Grass_Tall_Clump_04",Env,Other,4.28,1.03,4.68,-2.13,-0.06,-2.32,2.16,0.97,2.36,3,378,1,0
"Assets/Synty/PolygonNatureBiomes/PNB_Meadow_Forest/Prefabs/SM_Env_Grass_Tall_Clump_05.prefab","SM_Env_Grass_Tall_Clump_05",Env,Other,7.45,1.50,7.05,-3.85,-0.42,-3.59,3.60,1.08,3.46,3,1026,1,0
"Assets/Synty/PolygonNatureBiomes/PNB_Meadow_Forest/Prefabs/SM_Env_Grass_Tall_Plane_01.prefab","SM_Env_Grass_Tall_Plane_01",Env,Other,1.00,1.00,0.00,-0.50,-0.03,0.00,0.50,0.97,0.00,1,2,1,0
"Assets/Synty/PolygonNatureBiomes/PNB_Meadow_Forest/Prefabs/SM_Env_Ground_Cliff_Large_01.prefab","SM_Env_Ground_Cliff_Large_01",Env,Other,39.64,7.87,40.78,-18.42,-7.75,-21.07,21.22,0.12,19.70,1,3129,1,0
"Assets/Synty/PolygonNatureBiomes/PNB_Meadow_Forest/Prefabs/SM_Env_Ground_Cliff_Large_02.prefab","SM_Env_Ground_Cliff_Large_02",Env,Other,41.47,6.68,42.67,-19.34,-3.86,-22.02,22.14,2.82,20.65,1,3139,1,0
"Assets/Synty/PolygonNatureBiomes/PNB_Meadow_Forest/Prefabs/SM_Env_Ground_Cover_01.prefab","SM_Env_Ground_Cover_01",Env,Other,2.89,1.59,1.64,-1.34,-0.10,-0.75,1.55,1.49,0.89,2,70,1,0
"Assets/Synty/PolygonNatureBiomes/PNB_Meadow_Forest/Prefabs/SM_Env_Ground_Cover_02.prefab","SM_Env_Ground_Cover_02",Env,Other,1.91,0.57,1.91,-1.03,-0.04,-0.94,0.88,0.53,0.97,3,92,1,0
"Assets/Synty/PolygonNatureBiomes/PNB_Meadow_Forest/Prefabs/SM_Env_Ground_Cover_03.prefab","SM_Env_Ground_Cover_03",Env,Other,2.14,1.60,1.61,-1.14,-0.11,-0.80,1.01,1.49,0.82,3,100,1,0
"Assets/Synty/PolygonNatureBiomes/PNB_Meadow_Forest/Prefabs/SM_Env_Ground_Mound_Large_01.prefab","SM_Env_Ground_Mound_Large_01",Env,Other,36.64,3.21,37.30,-18.42,-3.09,-19.18,18.23,0.12,18.12,1,256,1,0
"Assets/Synty/PolygonNatureBiomes/PNB_Meadow_Forest/Prefabs/SM_Env_Ground_Mound_Large_02.prefab","SM_Env_Ground_Mound_Large_02",Env,Other,39.41,2.62,39.23,-19.89,-0.51,-19.62,19.52,2.11,19.62,1,324,1,0
"Assets/Synty/PolygonNatureBiomes/PNB_Meadow_Forest/Prefabs/SM_Env_Ground_Mound_Large_03.prefab","SM_Env_Ground_Mound_Large_03",Env,Other,36.64,3.15,37.30,-18.42,-3.09,-19.18,18.23,0.06,18.12,1,244,1,0
"Assets/Synty/PolygonNatureBiomes/PNB_Meadow_Forest/Prefabs/SM_Env_Ground_Mound_Large_04.prefab","SM_Env_Ground_Mound_Large_04",Env,Other,37.28,3.37,37.96,-18.74,-1.44,-19.51,18.54,1.93,18.45,1,244,1,0
"Assets/Synty/PolygonNatureBiomes/PNB_Meadow_Forest/Prefabs/SM_Env_Lillies_01.prefab","SM_Env_Lillies_01",Env,Other,3.42,0.20,2.89,-2.13,0.00,-1.27,1.29,0.19,1.63,2,2108,2,0
"Assets/Synty/PolygonNatureBiomes/PNB_Meadow_Forest/Prefabs/SM_Env_Lillies_02.prefab","SM_Env_Lillies_02",Env,Other,3.24,0.18,1.78,-2.10,0.00,-1.09,1.14,0.18,0.69,2,1194,2,0
"Assets/Synty/PolygonNatureBiomes/PNB_Meadow_Forest/Prefabs/SM_Env_Lillies_03.prefab","SM_Env_Lillies_03",Env,Other,2.05,0.20,4.35,-0.65,0.00,-2.48,1.40,0.19,1.88,2,1651,2,0
"Assets/Synty/PolygonNatureBiomes/PNB_Meadow_Forest/Prefabs/SM_Env_Rock_01.prefab","SM_Env_Rock_01",Env,Other,2.26,1.04,1.73,-1.13,-0.05,-0.86,1.13,0.99,0.87,1,196,1,0
"Assets/Synty/PolygonNatureBiomes/PNB_Meadow_Forest/Prefabs/SM_Env_Rock_02.prefab","SM_Env_Rock_02",Env,Other,2.44,1.49,2.00,-1.23,-0.13,-1.00,1.21,1.36,1.00,1,214,1,0
"Assets/Synty/PolygonNatureBiomes/PNB_Meadow_Forest/Prefabs/SM_Env_Rock_03.prefab","SM_Env_Rock_03",Env,Other,2.86,2.18,2.38,-1.45,-0.08,-1.19,1.41,2.10,1.19,1,162,1,0
"Assets/Synty/PolygonNatureBiomes/PNB_Meadow_Forest/Prefabs/SM_Env_Rock_04.prefab","SM_Env_Rock_04",Env,Other,3.29,3.27,3.48,-1.85,-0.68,-1.36,1.43,2.58,2.12,1,538,1,0
"Assets/Synty/PolygonNatureBiomes/PNB_Meadow_Forest/Prefabs/SM_Env_Rock_05.prefab","SM_Env_Rock_05",Env,Other,3.55,2.53,3.73,-1.77,-0.07,-1.85,1.78,2.46,1.88,1,572,1,0
"Assets/Synty/PolygonNatureBiomes/PNB_Meadow_Forest/Prefabs/SM_Env_Rock_06.prefab","SM_Env_Rock_06",Env,Other,3.24,4.78,3.19,-1.67,-0.46,-1.49,1.57,4.32,1.70,1,616,1,0
"Assets/Synty/PolygonNatureBiomes/PNB_Meadow_Forest/Prefabs/SM_Env_Rock_Cliff_01.prefab","SM_Env_Rock_Cliff_01",Env,Other,5.00,8.12,5.07,-2.43,-0.97,-2.44,2.57,7.15,2.63,1,460,1,0
"Assets/Synty/PolygonNatureBiomes/PNB_Meadow_Forest/Prefabs/SM_Env_Rock_Cliff_02.prefab","SM_Env_Rock_Cliff_02",Env,Other,11.85,8.18,7.99,-5.92,-1.14,-4.00,5.92,7.04,4.00,1,1262,1,0
"Assets/Synty/PolygonNatureBiomes/PNB_Meadow_Forest/Prefabs/SM_Env_Rock_Cliff_03.prefab","SM_Env_Rock_Cliff_03",Env,Other,22.27,10.23,9.14,-11.14,-1.53,-4.57,11.14,8.70,4.57,1,3196,1,0
"Assets/Synty/PolygonNatureBiomes/PNB_Meadow_Forest/Prefabs/SM_Env_Rock_Ground_01.prefab","SM_Env_Rock_Ground_01",Env,Other,21.21,4.02,20.35,-11.10,-2.85,-10.92,10.11,1.17,9.43,1,2219,1,0
"Assets/Synty/PolygonNatureBiomes/PNB_Meadow_Forest/Prefabs/SM_Env_Rock_Ground_02.prefab","SM_Env_Rock_Ground_02",Env,Other,12.02,1.78,6.27,-5.92,-0.62,-3.24,6.10,1.16,3.03,1,392,1,0
"Assets/Synty/PolygonNatureBiomes/PNB_Meadow_Forest/Prefabs/SM_Env_Rock_Pile_01.prefab","SM_Env_Rock_Pile_01",Env,Other,13.38,3.34,10.33,-6.69,-1.12,-5.16,6.69,2.21,5.16,1,2204,1,0
"Assets/Synty/PolygonNatureBiomes/PNB_Meadow_Forest/Prefabs/SM_Env_Rock_Pile_02.prefab","SM_Env_Rock_Pile_02",Env,Other,8.78,2.60,7.42,-4.39,-0.10,-3.71,4.39,2.50,3.71,1,968,1,0
"Assets/Synty/PolygonNatureBiomes/PNB_Meadow_Forest/Prefabs/SM_Env_Rock_Pile_03.prefab","SM_Env_Rock_Pile_03",Env,Other,6.70,2.47,5.71,-3.35,-0.38,-2.86,3.35,2.09,2.86,1,932,1,0
"Assets/Synty/PolygonNatureBiomes/PNB_Meadow_Forest/Prefabs/SM_Env_Rock_Pile_04.prefab","SM_Env_Rock_Pile_04",Env,Other,6.15,1.80,4.63,-3.08,-0.36,-2.32,3.08,1.43,2.32,1,638,1,0
"Assets/Synty/PolygonNatureBiomes/PNB_Meadow_Forest/Prefabs/SM_Env_Rock_Pile_05.prefab","SM_Env_Rock_Pile_05",Env,Other,4.80,2.93,3.64,-2.40,-0.35,-1.82,2.40,2.58,1.82,1,622,1,0
"Assets/Synty/PolygonNatureBiomes/PNB_Meadow_Forest/Prefabs/SM_Env_Rock_Pile_06.prefab","SM_Env_Rock_Pile_06",Env,Other,7.92,3.64,4.62,-3.96,-1.31,-2.31,3.96,2.33,2.31,1,1118,1,0
"Assets/Synty/PolygonNatureBiomes/PNB_Meadow_Forest/Prefabs/SM_Env_Rock_Pile_07.prefab","SM_Env_Rock_Pile_07",Env,Other,9.92,7.36,5.89,-4.96,-0.70,-2.94,4.96,6.66,2.94,1,1792,1,0
"Assets/Synty/PolygonNatureBiomes/PNB_Meadow_Forest/Prefabs/SM_Env_Rock_Round_01.prefab","SM_Env_Rock_Round_01",Env,Other,2.87,2.30,3.14,-1.44,-0.34,-1.87,1.42,1.95,1.27,1,182,1,0
"Assets/Synty/PolygonNatureBiomes/PNB_Meadow_Forest/Prefabs/SM_Env_Rock_Small_01.prefab","SM_Env_Rock_Small_01",Env,Other,0.33,0.26,0.34,-0.15,-0.04,-0.20,0.17,0.22,0.14,1,28,1,0
"Assets/Synty/PolygonNatureBiomes/PNB_Meadow_Forest/Prefabs/SM_Env_Rock_Small_Pile_01.prefab","SM_Env_Rock_Small_Pile_01",Env,Other,0.90,0.19,1.10,-0.50,-0.05,-0.50,0.40,0.14,0.61,1,168,1,0
"Assets/Synty/PolygonNatureBiomes/PNB_Meadow_Forest/Prefabs/SM_Env_Rock_Small_Pile_02.prefab","SM_Env_Rock_Small_Pile_02",Env,Other,0.75,0.21,0.61,-0.37,-0.05,-0.33,0.38,0.16,0.28,1,168,1,0
"Assets/Synty/PolygonNatureBiomes/PNB_Meadow_Forest/Prefabs/SM_Env_Sunflower_01.prefab","SM_Env_Sunflower_01",Env,Other,0.79,1.65,0.80,-0.40,-0.06,-0.40,0.40,1.59,0.40,3,2802,2,0
"Assets/Synty/PolygonNatureBiomes/PNB_Meadow_Forest/Prefabs/SM_Env_Tree_Birch_01.prefab","SM_Env_Tree_Birch_01",Env,Other,5.07,10.56,5.23,-2.47,-1.07,-2.66,2.60,9.50,2.57,7,19776,3,0
"Assets/Synty/PolygonNatureBiomes/PNB_Meadow_Forest/Prefabs/SM_Env_Tree_Birch_02.prefab","SM_Env_Tree_Birch_02",Env,Other,5.50,9.86,5.10,-3.04,-1.20,-2.45,2.46,8.67,2.65,6,20237,3,0
"Assets/Synty/PolygonNatureBiomes/PNB_Meadow_Forest/Prefabs/SM_Env_Tree_Birch_03.prefab","SM_Env_Tree_Birch_03",Env,Other,3.05,5.23,2.37,-1.43,-0.51,-1.21,1.62,4.73,1.15,6,5049,3,0
"Assets/Synty/PolygonNatureBiomes/PNB_Meadow_Forest/Prefabs/SM_Env_Tree_Fruit_01.prefab","SM_Env_Tree_Fruit_01",Env,Other,5.31,6.15,5.27,-2.67,-0.76,-2.80,2.64,5.39,2.47,3,11576,2,0
"Assets/Synty/PolygonNatureBiomes/PNB_Meadow_Forest/Prefabs/SM_Env_Tree_Fruit_02.prefab","SM_Env_Tree_Fruit_02",Env,Other,4.65,5.76,4.70,-2.53,-1.04,-2.31,2.11,4.72,2.39,3,9808,2,0
"Assets/Synty/PolygonNatureBiomes/PNB_Meadow_Forest/Prefabs/SM_Env_Tree_Fruit_03.prefab","SM_Env_Tree_Fruit_03",Env,Other,3.96,4.66,4.30,-2.21,-0.74,-2.27,1.75,3.92,2.03,3,9447,2,0
"Assets/Synty/PolygonNatureBiomes/PNB_Meadow_Forest/Prefabs/SM_Env_Tree_Meadow_01.prefab","SM_Env_Tree_Meadow_01",Env,Other,17.20,15.18,17.87,-8.33,-2.20,-9.52,8.87,12.97,8.36,7,44552,3,0
"Assets/Synty/PolygonNatureBiomes/PNB_Meadow_Forest/Prefabs/SM_Env_Tree_Meadow_02.prefab","SM_Env_Tree_Meadow_02",Env,Other,8.99,8.94,10.14,-4.37,-1.10,-5.17,4.62,7.84,4.97,7,21848,3,0
"Assets/Synty/PolygonNatureBiomes/PNB_Meadow_Forest/Prefabs/SM_Env_Water_Plane_01.prefab","SM_Env_Water_Plane_01",Env,Other,5.00,0.10,10.00,-2.50,0.00,-5.00,2.50,0.10,5.00,1,400,1,0
"Assets/Synty/PolygonNatureBiomes/PNB_Meadow_Forest/Prefabs/SM_Env_Wildflowers_01.prefab","SM_Env_Wildflowers_01",Env,Other,0.74,0.70,0.69,-0.37,-0.07,-0.29,0.37,0.64,0.39,3,2738,2,0
"Assets/Synty/PolygonNatureBiomes/PNB_Meadow_Forest/Prefabs/SM_Env_Wildflowers_02.prefab","SM_Env_Wildflowers_02",Env,Other,0.79,0.70,0.72,-0.43,-0.07,-0.34,0.36,0.64,0.38,3,3231,2,0
"Assets/Synty/PolygonNatureBiomes/PNB_Meadow_Forest/Prefabs/SM_Env_Wildflowers_03.prefab","SM_Env_Wildflowers_03",Env,Other,0.79,0.70,0.74,-0.36,-0.07,-0.32,0.43,0.64,0.42,3,4382,2,0
"Assets/Synty/PolygonNatureBiomes/PNB_Meadow_Forest/Prefabs/SM_Env_Wildflowers_Patch_01.prefab","SM_Env_Wildflowers_Patch_01",Env,Other,17.80,0.70,18.52,-8.77,-0.07,-9.25,9.03,0.64,9.27,2,135100,2,0
"Assets/Synty/PolygonNatureBiomes/PNB_Meadow_Forest/Prefabs/SM_Env_Wildflowers_Patch_02.prefab","SM_Env_Wildflowers_Patch_02",Env,Other,17.81,0.70,18.73,-9.08,-0.07,-9.41,8.73,0.64,9.32,2,178374,2,0
"Assets/Synty/PolygonNatureBiomes/PNB_Meadow_Forest/Prefabs/SM_Env_Wildflowers_Patch_03.prefab","SM_Env_Wildflowers_Patch_03",Env,Other,18.39,0.70,18.60,-9.30,-0.07,-9.35,9.09,0.64,9.25,2,211338,2,0
"Assets/Synty/PolygonNatureBiomes/PNB_Meadow_Forest/Prefabs/SM_Prop_Leaves_Branch_01.prefab","SM_Prop_Leaves_Branch_01",Prop,Other,0.40,0.19,1.43,-0.20,-0.04,-0.71,0.20,0.14,0.71,1,204,1,0
"Assets/Synty/PolygonNatureBiomes/PNB_Meadow_Forest/Prefabs/SM_Prop_Leaves_Pile_01.prefab","SM_Prop_Leaves_Pile_01",Prop,Other,1.94,0.12,2.77,-0.84,0.03,-1.61,1.10,0.16,1.16,1,355,1,0
"Assets/Synty/PolygonNatureBiomes/PNB_Meadow_Forest/Prefabs/SM_Prop_Leaves_Pile_02.prefab","SM_Prop_Leaves_Pile_02",Prop,Other,1.51,0.10,1.24,-0.75,0.03,-0.62,0.75,0.13,0.62,1,285,1,0
"Assets/Synty/PolygonNatureBiomes/PNB_Meadow_Forest/Prefabs/SM_Prop_Stonewall_End_01.prefab","SM_Prop_Stonewall_End_01",Prop,Other,4.28,1.26,0.76,-0.14,-0.06,-0.39,4.14,1.19,0.36,3,2870,1,0
"Assets/Synty/PolygonNatureBiomes/PNB_Meadow_Forest/Prefabs/SM_Prop_Stonewall_Long_01.prefab","SM_Prop_Stonewall_Long_01",Prop,Other,5.37,1.24,0.72,-0.16,-0.07,-0.36,5.21,1.17,0.36,3,5188,1,0
"Assets/Synty/PolygonNatureBiomes/PNB_Meadow_Forest/Prefabs/SM_Prop_Stonewall_Pillar_01.prefab","SM_Prop_Stonewall_Pillar_01",Prop,Pillar,0.82,1.38,1.00,-0.41,0.00,-0.50,0.41,1.38,0.50,3,574,1,0
"Assets/Synty/PolygonNatureBiomes/PNB_Meadow_Forest/Prefabs/SM_Prop_Stonewall_Pillar_02.prefab","SM_Prop_Stonewall_Pillar_02",Prop,Pillar,0.91,1.42,1.05,-0.45,-0.06,-0.53,0.45,1.36,0.53,3,746,1,0
"Assets/Synty/PolygonNatureBiomes/PNB_Meadow_Forest/Prefabs/SM_Prop_Stonewall_Small_01.prefab","SM_Prop_Stonewall_Small_01",Prop,Other,2.85,1.31,0.76,-0.19,-0.08,-0.38,2.66,1.23,0.38,3,2598,1,0
"Assets/Synty/PolygonNatureBiomes/PNB_Meadow_Forest/Prefabs/SM_Prop_Stonewall_Small_02.prefab","SM_Prop_Stonewall_Small_02",Prop,Other,2.85,1.20,0.71,-0.12,-0.03,-0.36,2.72,1.17,0.36,3,2126,1,0
"Assets/Synty/PolygonNatureBiomes/PNB_Meadow_Forest/Prefabs/SM_Veh_Steam_Car_01.prefab","SM_Veh_Steam_Car_01",Veh,Other,2.36,2.90,4.14,-1.18,-0.01,-2.44,1.18,2.89,1.70,8,13340,1,0
"Assets/Synty/PolygonParticleFX/Prefabs/FX_ArtilleryShell_01.prefab","FX_ArtilleryShell_01",ArtilleryShell,Other,0.00,0.00,0.00,0.00,0.00,0.00,0.00,0.00,0.00,0,0,0,0
"Assets/Synty/PolygonParticleFX/Prefabs/FX_ArtilleryStrike_01.prefab","FX_ArtilleryStrike_01",ArtilleryStrike,Other,0.00,0.00,0.00,0.00,0.00,0.00,0.00,0.00,0.00,0,0,0,0
"Assets/Synty/PolygonParticleFX/Prefabs/FX_Blizzard_Snow_01.prefab","FX_Blizzard_Snow_01",Blizzard,Other,0.00,0.00,0.00,0.00,0.00,0.00,0.00,0.00,0.00,0,0,0,0
"Assets/Synty/PolygonParticleFX/Prefabs/FX_BloodSplat_01.prefab","FX_BloodSplat_01",BloodSplat,Other,0.00,0.00,0.00,0.00,0.00,0.00,0.00,0.00,0.00,0,0,0,0
"Assets/Synty/PolygonParticleFX/Prefabs/FX_BloodSplat_Small_01.prefab","FX_BloodSplat_Small_01",BloodSplat,Other,0.00,0.00,0.00,0.00,0.00,0.00,0.00,0.00,0.00,0,0,0,0
"Assets/Synty/PolygonParticleFX/Prefabs/FX_Bubble_01.prefab","FX_Bubble_01",Bubble,Other,0.00,0.00,0.00,0.00,0.00,0.00,0.00,0.00,0.00,0,0,0,0
"Assets/Synty/PolygonParticleFX/Prefabs/FX_Bubbles_Float_01.prefab","FX_Bubbles_Float_01",Bubbles,Other,0.00,0.00,0.00,0.00,0.00,0.00,0.00,0.00,0.00,0,0,0,0
"Assets/Synty/PolygonParticleFX/Prefabs/FX_CannonShot_01.prefab","FX_CannonShot_01",CannonShot,Other,0.00,0.00,0.00,0.00,0.00,0.00,0.00,0.00,0.00,0,0,0,0
"Assets/Synty/PolygonParticleFX/Prefabs/FX_Cartoony_Footstep_01.prefab","FX_Cartoony_Footstep_01",Cartoony,Other,0.00,0.00,0.00,0.00,0.00,0.00,0.00,0.00,0.00,0,0,0,0
"Assets/Synty/PolygonParticleFX/Prefabs/FX_Cartoony_Jump_01.prefab","FX_Cartoony_Jump_01",Cartoony,Other,0.00,0.00,0.00,0.00,0.00,0.00,0.00,0.00,0.00,0,0,0,0
"Assets/Synty/PolygonParticleFX/Prefabs/FX_Cartoony_Jump_Up_01.prefab","FX_Cartoony_Jump_Up_01",Cartoony,Other,0.00,0.00,0.00,0.00,0.00,0.00,0.00,0.00,0.00,0,0,0,0
"Assets/Synty/PolygonParticleFX/Prefabs/FX_Cartoony_Rings_01.prefab","FX_Cartoony_Rings_01",Cartoony,Other,0.00,0.00,0.00,0.00,0.00,0.00,0.00,0.00,0.00,0,0,0,0
"Assets/Synty/PolygonParticleFX/Prefabs/FX_Cartoony_Sprint_01.prefab","FX_Cartoony_Sprint_01",Cartoony,Other,0.00,0.00,0.00,0.00,0.00,0.00,0.00,0.00,0.00,0,0,0,0
"Assets/Synty/PolygonParticleFX/Prefabs/FX_Confetti_01.prefab","FX_Confetti_01",Confetti,Other,0.00,0.00,0.00,0.00,0.00,0.00,0.00,0.00,0.00,0,0,0,0
"Assets/Synty/PolygonParticleFX/Prefabs/FX_Confetti_Falling_01.prefab","FX_Confetti_Falling_01",Confetti,Other,0.00,0.00,0.00,0.00,0.00,0.00,0.00,0.00,0.00,0,0,0,0
"Assets/Synty/PolygonParticleFX/Prefabs/FX_Direction_Arrows_01.prefab","FX_Direction_Arrows_01",Direction,Other,0.00,0.00,0.00,0.00,0.00,0.00,0.00,0.00,0.00,0,0,0,0
"Assets/Synty/PolygonParticleFX/Prefabs/FX_Direction_Arrows_02.prefab","FX_Direction_Arrows_02",Direction,Other,0.00,0.00,0.00,0.00,0.00,0.00,0.00,0.00,0.00,0,0,0,0
"Assets/Synty/PolygonParticleFX/Prefabs/FX_Direction_Arrows_03.prefab","FX_Direction_Arrows_03",Direction,Other,0.00,0.00,0.00,0.00,0.00,0.00,0.00,0.00,0.00,0,0,0,0
"Assets/Synty/PolygonParticleFX/Prefabs/FX_Dust_Big_01.prefab","FX_Dust_Big_01",Dust,Other,0.00,0.00,0.00,0.00,0.00,0.00,0.00,0.00,0.00,0,0,0,0
"Assets/Synty/PolygonParticleFX/Prefabs/FX_Dust_Blowing_Soft_01.prefab","FX_Dust_Blowing_Soft_01",Dust,Other,0.00,0.00,0.00,0.00,0.00,0.00,0.00,0.00,0.00,0,0,0,0
"Assets/Synty/PolygonParticleFX/Prefabs/FX_Dust_Small_01.prefab","FX_Dust_Small_01",Dust,Other,0.00,0.00,0.00,0.00,0.00,0.00,0.00,0.00,0.00,0,0,0,0
"Assets/Synty/PolygonParticleFX/Prefabs/FX_Electricity_01.prefab","FX_Electricity_01",Electricity,Other,0.00,0.00,0.00,0.00,0.00,0.00,0.00,0.00,0.00,0,0,0,0
"Assets/Synty/PolygonParticleFX/Prefabs/FX_Electricity_02.prefab","FX_Electricity_02",Electricity,Other,0.00,0.00,0.00,0.00,0.00,0.00,0.00,0.00,0.00,0,0,0,0
"Assets/Synty/PolygonParticleFX/Prefabs/FX_Embers_01.prefab","FX_Embers_01",Embers,Other,0.00,0.00,0.00,0.00,0.00,0.00,0.00,0.00,0.00,0,0,0,0
"Assets/Synty/PolygonParticleFX/Prefabs/FX_ExperienceGain_01.prefab","FX_ExperienceGain_01",ExperienceGain,Other,0.00,0.00,0.00,0.00,0.00,0.00,0.00,0.00,0.00,0,0,0,0
"Assets/Synty/PolygonParticleFX/Prefabs/FX_Explosion_01.prefab","FX_Explosion_01",Explosion,Other,0.00,0.00,0.00,0.00,0.00,0.00,0.00,0.00,0.00,0,0,0,0
"Assets/Synty/PolygonParticleFX/Prefabs/FX_Explosion_Body_01.prefab","FX_Explosion_Body_01",Explosion,Other,0.00,0.00,0.00,0.00,0.00,0.00,0.00,0.00,0.00,0,0,0,0
"Assets/Synty/PolygonParticleFX/Prefabs/FX_Explosion_Body_Bloody_01.prefab","FX_Explosion_Body_Bloody_01",Explosion,Other,0.00,0.00,0.00,0.00,0.00,0.00,0.00,0.00,0.00,0,0,0,0
"Assets/Synty/PolygonParticleFX/Prefabs/FX_Explosion_Large_Dark_01.prefab","FX_Explosion_Large_Dark_01",Explosion,Other,0.00,0.00,0.00,0.00,0.00,0.00,0.00,0.00,0.00,0,0,0,0
"Assets/Synty/PolygonParticleFX/Prefabs/FX_Fairy_01.prefab","FX_Fairy_01",Fairy,Other,0.00,0.00,0.00,0.00,0.00,0.00,0.00,0.00,0.00,0,0,0,0
"Assets/Synty/PolygonParticleFX/Prefabs/FX_Fire_01.prefab","FX_Fire_01",Fire,Other,0.00,0.00,0.00,0.00,0.00,0.00,0.00,0.00,0.00,0,0,0,0
"Assets/Synty/PolygonParticleFX/Prefabs/FX_Fire_Big_01.prefab","FX_Fire_Big_01",Fire,Other,0.00,0.00,0.00,0.00,0.00,0.00,0.00,0.00,0.00,0,0,0,0
"Assets/Synty/PolygonParticleFX/Prefabs/FX_Fire_Big_02.prefab","FX_Fire_Big_02",Fire,Other,0.00,0.00,0.00,0.00,0.00,0.00,0.00,0.00,0.00,0,0,0,0
"Assets/Synty/PolygonParticleFX/Prefabs/FX_Fire_Big_03.prefab","FX_Fire_Big_03",Fire,Other,0.00,0.00,0.00,0.00,0.00,0.00,0.00,0.00,0.00,0,0,0,0
"Assets/Synty/PolygonParticleFX/Prefabs/FX_Fire_Explosion_01.prefab","FX_Fire_Explosion_01",Fire,Other,0.00,0.00,0.00,0.00,0.00,0.00,0.00,0.00,0.00,0,0,0,0
"Assets/Synty/PolygonParticleFX/Prefabs/FX_Fire_Huge_01.prefab","FX_Fire_Huge_01",Fire,Other,0.00,0.00,0.00,0.00,0.00,0.00,0.00,0.00,0.00,0,0,0,0
"Assets/Synty/PolygonParticleFX/Prefabs/FX_Fire_Small_01.prefab","FX_Fire_Small_01",Fire,Other,0.00,0.00,0.00,0.00,0.00,0.00,0.00,0.00,0.00,0,0,0,0
"Assets/Synty/PolygonParticleFX/Prefabs/FX_Fire_Small_02.prefab","FX_Fire_Small_02",Fire,Other,0.00,0.00,0.00,0.00,0.00,0.00,0.00,0.00,0.00,0,0,0,0
"Assets/Synty/PolygonParticleFX/Prefabs/FX_Fire_Small_03.prefab","FX_Fire_Small_03",Fire,Other,0.00,0.00,0.00,0.00,0.00,0.00,0.00,0.00,0.00,0,0,0,0
"Assets/Synty/PolygonParticleFX/Prefabs/FX_Fireball_01.prefab","FX_Fireball_01",Fireball,Other,0.00,0.00,0.00,0.00,0.00,0.00,0.00,0.00,0.00,0,0,0,0
"Assets/Synty/PolygonParticleFX/Prefabs/FX_Fireball_Shooting_01.prefab","FX_Fireball_Shooting_01",Fireball,Other,0.00,0.00,0.00,0.00,0.00,0.00,0.00,0.00,0.00,0,0,0,0
"Assets/Synty/PolygonParticleFX/Prefabs/FX_Fireball_Shooting_Straight_01.prefab","FX_Fireball_Shooting_Straight_01",Fireball,Other,0.00,0.00,0.00,0.00,0.00,0.00,0.00,0.00,0.00,0,0,0,0
"Assets/Synty/PolygonParticleFX/Prefabs/FX_Fireflies_01.prefab","FX_Fireflies_01",Fireflies,Other,0.00,0.00,0.00,0.00,0.00,0.00,0.00,0.00,0.00,0,0,0,0
"Assets/Synty/PolygonParticleFX/Prefabs/FX_Fireworks_01.prefab","FX_Fireworks_01",Fireworks,Other,0.00,0.00,0.00,0.00,0.00,0.00,0.00,0.00,0.00,0,0,0,0
"Assets/Synty/PolygonParticleFX/Prefabs/FX_Fireworks_Group_01.prefab","FX_Fireworks_Group_01",Fireworks,Other,0.00,0.00,0.00,0.00,0.00,0.00,0.00,0.00,0.00,0,0,0,0
"Assets/Synty/PolygonParticleFX/Prefabs/FX_Fireworks_Large_Red_01.prefab","FX_Fireworks_Large_Red_01",Fireworks,Other,0.00,0.00,0.00,0.00,0.00,0.00,0.00,0.00,0.00,0,0,0,0
"Assets/Synty/PolygonParticleFX/Prefabs/FX_Fireworks_Medium_Blue_01.prefab","FX_Fireworks_Medium_Blue_01",Fireworks,Other,0.00,0.00,0.00,0.00,0.00,0.00,0.00,0.00,0.00,0,0,0,0
"Assets/Synty/PolygonParticleFX/Prefabs/FX_Fireworks_Small_Orange_01.prefab","FX_Fireworks_Small_Orange_01",Fireworks,Other,0.00,0.00,0.00,0.00,0.00,0.00,0.00,0.00,0.00,0,0,0,0
"Assets/Synty/PolygonParticleFX/Prefabs/FX_FlameThrower_01.prefab","FX_FlameThrower_01",FlameThrower,Other,0.00,0.00,0.00,0.00,0.00,0.00,0.00,0.00,0.00,0,0,0,0
"Assets/Synty/PolygonParticleFX/Prefabs/FX_FlameThrower_02.prefab","FX_FlameThrower_02",FlameThrower,Other,0.00,0.00,0.00,0.00,0.00,0.00,0.00,0.00,0.00,0,0,0,0
"Assets/Synty/PolygonParticleFX/Prefabs/FX_Flame_Booster_01.prefab","FX_Flame_Booster_01",Flame,Other,0.00,0.00,0.00,0.00,0.00,0.00,0.00,0.00,0.00,0,0,0,0
"Assets/Synty/PolygonParticleFX/Prefabs/FX_Flies_01.prefab","FX_Flies_01",Flies,Other,0.00,0.00,0.00,0.00,0.00,0.00,0.00,0.00,0.00,0,0,0,0
"Assets/Synty/PolygonParticleFX/Prefabs/FX_Fog_Big_01.prefab","FX_Fog_Big_01",Fog,Other,0.00,0.00,0.00,0.00,0.00,0.00,0.00,0.00,0.00,0,0,0,0
"Assets/Synty/PolygonParticleFX/Prefabs/FX_Fog_Small_01.prefab","FX_Fog_Small_01",Fog,Other,0.00,0.00,0.00,0.00,0.00,0.00,0.00,0.00,0.00,0,0,0,0
"Assets/Synty/PolygonParticleFX/Prefabs/FX_GlowSpot_01.prefab","FX_GlowSpot_01",GlowSpot,Other,0.00,0.00,0.00,0.00,0.00,0.00,0.00,0.00,0.00,0,0,0,0
"Assets/Synty/PolygonParticleFX/Prefabs/FX_GlowSpot_02.prefab","FX_GlowSpot_02",GlowSpot,Other,0.00,0.00,0.00,0.00,0.00,0.00,0.00,0.00,0.00,0,0,0,0
"Assets/Synty/PolygonParticleFX/Prefabs/FX_GlowSpot_03.prefab","FX_GlowSpot_03",GlowSpot,Other,0.00,0.00,0.00,0.00,0.00,0.00,0.00,0.00,0.00,0,0,0,0
"Assets/Synty/PolygonParticleFX/Prefabs/FX_Grenade_Explosive_01.prefab","FX_Grenade_Explosive_01",Grenade,Other,0.00,0.00,0.00,0.00,0.00,0.00,0.00,0.00,0.00,0,0,0,0
"Assets/Synty/PolygonParticleFX/Prefabs/FX_Grenade_Explosive_Toss_01.prefab","FX_Grenade_Explosive_Toss_01",Grenade,Other,0.00,0.00,0.00,0.00,0.00,0.00,0.00,0.00,0.00,0,0,0,0
"Assets/Synty/PolygonParticleFX/Prefabs/FX_Grenade_Flash_01.prefab","FX_Grenade_Flash_01",Grenade,Other,0.00,0.00,0.00,0.00,0.00,0.00,0.00,0.00,0.00,0,0,0,0
"Assets/Synty/PolygonParticleFX/Prefabs/FX_Grenade_Flash_Toss_01.prefab","FX_Grenade_Flash_Toss_01",Grenade,Other,0.00,0.00,0.00,0.00,0.00,0.00,0.00,0.00,0.00,0,0,0,0
"Assets/Synty/PolygonParticleFX/Prefabs/FX_Grenade_Smoke_01.prefab","FX_Grenade_Smoke_01",Grenade,Other,0.00,0.00,0.00,0.00,0.00,0.00,0.00,0.00,0.00,0,0,0,0
"Assets/Synty/PolygonParticleFX/Prefabs/FX_Grenade_Smoke_Toss_01.prefab","FX_Grenade_Smoke_Toss_01",Grenade,Other,0.00,0.00,0.00,0.00,0.00,0.00,0.00,0.00,0.00,0,0,0,0
"Assets/Synty/PolygonParticleFX/Prefabs/FX_GroundCrack_Blast_01.prefab","FX_GroundCrack_Blast_01",GroundCrack,Other,0.00,0.00,0.00,0.00,0.00,0.00,0.00,0.00,0.00,0,0,0,0
"Assets/Synty/PolygonParticleFX/Prefabs/FX_Gunshot_01.prefab","FX_Gunshot_01",Gunshot,Other,0.00,0.00,0.00,0.00,0.00,0.00,0.00,0.00,0.00,0,0,0,0
"Assets/Synty/PolygonParticleFX/Prefabs/FX_Gunshot_BarrelSmoke_01.prefab","FX_Gunshot_BarrelSmoke_01",Gunshot,Other,0.00,0.00,0.00,0.00,0.00,0.00,0.00,0.00,0.00,0,0,0,0
"Assets/Synty/PolygonParticleFX/Prefabs/FX_Gunshot_Heavy_Repeating_01.prefab","FX_Gunshot_Heavy_Repeating_01",Gunshot,Other,0.00,0.00,0.00,0.00,0.00,0.00,0.00,0.00,0.00,0,0,0,0
"Assets/Synty/PolygonParticleFX/Prefabs/FX_Gunshot_Heavy_Repeating_Tracers_01.prefab","FX_Gunshot_Heavy_Repeating_Tracers_01",Gunshot,Other,0.00,0.00,0.00,0.00,0.00,0.00,0.00,0.00,0.00,0,0,0,0
"Assets/Synty/PolygonParticleFX/Prefabs/FX_Gunshot_Heavy_Repeating_Tracers_Impact_01.prefab","FX_Gunshot_Heavy_Repeating_Tracers_Impact_01",Gunshot,Other,0.00,0.00,0.00,0.00,0.00,0.00,0.00,0.00,0.00,0,0,0,0
"Assets/Synty/PolygonParticleFX/Prefabs/FX_Gunshot_Heavy_Single_Tracers_01.prefab","FX_Gunshot_Heavy_Single_Tracers_01",Gunshot,Other,0.00,0.00,0.00,0.00,0.00,0.00,0.00,0.00,0.00,0,0,0,0
"Assets/Synty/PolygonParticleFX/Prefabs/FX_Gunshot_Repeating.prefab","FX_Gunshot_Repeating",Gunshot,Other,0.00,0.00,0.00,0.00,0.00,0.00,0.00,0.00,0.00,0,0,0,0
"Assets/Synty/PolygonParticleFX/Prefabs/FX_Gunshot_Shotgun_01.prefab","FX_Gunshot_Shotgun_01",Gunshot,Other,0.00,0.00,0.00,0.00,0.00,0.00,0.00,0.00,0.00,0,0,0,0
"Assets/Synty/PolygonParticleFX/Prefabs/FX_Gunshot_Sniper_Line_01.prefab","FX_Gunshot_Sniper_Line_01",Gunshot,Other,0.00,0.00,0.00,0.00,0.00,0.00,0.00,0.00,0.00,0,0,0,0
"Assets/Synty/PolygonParticleFX/Prefabs/FX_Heal_01.prefab","FX_Heal_01",Heal,Other,0.00,0.00,0.00,0.00,0.00,0.00,0.00,0.00,0.00,0,0,0,0
"Assets/Synty/PolygonParticleFX/Prefabs/FX_Heal_02.prefab","FX_Heal_02",Heal,Other,0.00,0.00,0.00,0.00,0.00,0.00,0.00,0.00,0.00,0,0,0,0
"Assets/Synty/PolygonParticleFX/Prefabs/FX_Healing_Cirle_01.prefab","FX_Healing_Cirle_01",Healing,Other,0.00,0.00,0.00,0.00,0.00,0.00,0.00,0.00,0.00,0,0,0,0
"Assets/Synty/PolygonParticleFX/Prefabs/FX_Healing_Cirle_02.prefab","FX_Healing_Cirle_02",Healing,Other,0.00,0.00,0.00,0.00,0.00,0.00,0.00,0.00,0.00,0,0,0,0
"Assets/Synty/PolygonParticleFX/Prefabs/FX_Hexagon_01.prefab","FX_Hexagon_01",Hexagon,Other,0.00,0.00,0.00,0.00,0.00,0.00,0.00,0.00,0.00,0,0,0,0
"Assets/Synty/PolygonParticleFX/Prefabs/FX_Hexagon_02.prefab","FX_Hexagon_02",Hexagon,Other,0.00,0.00,0.00,0.00,0.00,0.00,0.00,0.00,0.00,0,0,0,0
"Assets/Synty/PolygonParticleFX/Prefabs/FX_Impact_Dirt_01.prefab","FX_Impact_Dirt_01",Impact,Other,0.00,0.00,0.00,0.00,0.00,0.00,0.00,0.00,0.00,0,0,0,0
"Assets/Synty/PolygonParticleFX/Prefabs/FX_Impact_Large_01.prefab","FX_Impact_Large_01",Impact,Other,0.00,0.00,0.00,0.00,0.00,0.00,0.00,0.00,0.00,0,0,0,0
"Assets/Synty/PolygonParticleFX/Prefabs/FX_Impact_Metal_01.prefab","FX_Impact_Metal_01",Impact,Other,0.00,0.00,0.00,0.00,0.00,0.00,0.00,0.00,0.00,0,0,0,0
"Assets/Synty/PolygonParticleFX/Prefabs/FX_Impact_Small_01.prefab","FX_Impact_Small_01",Impact,Other,0.00,0.00,0.00,0.00,0.00,0.00,0.00,0.00,0.00,0,0,0,0
"Assets/Synty/PolygonParticleFX/Prefabs/FX_Impact_Stone_01.prefab","FX_Impact_Stone_01",Impact,Other,0.00,0.00,0.00,0.00,0.00,0.00,0.00,0.00,0.00,0,0,0,0
"Assets/Synty/PolygonParticleFX/Prefabs/FX_Impact_Water_01.prefab","FX_Impact_Water_01",Impact,Other,0.00,0.00,0.00,0.00,0.00,0.00,0.00,0.00,0.00,0,0,0,0
"Assets/Synty/PolygonParticleFX/Prefabs/FX_Impact_Water_Ripple_01.prefab","FX_Impact_Water_Ripple_01",Impact,Other,0.00,0.00,0.00,0.00,0.00,0.00,0.00,0.00,0.00,0,0,0,0
"Assets/Synty/PolygonParticleFX/Prefabs/FX_Impact_Wood_01.prefab","FX_Impact_Wood_01",Impact,Other,0.00,0.00,0.00,0.00,0.00,0.00,0.00,0.00,0.00,0,0,0,0
"Assets/Synty/PolygonParticleFX/Prefabs/FX_LazerBeam_01.prefab","FX_LazerBeam_01",LazerBeam,Other,0.00,0.00,0.00,0.00,0.00,0.00,0.00,0.00,0.00,0,0,0,0
"Assets/Synty/PolygonParticleFX/Prefabs/FX_Leaves_Blossom_01.prefab","FX_Leaves_Blossom_01",Leaves,Other,0.00,0.00,0.00,0.00,0.00,0.00,0.00,0.00,0.00,0,0,0,0
"Assets/Synty/PolygonParticleFX/Prefabs/FX_Leaves_Green_01.prefab","FX_Leaves_Green_01",Leaves,Other,0.00,0.00,0.00,0.00,0.00,0.00,0.00,0.00,0.00,0,0,0,0
"Assets/Synty/PolygonParticleFX/Prefabs/FX_LevelUp_01.prefab","FX_LevelUp_01",LevelUp,Other,0.00,0.00,0.00,0.00,0.00,0.00,0.00,0.00,0.00,0,0,0,0
"Assets/Synty/PolygonParticleFX/Prefabs/FX_LightRayCube_01.prefab","FX_LightRayCube_01",LightRayCube,Other,1.83,1.83,1.83,-0.91,-1.83,-0.91,0.91,0.00,0.91,1,10,1,1
"Assets/Synty/PolygonParticleFX/Prefabs/FX_LightRayRound_01.prefab","FX_LightRayRound_01",LightRayRound,Other,2.00,1.83,2.00,-1.00,-1.83,-1.00,1.00,0.00,1.00,1,96,1,1
"Assets/Synty/PolygonParticleFX/Prefabs/FX_LightningStrike_01.prefab","FX_LightningStrike_01",LightningStrike,Other,0.00,0.00,0.00,0.00,0.00,0.00,0.00,0.00,0.00,0,0,0,0
"Assets/Synty/PolygonParticleFX/Prefabs/FX_MagicBlast_01.prefab","FX_MagicBlast_01",MagicBlast,Other,0.00,0.00,0.00,0.00,0.00,0.00,0.00,0.00,0.00,0,0,0,0
"Assets/Synty/PolygonParticleFX/Prefabs/FX_MagicBlast_02.prefab","FX_MagicBlast_02",MagicBlast,Other,0.00,0.00,0.00,0.00,0.00,0.00,0.00,0.00,0.00,0,0,0,0
"Assets/Synty/PolygonParticleFX/Prefabs/FX_MagicBug_Trails_01.prefab","FX_MagicBug_Trails_01",MagicBug,Other,0.00,0.00,0.00,0.00,0.00,0.00,0.00,0.00,0.00,0,0,0,0
"Assets/Synty/PolygonParticleFX/Prefabs/FX_Magic_Lights_01.prefab","FX_Magic_Lights_01",Magic,Other,0.00,0.00,0.00,0.00,0.00,0.00,0.00,0.00,0.00,0,0,0,0
"Assets/Synty/PolygonParticleFX/Prefabs/FX_Missile_01.prefab","FX_Missile_01",Missile,Other,0.00,0.00,0.00,0.00,0.00,0.00,0.00,0.00,0.00,0,0,0,0
"Assets/Synty/PolygonParticleFX/Prefabs/FX_Money_Coins_01.prefab","FX_Money_Coins_01",Money,Other,0.00,0.00,0.00,0.00,0.00,0.00,0.00,0.00,0.00,0,0,0,0
"Assets/Synty/PolygonParticleFX/Prefabs/FX_Money_Coins_Burst_01.prefab","FX_Money_Coins_Burst_01",Money,Other,0.00,0.00,0.00,0.00,0.00,0.00,0.00,0.00,0.00,0,0,0,0
"Assets/Synty/PolygonParticleFX/Prefabs/FX_Money_Coins_Shooting_01.prefab","FX_Money_Coins_Shooting_01",Money,Other,0.00,0.00,0.00,0.00,0.00,0.00,0.00,0.00,0.00,0,0,0,0
"Assets/Synty/PolygonParticleFX/Prefabs/FX_Money_Notes_01.prefab","FX_Money_Notes_01",Money,Other,0.00,0.00,0.00,0.00,0.00,0.00,0.00,0.00,0.00,0,0,0,0
"Assets/Synty/PolygonParticleFX/Prefabs/FX_Money_Notes_Burst_01.prefab","FX_Money_Notes_Burst_01",Money,Other,0.00,0.00,0.00,0.00,0.00,0.00,0.00,0.00,0.00,0,0,0,0
"Assets/Synty/PolygonParticleFX/Prefabs/FX_Money_Notes_Shooting_01.prefab","FX_Money_Notes_Shooting_01",Money,Other,0.00,0.00,0.00,0.00,0.00,0.00,0.00,0.00,0.00,0,0,0,0
"Assets/Synty/PolygonParticleFX/Prefabs/FX_Nuke_01.prefab","FX_Nuke_01",Nuke,Other,0.00,0.00,0.00,0.00,0.00,0.00,0.00,0.00,0.00,0,0,0,0
"Assets/Synty/PolygonParticleFX/Prefabs/FX_Nuke_Smaller_01.prefab","FX_Nuke_Smaller_01",Nuke,Other,0.00,0.00,0.00,0.00,0.00,0.00,0.00,0.00,0.00,0,0,0,0
"Assets/Synty/PolygonParticleFX/Prefabs/FX_Pickup_Ammo_01.prefab","FX_Pickup_Ammo_01",Pickup,Other,0.00,0.00,0.00,0.00,0.00,0.00,0.00,0.00,0.00,0,0,0,0
"Assets/Synty/PolygonParticleFX/Prefabs/FX_Pickup_Boost_01.prefab","FX_Pickup_Boost_01",Pickup,Other,0.00,0.00,0.00,0.00,0.00,0.00,0.00,0.00,0.00,0,0,0,0
"Assets/Synty/PolygonParticleFX/Prefabs/FX_Pickup_Death_01.prefab","FX_Pickup_Death_01",Pickup,Other,0.00,0.00,0.00,0.00,0.00,0.00,0.00,0.00,0.00,0,0,0,0
"Assets/Synty/PolygonParticleFX/Prefabs/FX_Pickup_Health_01.prefab","FX_Pickup_Health_01",Pickup,Other,0.00,0.00,0.00,0.00,0.00,0.00,0.00,0.00,0.00,0,0,0,0
"Assets/Synty/PolygonParticleFX/Prefabs/FX_Pickup_Heart_01.prefab","FX_Pickup_Heart_01",Pickup,Other,0.00,0.00,0.00,0.00,0.00,0.00,0.00,0.00,0.00,0,0,0,0
"Assets/Synty/PolygonParticleFX/Prefabs/FX_Pickup_Question_01.prefab","FX_Pickup_Question_01",Pickup,Other,0.00,0.00,0.00,0.00,0.00,0.00,0.00,0.00,0.00,0,0,0,0
"Assets/Synty/PolygonParticleFX/Prefabs/FX_Poison_Green_01.prefab","FX_Poison_Green_01",Poison,Other,0.00,0.00,0.00,0.00,0.00,0.00,0.00,0.00,0.00,0,0,0,0
"Assets/Synty/PolygonParticleFX/Prefabs/FX_Poison_Purple_01.prefab","FX_Poison_Purple_01",Poison,Other,0.00,0.00,0.00,0.00,0.00,0.00,0.00,0.00,0.00,0,0,0,0
"Assets/Synty/PolygonParticleFX/Prefabs/FX_Portal_Round_01.prefab","FX_Portal_Round_01",Portal,Other,0.00,0.00,0.00,0.00,0.00,0.00,0.00,0.00,0.00,0,0,0,0
"Assets/Synty/PolygonParticleFX/Prefabs/FX_Portal_Sphere_01.prefab","FX_Portal_Sphere_01",Portal,Other,0.00,0.00,0.00,0.00,0.00,0.00,0.00,0.00,0.00,0,0,0,0
"Assets/Synty/PolygonParticleFX/Prefabs/FX_Portal_Thin_01.prefab","FX_Portal_Thin_01",Portal,Other,0.00,0.00,0.00,0.00,0.00,0.00,0.00,0.00,0.00,0,0,0,0
"Assets/Synty/PolygonParticleFX/Prefabs/FX_PowerBeam_01.prefab","FX_PowerBeam_01",PowerBeam,Other,0.00,0.00,0.00,0.00,0.00,0.00,0.00,0.00,0.00,0,0,0,0
"Assets/Synty/PolygonParticleFX/Prefabs/FX_PowerDraw_01.prefab","FX_PowerDraw_01",PowerDraw,Other,0.00,0.00,0.00,0.00,0.00,0.00,0.00,0.00,0.00,0,0,0,0
"Assets/Synty/PolygonParticleFX/Prefabs/FX_PowerDraw_Shoot_01.prefab","FX_PowerDraw_Shoot_01",PowerDraw,Other,0.00,0.00,0.00,0.00,0.00,0.00,0.00,0.00,0.00,0,0,0,0
"Assets/Synty/PolygonParticleFX/Prefabs/FX_Rain_01.prefab","FX_Rain_01",Rain,Other,0.00,0.00,0.00,0.00,0.00,0.00,0.00,0.00,0.00,0,0,0,0
"Assets/Synty/PolygonParticleFX/Prefabs/FX_Rain_Collision_01.prefab","FX_Rain_Collision_01",Rain,Other,0.00,0.00,0.00,0.00,0.00,0.00,0.00,0.00,0.00,0,0,0,0
"Assets/Synty/PolygonParticleFX/Prefabs/FX_RainbowGlow_01.prefab","FX_RainbowGlow_01",RainbowGlow,Other,0.00,0.00,0.00,0.00,0.00,0.00,0.00,0.00,0.00,0,0,0,0
"Assets/Synty/PolygonParticleFX/Prefabs/FX_RainbowGlow_02.prefab","FX_RainbowGlow_02",RainbowGlow,Other,0.00,0.00,0.00,0.00,0.00,0.00,0.00,0.00,0.00,0,0,0,0
"Assets/Synty/PolygonParticleFX/Prefabs/FX_RainbowSparkle_01.prefab","FX_RainbowSparkle_01",RainbowSparkle,Other,0.00,0.00,0.00,0.00,0.00,0.00,0.00,0.00,0.00,0,0,0,0
"Assets/Synty/PolygonParticleFX/Prefabs/FX_Ritual_Circle_01.prefab","FX_Ritual_Circle_01",Ritual,Other,0.00,0.00,0.00,0.00,0.00,0.00,0.00,0.00,0.00,0,0,0,0
"Assets/Synty/PolygonParticleFX/Prefabs/FX_ShardIce_Explosion_01.prefab","FX_ShardIce_Explosion_01",ShardIce,Other,0.00,0.00,0.00,0.00,0.00,0.00,0.00,0.00,0.00,0,0,0,0
"Assets/Synty/PolygonParticleFX/Prefabs/FX_ShardIce_Shooting_01.prefab","FX_ShardIce_Shooting_01",ShardIce,Other,0.00,0.00,0.00,0.00,0.00,0.00,0.00,0.00,0.00,0,0,0,0
"Assets/Synty/PolygonParticleFX/Prefabs/FX_ShardMagic_Explosion_01.prefab","FX_ShardMagic_Explosion_01",ShardMagic,Other,0.00,0.00,0.00,0.00,0.00,0.00,0.00,0.00,0.00,0,0,0,0
"Assets/Synty/PolygonParticleFX/Prefabs/FX_ShardMagic_Shooting_01.prefab","FX_ShardMagic_Shooting_01",ShardMagic,Other,0.00,0.00,0.00,0.00,0.00,0.00,0.00,0.00,0.00,0,0,0,0
"Assets/Synty/PolygonParticleFX/Prefabs/FX_ShardRock_Explosion_01.prefab","FX_ShardRock_Explosion_01",ShardRock,Other,0.00,0.00,0.00,0.00,0.00,0.00,0.00,0.00,0.00,0,0,0,0
"Assets/Synty/PolygonParticleFX/Prefabs/FX_ShardRock_Shooting_01.prefab","FX_ShardRock_Shooting_01",ShardRock,Other,0.00,0.00,0.00,0.00,0.00,0.00,0.00,0.00,0.00,0,0,0,0
"Assets/Synty/PolygonParticleFX/Prefabs/FX_ShardVine_Explosion_01.prefab","FX_ShardVine_Explosion_01",ShardVine,Other,0.00,0.00,0.00,0.00,0.00,0.00,0.00,0.00,0.00,0,0,0,0
"Assets/Synty/PolygonParticleFX/Prefabs/FX_ShardVine_Shooting_01.prefab","FX_ShardVine_Shooting_01",ShardVine,Other,0.00,0.00,0.00,0.00,0.00,0.00,0.00,0.00,0.00,0,0,0,0
"Assets/Synty/PolygonParticleFX/Prefabs/FX_Shell_Ejection_01.prefab","FX_Shell_Ejection_01",Shell,Other,0.00,0.00,0.00,0.00,0.00,0.00,0.00,0.00,0.00,0,0,0,0
"Assets/Synty/PolygonParticleFX/Prefabs/FX_Shell_Ejection_Large_01.prefab","FX_Shell_Ejection_Large_01",Shell,Other,0.00,0.00,0.00,0.00,0.00,0.00,0.00,0.00,0.00,0,0,0,0
"Assets/Synty/PolygonParticleFX/Prefabs/FX_Shell_Ejection_Repeating_01.prefab","FX_Shell_Ejection_Repeating_01",Shell,Other,0.00,0.00,0.00,0.00,0.00,0.00,0.00,0.00,0.00,0,0,0,0
"Assets/Synty/PolygonParticleFX/Prefabs/FX_Shell_Ejection_Repeating_Large_01.prefab","FX_Shell_Ejection_Repeating_Large_01",Shell,Other,0.00,0.00,0.00,0.00,0.00,0.00,0.00,0.00,0.00,0,0,0,0
"Assets/Synty/PolygonParticleFX/Prefabs/FX_Shell_Ejection_Repeating_Small_01.prefab","FX_Shell_Ejection_Repeating_Small_01",Shell,Other,0.00,0.00,0.00,0.00,0.00,0.00,0.00,0.00,0.00,0,0,0,0
"Assets/Synty/PolygonParticleFX/Prefabs/FX_Shell_Ejection_Small_01.prefab","FX_Shell_Ejection_Small_01",Shell,Other,0.00,0.00,0.00,0.00,0.00,0.00,0.00,0.00,0.00,0,0,0,0
"Assets/Synty/PolygonParticleFX/Prefabs/FX_Slash_01.prefab","FX_Slash_01",Slash,Other,0.00,0.00,0.00,0.00,0.00,0.00,0.00,0.00,0.00,0,0,0,0
"Assets/Synty/PolygonParticleFX/Prefabs/FX_Slash_Large_01.prefab","FX_Slash_Large_01",Slash,Other,0.00,0.00,0.00,0.00,0.00,0.00,0.00,0.00,0.00,0,0,0,0
"Assets/Synty/PolygonParticleFX/Prefabs/FX_Smoke_Black_01.prefab","FX_Smoke_Black_01",Smoke,Other,0.00,0.00,0.00,0.00,0.00,0.00,0.00,0.00,0.00,0,0,0,0
"Assets/Synty/PolygonParticleFX/Prefabs/FX_Smoke_Black_Large_01.prefab","FX_Smoke_Black_Large_01",Smoke,Other,0.00,0.00,0.00,0.00,0.00,0.00,0.00,0.00,0.00,0,0,0,0
"Assets/Synty/PolygonParticleFX/Prefabs/FX_Smoke_Black_Small_01.prefab","FX_Smoke_Black_Small_01",Smoke,Other,0.00,0.00,0.00,0.00,0.00,0.00,0.00,0.00,0.00,0,0,0,0
"Assets/Synty/PolygonParticleFX/Prefabs/FX_Smoke_Trail_Large_01.prefab","FX_Smoke_Trail_Large_01",Smoke,Other,0.00,0.00,0.00,0.00,0.00,0.00,0.00,0.00,0.00,0,0,0,0
"Assets/Synty/PolygonParticleFX/Prefabs/FX_Smoke_Trail_Small_01.prefab","FX_Smoke_Trail_Small_01",Smoke,Other,0.00,0.00,0.00,0.00,0.00,0.00,0.00,0.00,0.00,0,0,0,0
"Assets/Synty/PolygonParticleFX/Prefabs/FX_Smoke_White_01.prefab","FX_Smoke_White_01",Smoke,Other,0.00,0.00,0.00,0.00,0.00,0.00,0.00,0.00,0.00,0,0,0,0
"Assets/Synty/PolygonParticleFX/Prefabs/FX_Smoke_White_Large_01.prefab","FX_Smoke_White_Large_01",Smoke,Other,0.00,0.00,0.00,0.00,0.00,0.00,0.00,0.00,0.00,0,0,0,0
"Assets/Synty/PolygonParticleFX/Prefabs/FX_Smoke_White_Small_01.prefab","FX_Smoke_White_Small_01",Smoke,Other,0.00,0.00,0.00,0.00,0.00,0.00,0.00,0.00,0.00,0,0,0,0
"Assets/Synty/PolygonParticleFX/Prefabs/FX_Snow_01.prefab","FX_Snow_01",Snow,Other,0.00,0.00,0.00,0.00,0.00,0.00,0.00,0.00,0.00,0,0,0,0
"Assets/Synty/PolygonParticleFX/Prefabs/FX_Sparkle_Orbit_01.prefab","FX_Sparkle_Orbit_01",Sparkle,Other,0.00,0.00,0.00,0.00,0.00,0.00,0.00,0.00,0.00,0,0,0,0
"Assets/Synty/PolygonParticleFX/Prefabs/FX_Sparkle_Orbit_02.prefab","FX_Sparkle_Orbit_02",Sparkle,Other,0.00,0.00,0.00,0.00,0.00,0.00,0.00,0.00,0.00,0,0,0,0
"Assets/Synty/PolygonParticleFX/Prefabs/FX_Sparkles_Large_01.prefab","FX_Sparkles_Large_01",Sparkles,Other,0.00,0.00,0.00,0.00,0.00,0.00,0.00,0.00,0.00,0,0,0,0
"Assets/Synty/PolygonParticleFX/Prefabs/FX_Sparkles_Small_01.prefab","FX_Sparkles_Small_01",Sparkles,Other,0.00,0.00,0.00,0.00,0.00,0.00,0.00,0.00,0.00,0,0,0,0
"Assets/Synty/PolygonParticleFX/Prefabs/FX_Sparkles_Trail_01.prefab","FX_Sparkles_Trail_01",Sparkles,Other,0.00,0.00,0.00,0.00,0.00,0.00,0.00,0.00,0.00,0,0,0,0
"Assets/Synty/PolygonParticleFX/Prefabs/FX_Sparks_01.prefab","FX_Sparks_01",Sparks,Other,0.00,0.00,0.00,0.00,0.00,0.00,0.00,0.00,0.00,0,0,0,0
"Assets/Synty/PolygonParticleFX/Prefabs/FX_StarStunned_01.prefab","FX_StarStunned_01",StarStunned,Other,0.00,0.00,0.00,0.00,0.00,0.00,0.00,0.00,0.00,0,0,0,0
"Assets/Synty/PolygonParticleFX/Prefabs/FX_StarStunned_02.prefab","FX_StarStunned_02",StarStunned,Other,0.00,0.00,0.00,0.00,0.00,0.00,0.00,0.00,0.00,0,0,0,0
"Assets/Synty/PolygonParticleFX/Prefabs/FX_Steam_01.prefab","FX_Steam_01",Steam,Other,0.00,0.00,0.00,0.00,0.00,0.00,0.00,0.00,0.00,0,0,0,0
"Assets/Synty/PolygonParticleFX/Prefabs/FX_Steam_02.prefab","FX_Steam_02",Steam,Other,0.00,0.00,0.00,0.00,0.00,0.00,0.00,0.00,0.00,0,0,0,0
"Assets/Synty/PolygonParticleFX/Prefabs/FX_Steam_03.prefab","FX_Steam_03",Steam,Other,0.00,0.00,0.00,0.00,0.00,0.00,0.00,0.00,0.00,0,0,0,0
"Assets/Synty/PolygonParticleFX/Prefabs/FX_SunBeam_Large_01.prefab","FX_SunBeam_Large_01",SunBeam,Other,0.00,0.00,0.00,0.00,0.00,0.00,0.00,0.00,0.00,0,0,0,0
"Assets/Synty/PolygonParticleFX/Prefabs/FX_SunBeam_Small_01.prefab","FX_SunBeam_Small_01",SunBeam,Other,0.00,0.00,0.00,0.00,0.00,0.00,0.00,0.00,0.00,0,0,0,0
"Assets/Synty/PolygonParticleFX/Prefabs/FX_Swirl_01.prefab","FX_Swirl_01",Swirl,Other,0.00,0.00,0.00,0.00,0.00,0.00,0.00,0.00,0.00,0,0,0,0
"Assets/Synty/PolygonParticleFX/Prefabs/FX_Swirl_02.prefab","FX_Swirl_02",Swirl,Other,0.00,0.00,0.00,0.00,0.00,0.00,0.00,0.00,0.00,0,0,0,0
"Assets/Synty/PolygonParticleFX/Prefabs/FX_Swirl_03.prefab","FX_Swirl_03",Swirl,Other,0.00,0.00,0.00,0.00,0.00,0.00,0.00,0.00,0.00,0,0,0,0
"Assets/Synty/PolygonParticleFX/Prefabs/FX_Swirl_Fast_01.prefab","FX_Swirl_Fast_01",Swirl,Other,0.00,0.00,0.00,0.00,0.00,0.00,0.00,0.00,0.00,0,0,0,0
"Assets/Synty/PolygonParticleFX/Prefabs/FX_SwordSlash_01.prefab","FX_SwordSlash_01",SwordSlash,Other,0.00,0.00,0.00,0.00,0.00,0.00,0.00,0.00,0.00,0,0,0,0
"Assets/Synty/PolygonParticleFX/Prefabs/FX_SwordStab_01.prefab","FX_SwordStab_01",SwordStab,Other,0.00,0.00,0.00,0.00,0.00,0.00,0.00,0.00,0.00,0,0,0,0
"Assets/Synty/PolygonParticleFX/Prefabs/FX_Trail_Debris_01.prefab","FX_Trail_Debris_01",Trail,Other,0.00,0.00,0.00,0.00,0.00,0.00,0.00,0.00,0.00,0,0,0,0
"Assets/Synty/PolygonParticleFX/Prefabs/FX_Trail_Dust_01.prefab","FX_Trail_Dust_01",Trail,Other,0.00,0.00,0.00,0.00,0.00,0.00,0.00,0.00,0.00,0,0,0,0
"Assets/Synty/PolygonParticleFX/Prefabs/FX_Trail_Exhaust_01.prefab","FX_Trail_Exhaust_01",Trail,Other,0.00,0.00,0.00,0.00,0.00,0.00,0.00,0.00,0.00,0,0,0,0
"Assets/Synty/PolygonParticleFX/Prefabs/FX_Trail_Fire_01.prefab","FX_Trail_Fire_01",Trail,Other,0.00,0.00,0.00,0.00,0.00,0.00,0.00,0.00,0.00,0,0,0,0
"Assets/Synty/PolygonParticleFX/Prefabs/FX_WaterDrip_01.prefab","FX_WaterDrip_01",WaterDrip,Other,0.00,0.00,0.00,0.00,0.00,0.00,0.00,0.00,0.00,0,0,0,0
"Assets/Synty/PolygonParticleFX/Prefabs/FX_WaterRipple_01.prefab","FX_WaterRipple_01",WaterRipple,Other,0.00,0.00,0.00,0.00,0.00,0.00,0.00,0.00,0.00,0,0,0,0
"Assets/Synty/PolygonParticleFX/Prefabs/FX_Wind_01.prefab","FX_Wind_01",Wind,Other,0.00,0.00,0.00,0.00,0.00,0.00,0.00,0.00,0.00,0,0,0,0
"Assets/Synty/PolygonParticleFX/Prefabs/FX_Wind_Hard_01.prefab","FX_Wind_Hard_01",Wind,Other,0.00,0.00,0.00,0.00,0.00,0.00,0.00,0.00,0.00,0,0,0,0
"Assets/Synty/PolygonParticleFX/Prefabs/FX_Wind_Soft_01.prefab","FX_Wind_Soft_01",Wind,Other,0.00,0.00,0.00,0.00,0.00,0.00,0.00,0.00,0.00,0,0,0,0
"Assets/Synty/PolygonSciFiCity/Prefabs/Buildings/SM_Bld_Advanced_01.prefab","SM_Bld_Advanced_01",Bld,Other,5.00,3.00,0.71,-5.00,0.00,0.00,0.00,3.00,0.71,1,596,1,0
"Assets/Synty/PolygonSciFiCity/Prefabs/Buildings/SM_Bld_Advanced_02.prefab","SM_Bld_Advanced_02",Bld,Other,10.00,3.00,0.71,-10.00,0.00,0.00,0.00,3.00,0.71,1,1118,1,0
"Assets/Synty/PolygonSciFiCity/Prefabs/Buildings/SM_Bld_Advanced_Doorway_01.prefab","SM_Bld_Advanced_Doorway_01",Bld,Door,10.00,3.00,1.64,-10.00,0.00,-0.94,0.00,3.00,0.71,1,1152,1,0
"Assets/Synty/PolygonSciFiCity/Prefabs/Buildings/SM_Bld_Background_Lrg_01.prefab","SM_Bld_Background_Lrg_01",Bld,Other,8.18,25.47,11.86,-4.09,0.00,-5.93,4.09,25.47,5.93,1,340,1,0
"Assets/Synty/PolygonSciFiCity/Prefabs/Buildings/SM_Bld_Background_Lrg_02.prefab","SM_Bld_Background_Lrg_02",Bld,Other,8.03,41.97,7.95,-4.02,0.00,-5.48,4.02,41.97,2.47,1,68,1,0
"Assets/Synty/PolygonSciFiCity/Prefabs/Buildings/SM_Bld_Background_Lrg_03.prefab","SM_Bld_Background_Lrg_03",Bld,Other,8.29,42.45,8.29,-4.15,0.00,-4.15,4.15,42.45,4.15,1,236,1,0
"Assets/Synty/PolygonSciFiCity/Prefabs/Buildings/SM_Bld_Background_Med_01.prefab","SM_Bld_Background_Med_01",Bld,Other,4.42,23.11,4.37,-2.21,0.00,-3.01,2.21,23.11,1.36,1,68,1,0
"Assets/Synty/PolygonSciFiCity/Prefabs/Buildings/SM_Bld_Background_Med_02.prefab","SM_Bld_Background_Med_02",Bld,Other,4.42,23.11,2.72,-2.21,0.00,-1.36,2.21,23.11,1.36,1,68,1,0
"Assets/Synty/PolygonSciFiCity/Prefabs/Buildings/SM_Bld_Background_Med_03.prefab","SM_Bld_Background_Med_03",Bld,Other,4.42,25.47,6.45,-2.21,0.00,-4.32,2.21,25.47,2.13,1,116,1,0
"Assets/Synty/PolygonSciFiCity/Prefabs/Buildings/SM_Bld_Background_Med_04.prefab","SM_Bld_Background_Med_04",Bld,Other,4.42,25.47,6.45,-2.21,0.00,-4.32,2.21,25.47,2.13,1,92,1,0
"Assets/Synty/PolygonSciFiCity/Prefabs/Buildings/SM_Bld_Background_Med_05.prefab","SM_Bld_Background_Med_05",Bld,Other,4.42,23.11,7.13,-2.21,0.00,-3.01,2.21,23.11,4.12,1,140,1,0
"Assets/Synty/PolygonSciFiCity/Prefabs/Buildings/SM_Bld_Background_Med_06.prefab","SM_Bld_Background_Med_06",Bld,Other,4.98,25.47,4.98,-2.49,0.00,-2.49,2.49,25.47,2.49,1,92,1,0
"Assets/Synty/PolygonSciFiCity/Prefabs/Buildings/SM_Bld_Background_Med_07.prefab","SM_Bld_Background_Med_07",Bld,Other,5.88,17.86,5.09,-2.94,0.00,-2.55,2.94,17.86,2.55,1,72,1,0
"Assets/Synty/PolygonSciFiCity/Prefabs/Buildings/SM_Bld_Background_Med_08.prefab","SM_Bld_Background_Med_08",Bld,Other,5.19,17.86,5.45,-2.59,0.00,-2.73,2.59,17.86,2.73,1,60,1,0
"Assets/Synty/PolygonSciFiCity/Prefabs/Buildings/SM_Bld_Background_Med_09.prefab","SM_Bld_Background_Med_09",Bld,Other,4.86,30.38,4.86,-2.07,0.00,-1.90,2.78,30.38,2.96,1,64,1,0
"Assets/Synty/PolygonSciFiCity/Prefabs/Buildings/SM_Bld_Background_Small_01.prefab","SM_Bld_Background_Small_01",Bld,Other,4.90,4.90,4.90,-2.45,0.00,-2.45,2.45,4.90,2.45,1,60,1,0
"Assets/Synty/PolygonSciFiCity/Prefabs/Buildings/SM_Bld_Background_Small_02.prefab","SM_Bld_Background_Small_02",Bld,Other,4.42,6.17,2.72,-2.21,0.00,-1.36,2.21,6.17,1.36,1,34,1,0
"Assets/Synty/PolygonSciFiCity/Prefabs/Buildings/SM_Bld_Background_Small_03.prefab","SM_Bld_Background_Small_03",Bld,Other,1.88,6.17,2.72,-0.94,0.00,-1.36,0.94,6.17,1.36,1,34,1,0
"Assets/Synty/PolygonSciFiCity/Prefabs/Buildings/SM_Bld_Background_Small_04.prefab","SM_Bld_Background_Small_04",Bld,Other,1.88,6.17,1.54,-0.94,0.00,-0.77,0.94,6.17,0.77,1,34,1,0
"Assets/Synty/PolygonSciFiCity/Prefabs/Buildings/SM_Bld_Bank_01.prefab","SM_Bld_Bank_01",Bld,Other,10.67,3.07,15.79,-10.33,0.00,-15.32,0.33,3.07,0.47,6,6690,2,0
"Assets/Synty/PolygonSciFiCity/Prefabs/Buildings/SM_Bld_Chopshop_01.prefab","SM_Bld_Chopshop_01",Bld,Other,5.21,6.00,10.48,-5.11,0.00,-10.11,0.11,6.00,0.37,1,2980,1,0
"Assets/Synty/PolygonSciFiCity/Prefabs/Buildings/SM_Bld_Chopshop_Interior_01.prefab","SM_Bld_Chopshop_Interior_01",Bld,Other,4.79,3.78,9.64,-4.92,0.01,-9.82,-0.12,3.79,-0.18,1,16362,1,0
"Assets/Synty/PolygonSciFiCity/Prefabs/Buildings/SM_Bld_City_Wall_01.prefab","SM_Bld_City_Wall_01",Bld,Wall,11.15,10.14,2.87,-5.58,0.29,-1.44,5.58,10.43,1.44,1,444,1,0
"Assets/Synty/PolygonSciFiCity/Prefabs/Buildings/SM_Bld_City_Wall_Tower_01.prefab","SM_Bld_City_Wall_Tower_01",Bld,Wall,4.17,12.88,4.63,-2.09,0.00,-2.32,2.09,12.88,2.32,1,240,1,0
"Assets/Synty/PolygonSciFiCity/Prefabs/Buildings/SM_Bld_FoodHole_01.prefab","SM_Bld_FoodHole_01",Bld,Other,2.61,3.00,3.05,-1.31,-0.01,-1.29,1.30,2.99,1.76,1,394,1,0
"Assets/Synty/PolygonSciFiCity/Prefabs/Buildings/SM_Bld_Industrial_01.prefab","SM_Bld_Industrial_01",Bld,Other,11.00,6.00,0.87,-10.50,0.00,-0.30,0.50,6.00,0.57,1,736,1,0
"Assets/Synty/PolygonSciFiCity/Prefabs/Buildings/SM_Bld_Industrial_02.prefab","SM_Bld_Industrial_02",Bld,Other,10.50,6.00,0.87,-10.50,0.00,-0.30,0.00,6.00,0.57,1,612,1,0
"Assets/Synty/PolygonSciFiCity/Prefabs/Buildings/SM_Bld_LandingPad_01.prefab","SM_Bld_LandingPad_01",Bld,Other,7.50,1.19,7.88,-3.75,0.00,-3.94,3.75,1.19,3.94,1,572,1,0
"Assets/Synty/PolygonSciFiCity/Prefabs/Buildings/SM_Bld_Large_01.prefab","SM_Bld_Large_01",Bld,Other,10.41,30.57,5.12,-5.20,0.00,-2.56,5.20,30.57,2.56,1,522,1,0
"Assets/Synty/PolygonSciFiCity/Prefabs/Buildings/SM_Bld_Large_02.prefab","SM_Bld_Large_02",Bld,Other,9.66,33.49,8.67,-4.83,0.00,-4.34,4.83,33.49,4.34,1,1694,1,0
"Assets/Synty/PolygonSciFiCity/Prefabs/Buildings/SM_Bld_Large_03.prefab","SM_Bld_Large_03",Bld,Other,6.85,25.06,6.85,-3.42,0.00,-3.42,3.42,25.06,3.42,1,970,1,0
"Assets/Synty/PolygonSciFiCity/Prefabs/Buildings/SM_Bld_Large_04.prefab","SM_Bld_Large_04",Bld,Other,12.68,18.09,12.68,-6.34,0.00,-6.34,6.34,18.09,6.34,1,3116,1,0
"Assets/Synty/PolygonSciFiCity/Prefabs/Buildings/SM_Bld_Large_05.prefab","SM_Bld_Large_05",Bld,Other,9.83,5.87,12.92,-4.92,0.00,-6.46,4.92,5.87,6.46,1,1312,1,0
"Assets/Synty/PolygonSciFiCity/Prefabs/Buildings/SM_Bld_Large_06.prefab","SM_Bld_Large_06",Bld,Other,7.71,30.87,7.71,-3.85,0.00,-3.85,3.85,30.87,3.85,1,788,1,0
"Assets/Synty/PolygonSciFiCity/Prefabs/Buildings/SM_Bld_Large_Part_01.prefab","SM_Bld_Large_Part_01",Bld,Other,8.01,4.28,8.67,-4.00,0.00,-4.34,4.00,4.28,4.34,1,586,1,0
"Assets/Synty/PolygonSciFiCity/Prefabs/Buildings/SM_Bld_Large_Part_02.prefab","SM_Bld_Large_Part_02",Bld,Other,5.73,13.34,2.92,-2.86,0.00,-1.46,2.86,13.34,1.46,1,406,1,0
"Assets/Synty/PolygonSciFiCity/Prefabs/Buildings/SM_Bld_Large_Part_03.prefab","SM_Bld_Large_Part_03",Bld,Other,5.99,23.39,2.22,-2.99,0.00,-1.11,2.99,23.39,1.11,1,290,1,0
"Assets/Synty/PolygonSciFiCity/Prefabs/Buildings/SM_Bld_Large_Part_04.prefab","SM_Bld_Large_Part_04",Bld,Other,7.41,10.64,4.05,-3.71,0.00,-2.03,3.71,10.64,2.03,1,412,1,0
"Assets/Synty/PolygonSciFiCity/Prefabs/Buildings/SM_Bld_Large_Part_05.prefab","SM_Bld_Large_Part_05",Bld,Other,7.41,10.64,9.63,-3.71,0.00,-2.03,3.71,10.64,7.61,1,412,1,0
"Assets/Synty/PolygonSciFiCity/Prefabs/Buildings/SM_Bld_Large_Part_06.prefab","SM_Bld_Large_Part_06",Bld,Other,7.41,17.89,9.63,-3.71,0.00,-4.82,3.71,17.89,4.82,1,412,1,0
"Assets/Synty/PolygonSciFiCity/Prefabs/Buildings/SM_Bld_Large_Part_07.prefab","SM_Bld_Large_Part_07",Bld,Other,2.66,6.63,3.04,-1.33,0.00,-1.15,1.33,6.63,1.88,1,412,1,0
"Assets/Synty/PolygonSciFiCity/Prefabs/Buildings/SM_Bld_Large_Part_08.prefab","SM_Bld_Large_Part_08",Bld,Other,2.67,5.81,0.90,-1.34,0.00,-0.45,1.34,5.81,0.45,1,116,1,0
"Assets/Synty/PolygonSciFiCity/Prefabs/Buildings/SM_Bld_Power_01.prefab","SM_Bld_Power_01",Bld,Other,7.59,5.01,4.92,-3.79,0.00,-2.46,3.79,5.01,2.46,1,1104,1,0
"Assets/Synty/PolygonSciFiCity/Prefabs/Buildings/SM_Bld_Power_02.prefab","SM_Bld_Power_02",Bld,Other,7.59,5.01,7.47,-3.79,0.00,-3.74,3.79,5.01,3.74,1,1380,1,0
"Assets/Synty/PolygonSciFiCity/Prefabs/Buildings/SM_Bld_Power_03.prefab","SM_Bld_Power_03",Bld,Other,6.55,6.79,6.55,-3.27,0.00,-3.27,3.27,6.79,3.27,1,552,1,0
"Assets/Synty/PolygonSciFiCity/Prefabs/Buildings/SM_Bld_Power_04.prefab","SM_Bld_Power_04",Bld,Other,1.54,5.46,1.54,-0.77,0.00,-0.77,0.77,5.46,0.77,1,512,1,0
"Assets/Synty/PolygonSciFiCity/Prefabs/Buildings/SM_Bld_Raised_01.prefab","SM_Bld_Raised_01",Bld,Other,5.00,6.00,4.75,-5.00,0.00,-5.01,0.00,6.00,-0.25,1,677,1,0
"Assets/Synty/PolygonSciFiCity/Prefabs/Buildings/SM_Bld_Raised_02.prefab","SM_Bld_Raised_02",Bld,Other,5.00,6.00,5.17,-5.01,0.02,-5.02,-0.01,6.02,0.15,1,753,1,0
"Assets/Synty/PolygonSciFiCity/Prefabs/Buildings/SM_Bld_Roof_Pagoda_01.prefab","SM_Bld_Roof_Pagoda_01",Bld,Roof,6.82,3.96,7.09,-3.41,0.00,-3.55,3.41,3.96,3.55,1,1040,1,0
"Assets/Synty/PolygonSciFiCity/Prefabs/Buildings/SM_Bld_Roof_Pagoda_02.prefab","SM_Bld_Roof_Pagoda_02",Bld,Roof,4.93,2.27,4.01,-2.46,0.00,-2.00,2.46,2.27,2.00,1,370,1,0
"Assets/Synty/PolygonSciFiCity/Prefabs/Buildings/SM_Bld_Section_Corner_01.prefab","SM_Bld_Section_Corner_01",Bld,Other,5.14,3.00,5.14,-5.07,0.00,-5.07,0.07,3.00,0.07,2,538,2,0
"Assets/Synty/PolygonSciFiCity/Prefabs/Buildings/SM_Bld_Section_Corner_02.prefab","SM_Bld_Section_Corner_02",Bld,Other,5.19,3.00,5.19,-5.09,0.00,-5.09,0.09,3.00,0.09,1,370,1,0
"Assets/Synty/PolygonSciFiCity/Prefabs/Buildings/SM_Bld_Section_Corner_03.prefab","SM_Bld_Section_Corner_03",Bld,Other,5.16,3.00,5.16,-5.16,0.00,-5.00,0.00,3.00,0.16,1,222,1,0
"Assets/Synty/PolygonSciFiCity/Prefabs/Buildings/SM_Bld_Section_Door_01.prefab","SM_Bld_Section_Door_01",Bld,Door,5.00,3.00,5.21,-5.00,0.00,-5.00,0.00,3.00,0.21,1,876,1,0
"Assets/Synty/PolygonSciFiCity/Prefabs/Buildings/SM_Bld_Section_Door_02.prefab","SM_Bld_Section_Door_02",Bld,Door,5.00,3.00,5.53,-5.00,0.00,-5.00,0.00,3.00,0.53,1,904,1,0
"Assets/Synty/PolygonSciFiCity/Prefabs/Buildings/SM_Bld_Section_Door_03.prefab","SM_Bld_Section_Door_03",Bld,Door,5.31,6.00,6.13,-5.15,0.00,-5.15,0.15,6.00,0.98,1,525,1,0
"Assets/Synty/PolygonSciFiCity/Prefabs/Buildings/SM_Bld_Section_Door_04.prefab","SM_Bld_Section_Door_04",Bld,Door,5.22,3.00,5.51,-5.11,0.00,-5.11,0.11,3.00,0.40,2,482,2,0
"Assets/Synty/PolygonSciFiCity/Prefabs/Buildings/SM_Bld_Section_Door_05.prefab","SM_Bld_Section_Door_05",Bld,Door,5.12,3.00,5.12,-5.06,0.00,-5.06,0.06,3.00,0.06,2,358,2,0
"Assets/Synty/PolygonSciFiCity/Prefabs/Buildings/SM_Bld_Section_Door_06.prefab","SM_Bld_Section_Door_06",Bld,Door,5.00,3.00,5.96,-5.00,0.00,-5.00,0.00,3.00,0.96,1,428,1,0
"Assets/Synty/PolygonSciFiCity/Prefabs/Buildings/SM_Bld_Section_Door_07.prefab","SM_Bld_Section_Door_07",Bld,Door,5.00,3.00,5.19,-5.00,0.00,-5.00,0.00,3.00,0.19,3,2070,2,0
"Assets/Synty/PolygonSciFiCity/Prefabs/Buildings/SM_Bld_Section_Grid_01.prefab","SM_Bld_Section_Grid_01",Bld,Other,5.00,3.00,5.00,-5.00,0.00,-5.00,0.00,3.00,0.00,1,1048,1,0
"Assets/Synty/PolygonSciFiCity/Prefabs/Buildings/SM_Bld_Section_Industrial_01.prefab","SM_Bld_Section_Industrial_01",Bld,Other,5.00,3.00,5.62,-5.00,0.00,-5.00,0.00,3.00,0.62,1,110,1,0
"Assets/Synty/PolygonSciFiCity/Prefabs/Buildings/SM_Bld_Section_Industrial_02.prefab","SM_Bld_Section_Industrial_02",Bld,Other,5.25,3.00,5.62,-5.12,0.00,-5.00,0.12,3.00,0.62,1,202,1,0
"Assets/Synty/PolygonSciFiCity/Prefabs/Buildings/SM_Bld_Section_Industrial_03.prefab","SM_Bld_Section_Industrial_03",Bld,Other,5.12,3.00,5.62,-5.12,0.00,-5.00,0.00,3.00,0.62,1,182,1,0
"Assets/Synty/PolygonSciFiCity/Prefabs/Buildings/SM_Bld_Section_Wall_01.prefab","SM_Bld_Section_Wall_01",Bld,Wall,5.00,3.00,5.00,-5.00,0.00,-5.00,0.00,3.00,0.00,1,92,1,0
"Assets/Synty/PolygonSciFiCity/Prefabs/Buildings/SM_Bld_Section_Wall_02.prefab","SM_Bld_Section_Wall_02",Bld,Wall,5.14,3.00,5.24,-5.07,0.00,-5.07,0.07,3.00,0.17,1,248,1,0
"Assets/Synty/PolygonSciFiCity/Prefabs/Buildings/SM_Bld_Section_Wall_03.prefab","SM_Bld_Section_Wall_03",Bld,Wall,5.00,3.00,5.07,-5.00,0.00,-5.00,0.00,3.00,0.07,1,416,1,0
"Assets/Synty/PolygonSciFiCity/Prefabs/Buildings/SM_Bld_Section_Wall_04.prefab","SM_Bld_Section_Wall_04",Bld,Wall,5.00,3.00,5.07,-5.00,0.00,-5.00,0.00,3.00,0.07,1,292,1,0
"Assets/Synty/PolygonSciFiCity/Prefabs/Buildings/SM_Bld_Section_Wall_05.prefab","SM_Bld_Section_Wall_05",Bld,Wall,5.28,3.00,5.44,-5.14,0.00,-5.00,0.14,3.00,0.44,1,244,1,0
"Assets/Synty/PolygonSciFiCity/Prefabs/Buildings/SM_Bld_Section_Window_01.prefab","SM_Bld_Section_Window_01",Bld,Window,5.00,3.00,5.25,-5.00,0.00,-5.00,0.00,3.00,0.25,1,262,1,0
"Assets/Synty/PolygonSciFiCity/Prefabs/Buildings/SM_Bld_Section_Window_02.prefab","SM_Bld_Section_Window_02",Bld,Window,5.00,3.00,5.34,-5.00,0.00,-5.00,0.00,3.00,0.34,1,552,1,0
"Assets/Synty/PolygonSciFiCity/Prefabs/Buildings/SM_Bld_Section_Window_03.prefab","SM_Bld_Section_Window_03",Bld,Window,5.00,3.00,5.00,-5.00,0.00,-5.00,0.00,3.00,0.00,1,542,1,0
"Assets/Synty/PolygonSciFiCity/Prefabs/Buildings/SM_Bld_Section_Window_04.prefab","SM_Bld_Section_Window_04",Bld,Window,5.05,6.00,5.05,-4.81,0.00,-4.81,0.24,6.00,0.24,1,892,1,0
"Assets/Synty/PolygonSciFiCity/Prefabs/Buildings/SM_Bld_Security_WatchStation_01.prefab","SM_Bld_Security_WatchStation_01",Bld,Other,5.00,6.00,4.80,-5.00,0.00,-5.00,0.00,6.00,-0.20,2,372,2,0
"Assets/Synty/PolygonSciFiCity/Prefabs/Buildings/SM_Bld_Shop_Open_01.prefab","SM_Bld_Shop_Open_01",Bld,Other,5.00,3.00,5.97,-5.00,0.00,-5.00,0.00,3.00,0.97,1,1948,1,0
"Assets/Synty/PolygonSciFiCity/Prefabs/Buildings/SM_Bld_StripClub_01.prefab","SM_Bld_StripClub_01",Bld,Other,10.21,6.00,20.39,-10.11,0.00,-20.02,0.11,6.00,0.37,1,530,1,0
"Assets/Synty/PolygonSciFiCity/Prefabs/Buildings/SM_Bld_StripClub_Interior_01.prefab","SM_Bld_StripClub_Interior_01",Bld,Other,9.59,3.35,19.88,-9.80,-0.03,-20.00,-0.20,3.32,-0.12,8,2965,3,0
"Assets/Synty/PolygonSciFiCity/Prefabs/Buildings/SM_Bld_StripClub_Interior_02.prefab","SM_Bld_StripClub_Interior_02",Bld,Other,9.53,3.20,12.14,-9.74,-0.02,-15.64,-0.20,3.19,-3.50,1,12160,1,0
"Assets/Synty/PolygonSciFiCity/Prefabs/Buildings/SM_Bld_StripClub_Interior_03.prefab","SM_Bld_StripClub_Interior_03",Bld,Other,9.76,4.00,19.59,-9.88,-0.02,-19.71,-0.12,3.98,-0.12,1,1792,1,0
"Assets/Synty/PolygonSciFiCity/Prefabs/Buildings/SM_Bld_Underpass_01.prefab","SM_Bld_Underpass_01",Bld,Other,5.00,3.00,5.00,-5.00,0.00,-5.00,0.00,3.00,0.00,1,202,1,0
"Assets/Synty/PolygonSciFiCity/Prefabs/Buildings/SM_Bld_Warehouse_01.prefab","SM_Bld_Warehouse_01",Bld,Other,10.67,6.07,15.79,-10.33,0.00,-15.32,0.33,6.07,0.47,5,6478,2,0
"Assets/Synty/PolygonSciFiCity/Prefabs/Buildings/SM_Building_Shack_01.prefab","SM_Building_Shack_01",Building,Other,2.77,2.77,2.53,-1.39,0.00,-1.30,1.39,2.77,1.23,1,1421,1,0
"Assets/Synty/PolygonSciFiCity/Prefabs/Buildings/SM_Building_Shack_02.prefab","SM_Building_Shack_02",Building,Other,2.77,2.32,2.57,-1.39,-0.03,-1.29,1.39,2.29,1.29,1,1371,1,0
"Assets/Synty/PolygonSciFiCity/Prefabs/Characters/SM_Chr_Alien_Male_01.prefab","SM_Chr_Alien_Male_01",Chr,Other,2.05,1.90,0.50,-1.03,-0.01,-0.28,1.03,1.89,0.22,20,53383,1,1
"Assets/Synty/PolygonSciFiCity/Prefabs/Characters/SM_Chr_Alien_Male_02.prefab","SM_Chr_Alien_Male_02",Chr,Other,2.05,1.90,0.50,-1.03,-0.01,-0.28,1.03,1.89,0.22,20,53383,1,1
"Assets/Synty/PolygonSciFiCity/Prefabs/Characters/SM_Chr_Android_Female_01.prefab","SM_Chr_Android_Female_01",Chr,Other,2.05,1.90,0.50,-1.03,-0.01,-0.28,1.03,1.89,0.22,20,53383,1,1
"Assets/Synty/PolygonSciFiCity/Prefabs/Characters/SM_Chr_Augmented_Male_01.prefab","SM_Chr_Augmented_Male_01",Chr,Other,2.05,1.90,0.50,-1.03,-0.01,-0.28,1.03,1.89,0.22,20,53383,1,1
"Assets/Synty/PolygonSciFiCity/Prefabs/Characters/SM_Chr_Cop_01.prefab","SM_Chr_Cop_01",Chr,Other,2.05,1.90,0.50,-1.03,-0.01,-0.28,1.03,1.89,0.22,20,53383,1,1
"Assets/Synty/PolygonSciFiCity/Prefabs/Characters/SM_Chr_CyberPunk_Male_01.prefab","SM_Chr_CyberPunk_Male_01",Chr,Other,2.05,1.90,0.50,-1.03,-0.01,-0.28,1.03,1.89,0.22,20,53383,1,1
"Assets/Synty/PolygonSciFiCity/Prefabs/Characters/SM_Chr_Cyber_Female_01.prefab","SM_Chr_Cyber_Female_01",Chr,Other,2.05,1.90,0.50,-1.03,-0.01,-0.28,1.03,1.89,0.22,20,53383,1,1
"Assets/Synty/PolygonSciFiCity/Prefabs/Characters/SM_Chr_Cyber_Male_01.prefab","SM_Chr_Cyber_Male_01",Chr,Other,2.05,1.90,0.50,-1.03,-0.01,-0.28,1.03,1.89,0.22,20,53383,1,1
"Assets/Synty/PolygonSciFiCity/Prefabs/Characters/SM_Chr_CyborgNinja_01.prefab","SM_Chr_CyborgNinja_01",Chr,Other,2.05,1.90,0.50,-1.03,-0.01,-0.28,1.03,1.89,0.22,20,53383,1,1
"Assets/Synty/PolygonSciFiCity/Prefabs/Characters/SM_Chr_Garbage_Male_01.prefab","SM_Chr_Garbage_Male_01",Chr,Other,2.05,1.90,0.50,-1.03,-0.01,-0.28,1.03,1.89,0.22,20,53383,1,1
"Assets/Synty/PolygonSciFiCity/Prefabs/Characters/SM_Chr_Hacker_Female_01.prefab","SM_Chr_Hacker_Female_01",Chr,Other,2.05,1.90,0.50,-1.03,-0.01,-0.28,1.03,1.89,0.22,20,53383,1,1
"Assets/Synty/PolygonSciFiCity/Prefabs/Characters/SM_Chr_Hologram_Female_01.prefab","SM_Chr_Hologram_Female_01",Chr,Other,2.05,1.90,0.50,-1.03,-0.01,-0.28,1.03,1.89,0.22,20,53383,1,1
"Assets/Synty/PolygonSciFiCity/Prefabs/Characters/SM_Chr_Junky_Female_01.prefab","SM_Chr_Junky_Female_01",Chr,Other,2.05,1.90,0.50,-1.03,-0.01,-0.28,1.03,1.89,0.22,20,53383,1,1
"Assets/Synty/PolygonSciFiCity/Prefabs/Characters/SM_Chr_Junky_Male_01.prefab","SM_Chr_Junky_Male_01",Chr,Other,2.05,1.90,0.50,-1.03,-0.01,-0.28,1.03,1.89,0.22,20,53383,1,1
"Assets/Synty/PolygonSciFiCity/Prefabs/Characters/SM_Chr_Medical_Male_01.prefab","SM_Chr_Medical_Male_01",Chr,Other,2.05,1.90,0.50,-1.03,-0.01,-0.28,1.03,1.89,0.22,20,53383,1,1
"Assets/Synty/PolygonSciFiCity/Prefabs/Characters/SM_Chr_Monk_Male_01.prefab","SM_Chr_Monk_Male_01",Chr,Other,2.05,1.90,0.50,-1.03,-0.01,-0.28,1.03,1.89,0.22,20,53383,1,1
"Assets/Synty/PolygonSciFiCity/Prefabs/Characters/SM_Chr_Muscle_Male_01.prefab","SM_Chr_Muscle_Male_01",Chr,Other,2.05,1.90,0.50,-1.03,-0.01,-0.28,1.03,1.89,0.22,20,53383,1,1
"Assets/Synty/PolygonSciFiCity/Prefabs/Characters/SM_Chr_Rich_Female_01.prefab","SM_Chr_Rich_Female_01",Chr,Other,2.05,1.90,0.50,-1.03,-0.01,-0.28,1.03,1.89,0.22,20,53383,1,1
"Assets/Synty/PolygonSciFiCity/Prefabs/Characters/SM_Chr_Rich_Male_01.prefab","SM_Chr_Rich_Male_01",Chr,Other,2.05,1.90,0.50,-1.03,-0.01,-0.28,1.03,1.89,0.22,20,53383,1,1
"Assets/Synty/PolygonSciFiCity/Prefabs/Characters/SM_Chr_Robot_01.prefab","SM_Chr_Robot_01",Chr,Other,2.05,1.90,0.50,-1.03,-0.01,-0.28,1.03,1.89,0.22,20,53383,1,1
"Assets/Synty/PolygonSciFiCity/Prefabs/Environments/SM_Env_Ceiling_01.prefab","SM_Env_Ceiling_01",Env,Other,5.00,0.02,5.00,-5.00,-0.02,-5.00,0.00,0.00,0.00,1,162,1,0
"Assets/Synty/PolygonSciFiCity/Prefabs/Environments/SM_Env_Cloud_01.prefab","SM_Env_Cloud_01",Env,Other,6.68,1.65,1.61,-3.34,0.00,-0.80,3.34,1.65,0.80,1,280,1,0
"Assets/Synty/PolygonSciFiCity/Prefabs/Environments/SM_Env_Cloud_02.prefab","SM_Env_Cloud_02",Env,Other,7.29,1.71,2.57,-3.65,0.00,-1.29,3.65,1.71,1.29,1,252,1,0
"Assets/Synty/PolygonSciFiCity/Prefabs/Environments/SM_Env_Cloud_03.prefab","SM_Env_Cloud_03",Env,Other,7.03,1.98,3.89,-3.52,0.00,-1.94,3.52,1.98,1.94,1,490,1,0
"Assets/Synty/PolygonSciFiCity/Prefabs/Environments/SM_Env_Cloud_04.prefab","SM_Env_Cloud_04",Env,Other,5.04,1.44,1.55,-2.52,-0.32,-0.78,2.52,1.12,0.78,1,200,1,0
"Assets/Synty/PolygonSciFiCity/Prefabs/Environments/SM_Env_Cloud_05.prefab","SM_Env_Cloud_05",Env,Other,3.18,1.64,1.86,-1.59,-0.42,-0.93,1.59,1.22,0.93,1,300,1,0
"Assets/Synty/PolygonSciFiCity/Prefabs/Environments/SM_Env_Dirt_Mound_Small_01.prefab","SM_Env_Dirt_Mound_Small_01",Env,Other,2.21,0.17,2.17,-1.10,0.00,-1.09,1.11,0.17,1.09,1,102,1,0
"Assets/Synty/PolygonSciFiCity/Prefabs/Environments/SM_Env_Dirt_Mound_Small_02.prefab","SM_Env_Dirt_Mound_Small_02",Env,Other,2.40,0.27,2.30,-1.21,-0.14,-1.20,1.20,0.13,1.09,1,102,1,0
"Assets/Synty/PolygonSciFiCity/Prefabs/Environments/SM_Env_Floor_01.prefab","SM_Env_Floor_01",Env,Floor,5.00,0.00,5.00,-5.00,0.00,-5.00,0.00,0.00,0.00,1,2,1,0
"Assets/Synty/PolygonSciFiCity/Prefabs/Environments/SM_Env_Graffiti_Ground_01.prefab","SM_Env_Graffiti_Ground_01",Env,Other,4.67,1.95,0.38,-2.33,0.00,-0.19,2.33,1.95,0.19,1,68,1,0
"Assets/Synty/PolygonSciFiCity/Prefabs/Environments/SM_Env_Graffiti_Ground_02.prefab","SM_Env_Graffiti_Ground_02",Env,Other,2.18,1.95,0.38,-1.09,0.00,-0.19,1.09,1.95,0.19,1,68,1,0
"Assets/Synty/PolygonSciFiCity/Prefabs/Environments/SM_Env_Graffiti_Ground_03.prefab","SM_Env_Graffiti_Ground_03",Env,Other,2.18,1.95,0.38,-1.09,0.00,-0.19,1.09,1.95,0.19,1,68,1,0
"Assets/Synty/PolygonSciFiCity/Prefabs/Environments/SM_Env_Graffiti_Ground_04.prefab","SM_Env_Graffiti_Ground_04",Env,Other,4.67,1.95,0.38,-2.33,0.00,-0.19,2.33,1.95,0.19,1,68,1,0
"Assets/Synty/PolygonSciFiCity/Prefabs/Environments/SM_Env_Graffiti_Ground_05.prefab","SM_Env_Graffiti_Ground_05",Env,Other,4.67,1.95,0.38,-2.33,0.00,-0.19,2.33,1.95,0.19,1,68,1,0
"Assets/Synty/PolygonSciFiCity/Prefabs/Environments/SM_Env_Graffiti_Wall_01.prefab","SM_Env_Graffiti_Wall_01",Env,Wall,3.96,1.29,0.09,-1.98,-0.65,0.00,1.98,0.65,0.09,1,28,1,0
"Assets/Synty/PolygonSciFiCity/Prefabs/Environments/SM_Env_Graffiti_Wall_02.prefab","SM_Env_Graffiti_Wall_02",Env,Wall,1.94,1.29,0.09,-0.97,-0.65,0.00,0.97,0.65,0.09,1,28,1,0
"Assets/Synty/PolygonSciFiCity/Prefabs/Environments/SM_Env_Graffiti_Wall_03.prefab","SM_Env_Graffiti_Wall_03",Env,Wall,1.94,1.29,0.09,-0.97,-0.65,0.00,0.97,0.65,0.09,1,28,1,0
"Assets/Synty/PolygonSciFiCity/Prefabs/Environments/SM_Env_Graffiti_Wall_04.prefab","SM_Env_Graffiti_Wall_04",Env,Wall,3.96,1.29,0.09,-1.98,-0.65,0.00,1.98,0.65,0.09,1,28,1,0
"Assets/Synty/PolygonSciFiCity/Prefabs/Environments/SM_Env_Graffiti_Wall_05.prefab","SM_Env_Graffiti_Wall_05",Env,Wall,3.96,1.29,0.09,-1.98,-0.65,0.00,1.98,0.65,0.09,1,28,1,0
"Assets/Synty/PolygonSciFiCity/Prefabs/Environments/SM_Env_Grass_Patch_01.prefab","SM_Env_Grass_Patch_01",Env,Other,3.09,0.73,2.57,-1.55,0.02,-1.28,1.55,0.75,1.28,1,602,1,0
"Assets/Synty/PolygonSciFiCity/Prefabs/Environments/SM_Env_Grass_Patch_02.prefab","SM_Env_Grass_Patch_02",Env,Other,2.81,0.92,2.16,-1.40,0.00,-1.08,1.40,0.92,1.08,1,602,1,0
"Assets/Synty/PolygonSciFiCity/Prefabs/Environments/SM_Env_Grass_Patch_03.prefab","SM_Env_Grass_Patch_03",Env,Other,1.11,1.16,1.29,-0.56,0.00,-0.65,0.56,1.16,0.65,1,238,1,0
"Assets/Synty/PolygonSciFiCity/Prefabs/Environments/SM_Env_Greeble_Cube_01.prefab","SM_Env_Greeble_Cube_01",Env,Other,5.05,5.05,5.05,-2.52,-2.52,-2.52,2.52,2.52,2.52,1,772,1,0
"Assets/Synty/PolygonSciFiCity/Prefabs/Environments/SM_Env_Greeble_Cube_02.prefab","SM_Env_Greeble_Cube_02",Env,Other,5.05,5.05,5.05,-2.52,-2.52,-2.52,2.52,2.52,2.52,1,772,1,0
"Assets/Synty/PolygonSciFiCity/Prefabs/Environments/SM_Env_Ground_01.prefab","SM_Env_Ground_01",Env,Other,5.53,0.26,5.68,-2.76,0.00,-2.84,2.76,0.26,2.84,1,200,1,0
"Assets/Synty/PolygonSciFiCity/Prefabs/Environments/SM_Env_Ground_Flat_01.prefab","SM_Env_Ground_Flat_01",Env,Other,20.74,0.46,19.23,-10.37,0.00,-9.61,10.37,0.46,9.61,1,555,1,0
"Assets/Synty/PolygonSciFiCity/Prefabs/Environments/SM_Env_Ground_Tile_01.prefab","SM_Env_Ground_Tile_01",Env,Floor,5.00,0.05,5.00,-5.00,0.00,-5.00,0.00,0.05,0.00,1,172,1,0
"Assets/Synty/PolygonSciFiCity/Prefabs/Environments/SM_Env_Ground_Tile_02.prefab","SM_Env_Ground_Tile_02",Env,Floor,5.00,0.05,5.00,-5.00,0.00,-5.00,0.00,0.05,0.00,1,172,1,0
"Assets/Synty/PolygonSciFiCity/Prefabs/Environments/SM_Env_Ground_Tile_03.prefab","SM_Env_Ground_Tile_03",Env,Floor,5.00,0.02,5.00,-5.00,0.00,-5.00,0.00,0.02,0.00,1,228,1,0
"Assets/Synty/PolygonSciFiCity/Prefabs/Environments/SM_Env_Ground_Tile_04.prefab","SM_Env_Ground_Tile_04",Env,Floor,5.00,0.02,5.00,-5.00,0.00,-5.00,0.00,0.02,0.00,1,128,1,0
"Assets/Synty/PolygonSciFiCity/Prefabs/Environments/SM_Env_Ground_Tile_05.prefab","SM_Env_Ground_Tile_05",Env,Floor,5.00,0.03,5.00,-5.00,0.00,-5.00,0.00,0.03,0.00,1,150,1,0
"Assets/Synty/PolygonSciFiCity/Prefabs/Environments/SM_Env_Ground_Tile_06.prefab","SM_Env_Ground_Tile_06",Env,Floor,5.00,0.05,5.00,-5.00,0.00,-5.00,0.00,0.05,0.00,1,218,1,0
"Assets/Synty/PolygonSciFiCity/Prefabs/Environments/SM_Env_Ground_Tile_07.prefab","SM_Env_Ground_Tile_07",Env,Floor,5.00,0.02,5.00,-5.00,0.00,-5.00,0.00,0.02,0.00,1,672,1,0
"Assets/Synty/PolygonSciFiCity/Prefabs/Environments/SM_Env_Ground_Tile_08.prefab","SM_Env_Ground_Tile_08",Env,Floor,5.00,0.00,5.00,-5.00,0.00,-5.00,0.00,0.00,0.00,1,136,1,0
"Assets/Synty/PolygonSciFiCity/Prefabs/Environments/SM_Env_Ground_Tile_09.prefab","SM_Env_Ground_Tile_09",Env,Floor,5.00,0.03,5.00,-5.00,0.00,-5.00,0.00,0.03,0.00,1,86,1,0
"Assets/Synty/PolygonSciFiCity/Prefabs/Environments/SM_Env_Ground_Tile_Base_01.prefab","SM_Env_Ground_Tile_Base_01",Env,Floor,5.00,0.16,5.00,-5.00,-0.16,-5.00,0.00,0.00,0.00,1,18,1,0
"Assets/Synty/PolygonSciFiCity/Prefabs/Environments/SM_Env_Ground_Tile_Base_02.prefab","SM_Env_Ground_Tile_Base_02",Env,Floor,5.00,1.20,5.00,-5.00,-1.20,-5.00,0.00,0.00,0.00,1,276,1,0
"Assets/Synty/PolygonSciFiCity/Prefabs/Environments/SM_Env_Ground_Tile_Base_03.prefab","SM_Env_Ground_Tile_Base_03",Env,Floor,5.00,0.75,5.01,-5.00,-0.75,-5.00,0.00,0.00,0.00,1,778,1,0
"Assets/Synty/PolygonSciFiCity/Prefabs/Environments/SM_Env_Ground_Tile_Base_04.prefab","SM_Env_Ground_Tile_Base_04",Env,Floor,5.05,0.40,5.05,-5.00,-0.40,-5.05,0.05,0.00,0.00,1,288,1,0
"Assets/Synty/PolygonSciFiCity/Prefabs/Environments/SM_Env_Ground_Tile_Floating_Platform_01.prefab","SM_Env_Ground_Tile_Floating_Platform_01",Env,Floor,5.85,2.86,5.85,-5.40,-2.86,-5.45,0.45,0.00,0.40,1,2994,1,0
"Assets/Synty/PolygonSciFiCity/Prefabs/Environments/SM_Env_Ground_Tile_Half_01.prefab","SM_Env_Ground_Tile_Half_01",Env,Floor,2.50,0.03,2.50,-2.50,0.00,-2.50,0.00,0.03,0.00,1,174,1,0
"Assets/Synty/PolygonSciFiCity/Prefabs/Environments/SM_Env_Ground_Tile_Half_02.prefab","SM_Env_Ground_Tile_Half_02",Env,Floor,2.50,0.03,2.50,-2.50,-0.03,-2.50,0.00,0.00,0.00,1,208,1,0
"Assets/Synty/PolygonSciFiCity/Prefabs/Environments/SM_Env_Ground_Tile_Half_03.prefab","SM_Env_Ground_Tile_Half_03",Env,Floor,2.50,0.05,2.50,-2.50,0.00,-2.50,0.00,0.05,0.00,1,214,1,0
"Assets/Synty/PolygonSciFiCity/Prefabs/Environments/SM_Env_Ground_Tile_Half_04.prefab","SM_Env_Ground_Tile_Half_04",Env,Floor,2.50,0.03,2.50,-2.50,-0.03,-2.50,0.00,0.00,0.00,1,82,1,0
"Assets/Synty/PolygonSciFiCity/Prefabs/Environments/SM_Env_Ground_Tile_Half_05.prefab","SM_Env_Ground_Tile_Half_05",Env,Floor,2.50,0.27,2.50,-2.50,-0.23,-2.50,0.00,0.04,0.00,1,292,1,0
"Assets/Synty/PolygonSciFiCity/Prefabs/Environments/SM_Env_Ground_Tile_Supports_01.prefab","SM_Env_Ground_Tile_Supports_01",Env,Floor,4.67,0.61,3.39,-4.84,-0.77,-4.23,-0.16,-0.16,-0.85,1,224,1,0
"Assets/Synty/PolygonSciFiCity/Prefabs/Environments/SM_Env_Ground_Tile_Supports_02.prefab","SM_Env_Ground_Tile_Supports_02",Env,Floor,4.67,0.64,4.67,-4.84,-0.77,-4.88,-0.16,-0.13,-0.20,1,448,1,0
"Assets/Synty/PolygonSciFiCity/Prefabs/Environments/SM_Env_Ground_Tile_Tube_01.prefab","SM_Env_Ground_Tile_Tube_01",Env,Floor,3.98,0.17,0.46,-4.49,-0.17,0.08,-0.51,0.00,0.54,1,132,1,0
"Assets/Synty/PolygonSciFiCity/Prefabs/Environments/SM_Env_Hedge_01.prefab","SM_Env_Hedge_01",Env,Other,3.83,1.75,1.01,-1.91,0.00,-0.50,1.91,1.75,0.50,1,234,1,0
"Assets/Synty/PolygonSciFiCity/Prefabs/Environments/SM_Env_Hedge_02.prefab","SM_Env_Hedge_02",Env,Other,1.01,1.73,1.01,-0.50,0.00,-0.50,0.50,1.73,0.50,1,176,1,0
"Assets/Synty/PolygonSciFiCity/Prefabs/Environments/SM_Env_Hedge_03.prefab","SM_Env_Hedge_03",Env,Other,1.49,2.62,1.51,-0.74,0.00,-0.75,0.74,2.62,0.75,1,236,1,0
"Assets/Synty/PolygonSciFiCity/Prefabs/Environments/SM_Env_Hedge_Empty_01.prefab","SM_Env_Hedge_Empty_01",Env,Other,3.83,1.01,1.01,-1.91,0.00,-0.50,1.91,1.01,0.50,1,136,1,0
"Assets/Synty/PolygonSciFiCity/Prefabs/Environments/SM_Env_Hedge_Empty_02.prefab","SM_Env_Hedge_Empty_02",Env,Other,1.01,1.01,1.01,-0.50,0.00,-0.50,0.50,1.01,0.50,1,108,1,0
"Assets/Synty/PolygonSciFiCity/Prefabs/Environments/SM_Env_Hedge_Empty_03.prefab","SM_Env_Hedge_Empty_03",Env,Other,3.70,1.01,3.87,-1.85,0.00,-1.94,1.85,1.01,1.94,1,108,1,0
"Assets/Synty/PolygonSciFiCity/Prefabs/Environments/SM_Env_Living_Dome_Skybox_01.prefab","SM_Env_Living_Dome_Skybox_01",Env,Other,110.61,110.26,110.52,-55.30,-55.13,-55.26,55.30,55.13,55.26,1,5880,1,0
"Assets/Synty/PolygonSciFiCity/Prefabs/Environments/SM_Env_Ocean_Tile_Bumps_01.prefab","SM_Env_Ocean_Tile_Bumps_01",Env,Floor,30.00,0.43,30.00,-30.00,-0.02,0.00,0.00,0.41,30.00,1,800,1,0
"Assets/Synty/PolygonSciFiCity/Prefabs/Environments/SM_Env_Planet_Rotate_Object_01.prefab","SM_Env_Planet_Rotate_Object_01",Env,Other,172.27,172.27,0.00,-86.14,-86.14,-288.20,86.14,86.14,-288.20,1,200,1,0
"Assets/Synty/PolygonSciFiCity/Prefabs/Environments/SM_Env_Planet_Rotate_Object_02.prefab","SM_Env_Planet_Rotate_Object_02",Env,Other,172.27,172.27,0.00,-86.14,-86.14,-288.20,86.14,86.14,-288.20,1,200,1,0
"Assets/Synty/PolygonSciFiCity/Prefabs/Environments/SM_Env_Railing_01.prefab","SM_Env_Railing_01",Env,Railing,5.00,1.25,0.40,-5.00,-0.09,-0.20,0.00,1.16,0.20,1,176,1,0
"Assets/Synty/PolygonSciFiCity/Prefabs/Environments/SM_Env_Railing_01_Pillar.prefab","SM_Env_Railing_01_Pillar",Env,Pillar,0.40,1.30,0.40,-0.20,-0.10,-0.20,0.20,1.20,0.20,1,124,1,0
"Assets/Synty/PolygonSciFiCity/Prefabs/Environments/SM_Env_Railing_02.prefab","SM_Env_Railing_02",Env,Railing,5.00,1.17,0.30,-5.00,-0.12,-0.15,0.00,1.05,0.15,1,304,1,0
"Assets/Synty/PolygonSciFiCity/Prefabs/Environments/SM_Env_Railing_02_Pillar.prefab","SM_Env_Railing_02_Pillar",Env,Pillar,0.70,1.28,0.70,-0.35,-0.11,-0.35,0.35,1.17,0.35,1,174,1,0
"Assets/Synty/PolygonSciFiCity/Prefabs/Environments/SM_Env_Road_Arrow_01_SF.prefab","SM_Env_Road_Arrow_01_SF",Env,Other,5.00,0.00,5.00,-5.00,0.00,-5.00,0.00,0.00,0.00,1,63,1,0
"Assets/Synty/PolygonSciFiCity/Prefabs/Environments/SM_Env_Road_Arrow_02_SF.prefab","SM_Env_Road_Arrow_02_SF",Env,Other,5.00,0.00,5.00,-5.00,0.00,-5.00,0.00,0.00,0.00,1,81,1,0
"Assets/Synty/PolygonSciFiCity/Prefabs/Environments/SM_Env_Road_Bare_Half_01_SF.prefab","SM_Env_Road_Bare_Half_01_SF",Env,Other,5.00,0.00,2.50,-5.00,0.00,-2.50,0.00,0.00,0.00,1,2,1,0
"Assets/Synty/PolygonSciFiCity/Prefabs/Environments/SM_Env_Road_Crossing_01_SF.prefab","SM_Env_Road_Crossing_01_SF",Env,Other,5.00,0.00,5.00,-5.00,0.00,-5.00,0.00,0.00,0.00,1,136,1,0
"Assets/Synty/PolygonSciFiCity/Prefabs/Environments/SM_Env_Road_Crossing_02_SF.prefab","SM_Env_Road_Crossing_02_SF",Env,Other,5.00,0.00,5.00,-5.00,0.00,-5.00,0.00,0.00,0.00,1,181,1,0
"Assets/Synty/PolygonSciFiCity/Prefabs/Environments/SM_Env_Road_Lines_01_Corner_01.prefab","SM_Env_Road_Lines_01_Corner_01",Env,Other,5.00,0.00,5.00,-5.00,0.00,-5.00,0.00,0.00,0.00,1,26,1,0
"Assets/Synty/PolygonSciFiCity/Prefabs/Environments/SM_Env_Road_Lines_01_Corner_02.prefab","SM_Env_Road_Lines_01_Corner_02",Env,Other,5.00,0.00,5.00,-5.00,0.00,-5.00,0.00,0.00,0.00,1,30,1,0
"Assets/Synty/PolygonSciFiCity/Prefabs/Environments/SM_Env_Road_Lines_01_SF.prefab","SM_Env_Road_Lines_01_SF",Env,Other,5.00,0.00,5.00,-5.00,0.00,-5.00,0.00,0.00,0.00,1,24,1,0
"Assets/Synty/PolygonSciFiCity/Prefabs/Environments/SM_Env_Road_Lines_02_Corner_01.prefab","SM_Env_Road_Lines_02_Corner_01",Env,Other,5.00,0.00,5.00,-5.00,0.00,-5.00,0.00,0.00,0.00,1,47,1,0
"Assets/Synty/PolygonSciFiCity/Prefabs/Environments/SM_Env_Road_Lines_02_Corner_02.prefab","SM_Env_Road_Lines_02_Corner_02",Env,Other,5.00,0.00,5.00,-5.00,0.00,-5.00,0.00,0.00,0.00,1,54,1,0
"Assets/Synty/PolygonSciFiCity/Prefabs/Environments/SM_Env_Road_Lines_02_SF.prefab","SM_Env_Road_Lines_02_SF",Env,Other,5.00,0.00,5.00,-5.00,0.00,-5.00,0.00,0.00,0.00,1,36,1,0
"Assets/Synty/PolygonSciFiCity/Prefabs/Environments/SM_Env_Road_Median_01_SF.prefab","SM_Env_Road_Median_01_SF",Env,Other,5.00,0.00,5.00,-5.00,0.00,-5.00,0.00,0.00,0.00,1,38,1,0
"Assets/Synty/PolygonSciFiCity/Prefabs/Environments/SM_Env_Road_Median_02_SF.prefab","SM_Env_Road_Median_02_SF",Env,Other,5.00,0.00,5.00,-5.00,0.00,-5.00,0.00,0.00,0.00,1,44,1,0
"Assets/Synty/PolygonSciFiCity/Prefabs/Environments/SM_Env_Road_ParkingLines_01_SF.prefab","SM_Env_Road_ParkingLines_01_SF",Env,Other,10.00,0.00,5.00,-10.00,0.00,-5.00,0.00,0.00,0.00,1,84,1,0
"Assets/Synty/PolygonSciFiCity/Prefabs/Environments/SM_Env_Road_Patch_01_SF.prefab","SM_Env_Road_Patch_01_SF",Env,Other,1.79,0.07,1.82,-0.89,0.00,-0.93,0.89,0.07,0.89,1,64,1,0
"Assets/Synty/PolygonSciFiCity/Prefabs/Environments/SM_Env_Road_YellowLines_01_SF.prefab","SM_Env_Road_YellowLines_01_SF",Env,Other,5.00,0.00,5.00,-5.00,0.00,-5.00,0.00,0.00,0.00,1,20,1,0
"Assets/Synty/PolygonSciFiCity/Prefabs/Environments/SM_Env_Road_YellowLines_02_SF.prefab","SM_Env_Road_YellowLines_02_SF",Env,Other,5.00,0.00,5.00,-5.00,0.00,-5.00,0.00,0.00,0.00,1,40,1,0
"Assets/Synty/PolygonSciFiCity/Prefabs/Environments/SM_Env_Sidewalk_01_SF.prefab","SM_Env_Sidewalk_01_SF",Env,Other,5.00,0.03,5.00,-5.00,0.00,-5.00,0.00,0.03,0.00,1,38,1,0
"Assets/Synty/PolygonSciFiCity/Prefabs/Environments/SM_Env_Sidewalk_03_SF.prefab","SM_Env_Sidewalk_03_SF",Env,Other,5.00,0.05,5.00,-5.00,-0.02,-5.00,0.00,0.03,0.00,1,58,1,0
"Assets/Synty/PolygonSciFiCity/Prefabs/Environments/SM_Env_Sidewalk_Corner_01_SF.prefab","SM_Env_Sidewalk_Corner_01_SF",Env,Other,5.00,0.12,5.00,-5.00,-0.04,-5.00,0.00,0.08,0.00,1,134,1,0
"Assets/Synty/PolygonSciFiCity/Prefabs/Environments/SM_Env_Sidewalk_Corner_02_SF.prefab","SM_Env_Sidewalk_Corner_02_SF",Env,Other,5.00,0.10,5.00,-5.00,-0.03,-5.00,0.00,0.07,0.00,1,68,1,0
"Assets/Synty/PolygonSciFiCity/Prefabs/Environments/SM_Env_Sidewalk_Corner_Half_01 1.prefab","SM_Env_Sidewalk_Corner_Half_01 1",Env,Other,2.50,0.12,5.00,-5.00,-0.04,-5.00,-2.50,0.08,0.00,1,124,1,0
"Assets/Synty/PolygonSciFiCity/Prefabs/Environments/SM_Env_Sidewalk_Corner_Half_01.prefab","SM_Env_Sidewalk_Corner_Half_01",Env,Other,2.50,0.12,5.00,-5.00,-0.04,-5.00,-2.50,0.08,0.00,1,124,1,0
"Assets/Synty/PolygonSciFiCity/Prefabs/Environments/SM_Env_Sidewalk_Corner_Half_01_SF.prefab","SM_Env_Sidewalk_Corner_Half_01_SF",Env,Other,5.00,0.07,5.00,-5.00,0.00,-5.00,0.00,0.07,0.00,1,93,1,0
"Assets/Synty/PolygonSciFiCity/Prefabs/Environments/SM_Env_Sidewalk_Grate_02_SF.prefab","SM_Env_Sidewalk_Grate_02_SF",Env,Other,5.00,0.11,5.00,-5.00,-0.07,-5.00,0.00,0.04,0.00,1,272,1,0
"Assets/Synty/PolygonSciFiCity/Prefabs/Environments/SM_Env_Sidewalk_Merger_01_SF.prefab","SM_Env_Sidewalk_Merger_01_SF",Env,Other,10.00,0.07,5.00,-5.00,0.00,-5.00,5.00,0.07,0.00,1,98,1,0
"Assets/Synty/PolygonSciFiCity/Prefabs/Environments/SM_Env_Sidewalk_Merger_02_SF.prefab","SM_Env_Sidewalk_Merger_02_SF",Env,Other,10.00,0.07,5.00,-5.00,0.00,-5.00,5.00,0.07,0.00,1,95,1,0
"Assets/Synty/PolygonSciFiCity/Prefabs/Environments/SM_Env_Sidewalk_Merger_Half_01_SF.prefab","SM_Env_Sidewalk_Merger_Half_01_SF",Env,Other,5.00,0.07,5.00,-5.00,0.00,-5.00,0.00,0.07,0.00,1,67,1,0
"Assets/Synty/PolygonSciFiCity/Prefabs/Environments/SM_Env_Sidewalk_Panel_01_SF.prefab","SM_Env_Sidewalk_Panel_01_SF",Env,Other,5.00,0.26,5.00,-5.00,-0.19,-5.00,0.00,0.07,0.00,1,254,1,0
"Assets/Synty/PolygonSciFiCity/Prefabs/Environments/SM_Env_Sidewalk_Raised_01.prefab","SM_Env_Sidewalk_Raised_01",Env,Other,5.00,0.29,5.00,-5.00,0.00,-5.00,0.00,0.29,0.00,1,54,1,0
"Assets/Synty/PolygonSciFiCity/Prefabs/Environments/SM_Env_Sidewalk_Raised_02.prefab","SM_Env_Sidewalk_Raised_02",Env,Other,5.00,0.29,5.00,-5.00,0.00,-5.00,0.00,0.29,0.00,1,54,1,0
"Assets/Synty/PolygonSciFiCity/Prefabs/Environments/SM_Env_Sidewalk_Straight_01_SF.prefab","SM_Env_Sidewalk_Straight_01_SF",Env,Other,5.00,0.07,5.00,-5.00,0.00,-5.00,0.00,0.07,0.00,1,101,1,0
"Assets/Synty/PolygonSciFiCity/Prefabs/Environments/SM_Env_Sidewalk_Straight_02_SF.prefab","SM_Env_Sidewalk_Straight_02_SF",Env,Other,5.00,0.07,5.00,-5.00,0.00,-5.00,0.00,0.07,0.00,1,93,1,0
"Assets/Synty/PolygonSciFiCity/Prefabs/Environments/SM_Env_Sidewalk_Straight_03_SF.prefab","SM_Env_Sidewalk_Straight_03_SF",Env,Other,5.00,0.07,5.00,-5.00,0.00,-5.00,0.00,0.07,0.00,1,118,1,0
"Assets/Synty/PolygonSciFiCity/Prefabs/Environments/SM_Env_Sidewalk_Straight_04_SF.prefab","SM_Env_Sidewalk_Straight_04_SF",Env,Other,5.00,0.14,5.00,-5.00,-0.07,-5.00,0.00,0.07,0.00,1,383,1,0
"Assets/Synty/PolygonSciFiCity/Prefabs/Environments/SM_Env_Sidewalk_Straight_Half_01_SF.prefab","SM_Env_Sidewalk_Straight_Half_01_SF",Env,Other,5.00,0.07,2.50,-5.00,0.00,-5.00,0.00,0.07,-2.50,1,83,1,0
"Assets/Synty/PolygonSciFiCity/Prefabs/Environments/SM_Env_Small_Rocks_01.prefab","SM_Env_Small_Rocks_01",Env,Other,1.31,0.09,1.63,-0.82,-0.03,-0.81,0.48,0.07,0.82,1,180,1,0
"Assets/Synty/PolygonSciFiCity/Prefabs/Environments/SM_Env_Small_Rocks_02.prefab","SM_Env_Small_Rocks_02",Env,Other,2.04,0.09,1.97,-1.01,-0.03,-1.01,1.03,0.07,0.96,1,200,1,0
"Assets/Synty/PolygonSciFiCity/Prefabs/Environments/SM_Env_TreeDead_01.prefab","SM_Env_TreeDead_01",Env,Other,2.03,5.24,3.00,-1.47,-0.09,-1.29,0.56,5.15,1.72,1,306,1,0
"Assets/Synty/PolygonSciFiCity/Prefabs/Environments/SM_Env_Tree_01.prefab","SM_Env_Tree_01",Env,Other,2.60,9.09,4.64,-1.30,0.00,-2.32,1.30,9.09,2.32,1,764,1,0
"Assets/Synty/PolygonSciFiCity/Prefabs/Environments/SM_Env_Tree_02.prefab","SM_Env_Tree_02",Env,Other,0.91,3.74,0.95,-0.46,0.00,-0.47,0.46,3.74,0.47,1,112,1,0
"Assets/Synty/PolygonSciFiCity/Prefabs/Environments/SM_Env_Tree_03.prefab","SM_Env_Tree_03",Env,Other,0.99,4.17,0.91,-0.50,0.00,-0.46,0.50,4.17,0.46,1,112,1,0
"Assets/Synty/PolygonSciFiCity/Prefabs/Environments/SM_Env_Wall_Generic_01.prefab","SM_Env_Wall_Generic_01",Env,Wall,5.00,2.94,0.26,-5.00,0.00,0.00,0.00,2.94,0.26,1,129,1,0
"Assets/Synty/PolygonSciFiCity/Prefabs/Environments/SkyDome.prefab","SkyDome",Other,Other,65.88,26.22,65.88,-32.94,-0.10,-32.94,32.94,26.13,32.94,4,264,1,0
"Assets/Synty/PolygonSciFiCity/Prefabs/FX/FX_Beacon_01.prefab","FX_Beacon_01",Beacon,Other,0.00,0.00,0.00,0.00,0.00,0.00,0.00,0.00,0.00,0,0,0,0
"Assets/Synty/PolygonSciFiCity/Prefabs/FX/FX_Blackhole_01.prefab","FX_Blackhole_01",Blackhole,Other,0.00,0.00,0.00,0.00,0.00,0.00,0.00,0.00,0.00,0,0,0,0
"Assets/Synty/PolygonSciFiCity/Prefabs/FX/FX_Electricity_01.prefab","FX_Electricity_01",Electricity,Other,0.00,0.00,0.00,0.00,0.00,0.00,0.00,0.00,0.00,0,0,0,0
"Assets/Synty/PolygonSciFiCity/Prefabs/FX/FX_Exhaust_Trail_01.prefab","FX_Exhaust_Trail_01",Exhaust,Other,0.00,0.00,0.00,0.00,0.00,0.00,0.00,0.00,0.00,0,0,0,0
"Assets/Synty/PolygonSciFiCity/Prefabs/FX/FX_Fire_01.prefab","FX_Fire_01",Fire,Other,0.00,0.00,0.00,0.00,0.00,0.00,0.00,0.00,0.00,0,0,0,0
"Assets/Synty/PolygonSciFiCity/Prefabs/FX/FX_Fire_02.prefab","FX_Fire_02",Fire,Other,0.00,0.00,0.00,0.00,0.00,0.00,0.00,0.00,0.00,0,0,0,0
"Assets/Synty/PolygonSciFiCity/Prefabs/FX/FX_Flame_01.prefab","FX_Flame_01",Flame,Other,0.16,0.24,0.16,-0.08,-0.24,-0.08,0.08,0.00,0.08,1,84,1,0
"Assets/Synty/PolygonSciFiCity/Prefabs/FX/FX_Flame_Booster_01.prefab","FX_Flame_Booster_01",Flame,Other,0.00,0.00,0.00,0.00,0.00,0.00,0.00,0.00,0.00,0,0,0,0
"Assets/Synty/PolygonSciFiCity/Prefabs/FX/FX_Hologram_Base_01.prefab","FX_Hologram_Base_01",Hologram,Other,0.00,0.00,0.00,0.00,0.00,0.00,0.00,0.00,0.00,0,0,0,0
"Assets/Synty/PolygonSciFiCity/Prefabs/FX/FX_Laser_Bullet_01.prefab","FX_Laser_Bullet_01",Laser,Other,0.00,0.00,0.00,0.00,0.00,0.00,0.00,0.00,0.00,0,0,0,0
"Assets/Synty/PolygonSciFiCity/Prefabs/FX/FX_Laser_Shot_01.prefab","FX_Laser_Shot_01",Laser,Other,0.00,0.00,0.00,0.00,0.00,0.00,0.00,0.00,0.00,0,0,0,0
"Assets/Synty/PolygonSciFiCity/Prefabs/FX/FX_Laser_Shotgun_01.prefab","FX_Laser_Shotgun_01",Laser,Other,0.00,0.00,0.00,0.00,0.00,0.00,0.00,0.00,0.00,0,0,0,0
"Assets/Synty/PolygonSciFiCity/Prefabs/FX/FX_LightRayCube_01.prefab","FX_LightRayCube_01",LightRayCube,Other,1.83,1.83,1.83,-0.91,-1.83,-0.91,0.91,0.00,0.91,1,10,1,1
"Assets/Synty/PolygonSciFiCity/Prefabs/FX/FX_Rain_01.prefab","FX_Rain_01",Rain,Other,0.00,0.00,0.00,0.00,0.00,0.00,0.00,0.00,0.00,0,0,0,0
"Assets/Synty/PolygonSciFiCity/Prefabs/FX/FX_RingLight_01.prefab","FX_RingLight_01",RingLight,Other,0.00,0.00,0.00,0.00,0.00,0.00,0.00,0.00,0.00,0,0,0,0
"Assets/Synty/PolygonSciFiCity/Prefabs/FX/FX_Smoke_Drift_01.prefab","FX_Smoke_Drift_01",Smoke,Other,0.00,0.00,0.00,0.00,0.00,0.00,0.00,0.00,0.00,0,0,0,0
"Assets/Synty/PolygonSciFiCity/Prefabs/FX/FX_Smoke_Small_Light_01.prefab","FX_Smoke_Small_Light_01",Smoke,Other,0.00,0.00,0.00,0.00,0.00,0.00,0.00,0.00,0.00,0,0,0,0
"Assets/Synty/PolygonSciFiCity/Prefabs/FX/FX_Steam_01.prefab","FX_Steam_01",Steam,Other,0.00,0.00,0.00,0.00,0.00,0.00,0.00,0.00,0.00,0,0,0,0
"Assets/Synty/PolygonSciFiCity/Prefabs/Icons/SM_Icon_Ammo_01.prefab","SM_Icon_Ammo_01",Icon,Other,0.29,0.30,0.05,-0.15,-0.15,-0.02,0.15,0.15,0.02,1,228,1,0
"Assets/Synty/PolygonSciFiCity/Prefabs/Icons/SM_Icon_Gun_01.prefab","SM_Icon_Gun_01",Icon,Other,0.30,0.22,0.05,-0.15,-0.11,-0.02,0.15,0.11,0.02,1,186,1,0
"Assets/Synty/PolygonSciFiCity/Prefabs/Icons/SM_Icon_Health_01.prefab","SM_Icon_Health_01",Icon,Other,0.30,0.30,0.05,-0.15,-0.15,-0.02,0.15,0.15,0.02,1,76,1,0
"Assets/Synty/PolygonSciFiCity/Prefabs/Icons/SM_Icon_Lightning_01.prefab","SM_Icon_Lightning_01",Icon,Other,0.20,0.30,0.05,-0.10,-0.15,-0.02,0.10,0.15,0.02,1,40,1,0
"Assets/Synty/PolygonSciFiCity/Prefabs/Icons/SM_Icon_Spanners_01.prefab","SM_Icon_Spanners_01",Icon,Other,0.30,0.30,0.05,-0.15,-0.15,-0.02,0.15,0.15,0.02,1,196,1,0
"Assets/Synty/PolygonSciFiCity/Prefabs/Props/SM_Prop_Advertisement_Pillar_01.prefab","SM_Prop_Advertisement_Pillar_01",Prop,Pillar,1.50,2.57,1.50,-0.75,0.00,-0.75,0.75,2.57,0.75,1,928,1,0
"Assets/Synty/PolygonSciFiCity/Prefabs/Props/SM_Prop_AirConditioningGrid_01.prefab","SM_Prop_AirConditioningGrid_01",Prop,Other,4.88,2.36,0.72,0.05,0.02,-0.10,4.92,2.39,0.62,1,2766,1,0
"Assets/Synty/PolygonSciFiCity/Prefabs/Props/SM_Prop_AirConditioningUnit_01.prefab","SM_Prop_AirConditioningUnit_01",Prop,Other,0.94,0.70,0.64,-0.50,0.00,0.00,0.44,0.70,0.64,1,232,1,0
"Assets/Synty/PolygonSciFiCity/Prefabs/Props/SM_Prop_AirConditioningUnit_02.prefab","SM_Prop_AirConditioningUnit_02",Prop,Other,0.93,0.62,0.64,-0.46,0.00,0.00,0.46,0.62,0.64,1,240,1,0
"Assets/Synty/PolygonSciFiCity/Prefabs/Props/SM_Prop_Antenna.prefab","SM_Prop_Antenna",Prop,Other,0.51,2.04,0.44,-0.25,0.00,-0.22,0.25,2.04,0.22,1,192,1,0
"Assets/Synty/PolygonSciFiCity/Prefabs/Props/SM_Prop_Atm_01.prefab","SM_Prop_Atm_01",Prop,Other,0.90,2.27,1.19,-0.45,0.00,-0.61,0.45,2.27,0.58,1,762,1,0
"Assets/Synty/PolygonSciFiCity/Prefabs/Props/SM_Prop_Bank_Booth_01.prefab","SM_Prop_Bank_Booth_01",Prop,Other,2.50,3.00,1.30,-2.50,0.00,-0.93,0.00,3.00,0.37,2,972,2,0
"Assets/Synty/PolygonSciFiCity/Prefabs/Props/SM_Prop_Bank_Booth_Pillar_01.prefab","SM_Prop_Bank_Booth_Pillar_01",Prop,Pillar,0.49,3.00,0.95,-0.24,0.00,-0.52,0.24,3.00,0.43,1,134,1,0
"Assets/Synty/PolygonSciFiCity/Prefabs/Props/SM_Prop_Bank_Door_01.prefab","SM_Prop_Bank_Door_01",Prop,Door,2.64,3.00,1.16,-4.94,0.00,-1.01,-2.30,3.00,0.15,3,537,1,0
"Assets/Synty/PolygonSciFiCity/Prefabs/Props/SM_Prop_BarChair_01.prefab","SM_Prop_BarChair_01",Prop,Other,0.55,0.95,0.50,-0.28,0.00,-0.29,0.28,0.95,0.21,1,240,1,0
"Assets/Synty/PolygonSciFiCity/Prefabs/Props/SM_Prop_Barrier_01.prefab","SM_Prop_Barrier_01",Prop,Railing,0.54,0.90,1.99,-0.27,0.00,-0.99,0.27,0.90,0.99,1,136,1,0
"Assets/Synty/PolygonSciFiCity/Prefabs/Props/SM_Prop_Barrier_02.prefab","SM_Prop_Barrier_02",Prop,Railing,0.54,0.90,2.01,-0.27,0.00,-1.00,0.27,0.90,1.00,1,188,1,0
"Assets/Synty/PolygonSciFiCity/Prefabs/Props/SM_Prop_Barrier_03.prefab","SM_Prop_Barrier_03",Prop,Railing,0.54,0.90,2.01,-0.27,0.00,-1.00,0.27,0.90,1.00,1,246,1,0
"Assets/Synty/PolygonSciFiCity/Prefabs/Props/SM_Prop_Barrier_Plastic_01.prefab","SM_Prop_Barrier_Plastic_01",Prop,Railing,0.65,1.02,2.29,-0.33,0.00,-1.15,0.33,1.02,1.15,1,460,1,0
"Assets/Synty/PolygonSciFiCity/Prefabs/Props/SM_Prop_Barrier_Plastic_02.prefab","SM_Prop_Barrier_Plastic_02",Prop,Railing,0.65,1.02,2.29,-0.33,0.00,-1.15,0.33,1.02,1.15,1,460,1,0
"Assets/Synty/PolygonSciFiCity/Prefabs/Props/SM_Prop_Barrier_Plastic_03.prefab","SM_Prop_Barrier_Plastic_03",Prop,Railing,0.65,1.02,2.29,-0.33,0.00,-1.15,0.33,1.02,1.15,1,460,1,0
"Assets/Synty/PolygonSciFiCity/Prefabs/Props/SM_Prop_Barrier_Pole_01.prefab","SM_Prop_Barrier_Pole_01",Prop,Railing,0.11,1.10,0.11,-0.05,0.00,-0.05,0.05,1.10,0.05,1,166,1,0
"Assets/Synty/PolygonSciFiCity/Prefabs/Props/SM_Prop_Barrier_line_01.prefab","SM_Prop_Barrier_line_01",Prop,Railing,0.48,1.10,0.48,-0.24,0.00,-0.24,0.24,1.10,0.24,1,284,1,0
"Assets/Synty/PolygonSciFiCity/Prefabs/Props/SM_Prop_Beam_01.prefab","SM_Prop_Beam_01",Prop,Pillar,3.07,4.13,0.59,-2.69,0.00,-0.29,0.38,4.13,0.29,1,60,1,0
"Assets/Synty/PolygonSciFiCity/Prefabs/Props/SM_Prop_Beam_02.prefab","SM_Prop_Beam_02",Prop,Pillar,2.16,3.00,0.28,-1.94,0.00,-0.14,0.23,3.00,0.14,1,104,1,0
"Assets/Synty/PolygonSciFiCity/Prefabs/Props/SM_Prop_Beams_01.prefab","SM_Prop_Beams_01",Prop,Pillar,0.75,0.75,5.07,-0.38,-0.38,-0.04,0.38,0.38,5.03,1,512,1,0
"Assets/Synty/PolygonSciFiCity/Prefabs/Props/SM_Prop_BenchSeat_01.prefab","SM_Prop_BenchSeat_01",Prop,Other,2.73,0.68,0.60,-1.36,0.00,-0.30,1.36,0.68,0.30,1,120,1,0
"Assets/Synty/PolygonSciFiCity/Prefabs/Props/SM_Prop_Bench_01.prefab","SM_Prop_Bench_01",Prop,Other,2.50,0.46,0.60,-1.25,0.00,-0.30,1.25,0.46,0.30,1,188,1,0
"Assets/Synty/PolygonSciFiCity/Prefabs/Props/SM_Prop_Books_01.prefab","SM_Prop_Books_01",Prop,Other,0.36,0.11,0.51,-0.18,0.00,-0.25,0.18,0.11,0.26,1,62,1,0
"Assets/Synty/PolygonSciFiCity/Prefabs/Props/SM_Prop_Bottle_01.prefab","SM_Prop_Bottle_01",Prop,Other,0.12,0.39,0.12,-0.06,0.00,-0.06,0.06,0.39,0.06,1,216,1,0
"Assets/Synty/PolygonSciFiCity/Prefabs/Props/SM_Prop_Bottle_02.prefab","SM_Prop_Bottle_02",Prop,Other,0.12,0.39,0.12,-0.06,0.00,-0.06,0.06,0.39,0.06,1,216,1,0
"Assets/Synty/PolygonSciFiCity/Prefabs/Props/SM_Prop_Bottle_03.prefab","SM_Prop_Bottle_03",Prop,Other,0.12,0.39,0.12,-0.06,0.00,-0.06,0.06,0.39,0.06,1,216,1,0
"Assets/Synty/PolygonSciFiCity/Prefabs/Props/SM_Prop_Bottles_01.prefab","SM_Prop_Bottles_01",Prop,Other,2.66,1.49,0.18,-1.68,0.13,0.01,0.97,1.62,0.19,1,4832,1,0
"Assets/Synty/PolygonSciFiCity/Prefabs/Props/SM_Prop_Box_Empty_01.prefab","SM_Prop_Box_Empty_01",Prop,Other,0.80,0.52,0.60,-0.40,0.00,-0.26,0.41,0.52,0.34,1,84,1,0
"Assets/Synty/PolygonSciFiCity/Prefabs/Props/SM_Prop_Box_RobotParts_01.prefab","SM_Prop_Box_RobotParts_01",Prop,Other,0.80,0.67,1.17,-0.40,0.00,-0.58,0.40,0.67,0.58,1,2258,1,0
"Assets/Synty/PolygonSciFiCity/Prefabs/Props/SM_Prop_Box_Supplies_01.prefab","SM_Prop_Box_Supplies_01",Prop,Other,0.80,0.78,0.73,-0.40,0.00,-0.36,0.41,0.78,0.36,1,428,1,0
"Assets/Synty/PolygonSciFiCity/Prefabs/Props/SM_Prop_Bridge_01.prefab","SM_Prop_Bridge_01",Prop,Other,5.00,0.90,1.90,0.00,-0.19,-0.95,5.00,0.71,0.95,1,416,1,0
"Assets/Synty/PolygonSciFiCity/Prefabs/Props/SM_Prop_Cable_Crossing_Machine_01.prefab","SM_Prop_Cable_Crossing_Machine_01",Prop,Other,0.81,1.10,2.67,-0.40,-0.65,-1.34,0.40,0.45,1.34,1,520,1,0
"Assets/Synty/PolygonSciFiCity/Prefabs/Props/SM_Prop_Cable_Crossing_Pillar_01.prefab","SM_Prop_Cable_Crossing_Pillar_01",Prop,Pillar,1.14,3.96,0.90,-0.57,0.00,-0.61,0.57,3.96,0.29,1,628,1,0
"Assets/Synty/PolygonSciFiCity/Prefabs/Props/SM_Prop_Cable_Crossing_Rail_01.prefab","SM_Prop_Cable_Crossing_Rail_01",Prop,Railing,0.55,0.80,5.00,-0.28,-0.47,0.00,0.28,0.32,5.00,1,176,1,0
"Assets/Synty/PolygonSciFiCity/Prefabs/Props/SM_Prop_Cables_01.prefab","SM_Prop_Cables_01",Prop,Other,7.31,1.11,0.03,-7.30,-1.11,0.00,0.01,0.00,0.03,1,64,1,0
"Assets/Synty/PolygonSciFiCity/Prefabs/Props/SM_Prop_Cables_02.prefab","SM_Prop_Cables_02",Prop,Other,7.31,0.40,0.03,-7.31,-0.40,0.00,0.00,0.00,0.03,1,64,1,0
"Assets/Synty/PolygonSciFiCity/Prefabs/Props/SM_Prop_Cables_03.prefab","SM_Prop_Cables_03",Prop,Other,7.31,0.77,0.03,-7.30,-0.77,0.00,0.01,0.00,0.03,1,64,1,0
"Assets/Synty/PolygonSciFiCity/Prefabs/Props/SM_Prop_Cables_Ceiling_01.prefab","SM_Prop_Cables_Ceiling_01",Prop,Other,4.75,1.28,1.66,-2.38,-1.13,-0.83,2.38,0.15,0.83,1,216,1,0
"Assets/Synty/PolygonSciFiCity/Prefabs/Props/SM_Prop_Cage_01.prefab","SM_Prop_Cage_01",Prop,Other,0.69,0.54,0.67,-0.34,0.00,-0.34,0.34,0.54,0.34,1,284,1,0
"Assets/Synty/PolygonSciFiCity/Prefabs/Props/SM_Prop_Cage_02.prefab","SM_Prop_Cage_02",Prop,Other,0.69,0.88,0.67,-0.34,0.00,-0.34,0.34,0.88,0.34,1,306,1,0
"Assets/Synty/PolygonSciFiCity/Prefabs/Props/SM_Prop_Cage_03.prefab","SM_Prop_Cage_03",Prop,Other,0.69,0.88,0.67,-0.34,0.00,-0.34,0.34,0.88,0.34,1,346,1,0
"Assets/Synty/PolygonSciFiCity/Prefabs/Props/SM_Prop_Carpet_Mat_01.prefab","SM_Prop_Carpet_Mat_01",Prop,Other,2.54,0.10,3.80,-1.28,0.00,-1.91,1.26,0.10,1.89,1,196,1,0
"Assets/Synty/PolygonSciFiCity/Prefabs/Props/SM_Prop_Chain_01.prefab","SM_Prop_Chain_01",Prop,Other,0.09,2.58,0.09,-0.04,-2.53,-0.04,0.04,0.05,0.04,1,384,1,0
"Assets/Synty/PolygonSciFiCity/Prefabs/Props/SM_Prop_Chain_02.prefab","SM_Prop_Chain_02",Prop,Other,1.72,0.86,0.09,-1.69,-0.81,-0.04,0.03,0.06,0.04,1,384,1,0
"Assets/Synty/PolygonSciFiCity/Prefabs/Props/SM_Prop_Chain_03.prefab","SM_Prop_Chain_03",Prop,Other,2.20,0.68,0.09,-2.15,-0.62,-0.04,0.05,0.06,0.04,1,384,1,0
"Assets/Synty/PolygonSciFiCity/Prefabs/Props/SM_Prop_ChargingStation_01.prefab","SM_Prop_ChargingStation_01",Prop,Other,0.47,2.27,1.21,-0.23,0.00,-0.61,0.23,2.27,0.61,1,428,1,0
"Assets/Synty/PolygonSciFiCity/Prefabs/Props/SM_Prop_Cog_01.prefab","SM_Prop_Cog_01",Prop,Other,0.38,0.04,0.38,-0.19,0.00,-0.19,0.19,0.04,0.19,1,144,1,0
"Assets/Synty/PolygonSciFiCity/Prefabs/Props/SM_Prop_Cog_02.prefab","SM_Prop_Cog_02",Prop,Other,0.24,0.04,0.24,-0.12,0.00,-0.12,0.12,0.04,0.12,1,96,1,0
"Assets/Synty/PolygonSciFiCity/Prefabs/Props/SM_Prop_ControlPanel_01.prefab","SM_Prop_ControlPanel_01",Prop,Other,0.38,1.09,0.69,-0.19,0.00,-0.34,0.19,1.09,0.34,1,236,1,0
"Assets/Synty/PolygonSciFiCity/Prefabs/Props/SM_Prop_ControlPanel_02.prefab","SM_Prop_ControlPanel_02",Prop,Other,0.38,0.86,0.57,-0.19,0.24,-0.07,0.19,1.09,0.50,1,216,1,0
"Assets/Synty/PolygonSciFiCity/Prefabs/Props/SM_Prop_Couch_01.prefab","SM_Prop_Couch_01",Prop,Other,2.42,1.05,0.90,-1.21,0.00,-0.45,1.21,1.05,0.45,1,549,1,0
"Assets/Synty/PolygonSciFiCity/Prefabs/Props/SM_Prop_Crate_01.prefab","SM_Prop_Crate_01",Prop,Other,0.85,0.73,0.85,-0.42,0.00,-0.42,0.42,0.73,0.42,2,722,1,0
"Assets/Synty/PolygonSciFiCity/Prefabs/Props/SM_Prop_Crate_02.prefab","SM_Prop_Crate_02",Prop,Other,0.85,0.73,0.85,-0.42,0.00,-0.42,0.42,0.73,0.42,2,658,1,0
"Assets/Synty/PolygonSciFiCity/Prefabs/Props/SM_Prop_Crate_03.prefab","SM_Prop_Crate_03",Prop,Other,1.46,1.46,1.46,-0.73,0.00,-0.73,0.73,1.46,0.73,1,428,1,0
"Assets/Synty/PolygonSciFiCity/Prefabs/Props/SM_Prop_Crate_04.prefab","SM_Prop_Crate_04",Prop,Other,2.35,1.15,1.15,-1.18,0.00,-0.57,1.18,1.15,0.57,1,428,1,0
"Assets/Synty/PolygonSciFiCity/Prefabs/Props/SM_Prop_Crate_Large_01.prefab","SM_Prop_Crate_Large_01",Prop,Other,1.59,0.55,0.64,-0.79,0.00,-0.32,0.79,0.55,0.32,1,520,1,0
"Assets/Synty/PolygonSciFiCity/Prefabs/Props/SM_Prop_Crate_Military_01.prefab","SM_Prop_Crate_Military_01",Prop,Other,1.08,0.40,0.72,-0.54,0.00,-0.36,0.54,0.40,0.36,2,625,1,0
"Assets/Synty/PolygonSciFiCity/Prefabs/Props/SM_Prop_Crate_Military_02.prefab","SM_Prop_Crate_Military_02",Prop,Other,1.08,0.40,0.72,-0.54,0.00,-0.36,0.54,0.40,0.36,2,625,1,0
"Assets/Synty/PolygonSciFiCity/Prefabs/Props/SM_Prop_Crate_Military_03.prefab","SM_Prop_Crate_Military_03",Prop,Other,0.85,0.34,0.54,-0.42,0.00,-0.27,0.42,0.34,0.27,2,556,1,0
"Assets/Synty/PolygonSciFiCity/Prefabs/Props/SM_Prop_Cylinder_01.prefab","SM_Prop_Cylinder_01",Prop,Other,0.44,0.80,0.48,-0.22,0.00,-0.24,0.22,0.80,0.24,2,498,1,0
"Assets/Synty/PolygonSciFiCity/Prefabs/Props/SM_Prop_Cylinder_02.prefab","SM_Prop_Cylinder_02",Prop,Other,0.44,0.82,0.48,-0.22,0.00,-0.24,0.22,0.82,0.24,1,464,1,0
"Assets/Synty/PolygonSciFiCity/Prefabs/Props/SM_Prop_DeadZub_01.prefab","SM_Prop_DeadZub_01",Prop,Other,0.57,0.30,1.16,-0.28,-0.02,-0.66,0.28,0.28,0.50,1,1534,1,0
"Assets/Synty/PolygonSciFiCity/Prefabs/Props/SM_Prop_DeadZub_02.prefab","SM_Prop_DeadZub_02",Prop,Other,0.65,0.29,0.99,-0.32,-0.01,-0.51,0.32,0.28,0.47,1,1534,1,0
"Assets/Synty/PolygonSciFiCity/Prefabs/Props/SM_Prop_DeadZub_03.prefab","SM_Prop_DeadZub_03",Prop,Other,0.57,0.43,0.58,-0.28,-0.01,-0.25,0.28,0.42,0.33,1,1534,1,0
"Assets/Synty/PolygonSciFiCity/Prefabs/Props/SM_Prop_DeadZub_04.prefab","SM_Prop_DeadZub_04",Prop,Other,0.28,0.23,0.32,-0.14,-0.01,-0.11,0.14,0.23,0.21,1,422,1,0
"Assets/Synty/PolygonSciFiCity/Prefabs/Props/SM_Prop_Detail_01.prefab","SM_Prop_Detail_01",Prop,Other,1.45,0.22,1.45,-0.73,0.00,-0.73,0.73,0.22,0.73,1,152,1,0
"Assets/Synty/PolygonSciFiCity/Prefabs/Props/SM_Prop_Disc_01.prefab","SM_Prop_Disc_01",Prop,Other,0.95,0.21,0.95,-0.48,0.00,-0.48,0.48,0.21,0.48,1,142,1,0
"Assets/Synty/PolygonSciFiCity/Prefabs/Props/SM_Prop_Door_01.prefab","SM_Prop_Door_01",Prop,Door,1.86,2.36,0.64,-0.93,0.00,-0.30,0.93,2.36,0.34,1,268,1,0
"Assets/Synty/PolygonSciFiCity/Prefabs/Props/SM_Prop_Door_02.prefab","SM_Prop_Door_02",Prop,Door,1.92,2.36,0.99,-0.99,0.00,-0.29,0.93,2.36,0.70,1,484,1,0
"Assets/Synty/PolygonSciFiCity/Prefabs/Props/SM_Prop_Door_03.prefab","SM_Prop_Door_03",Prop,Door,1.16,2.59,0.17,0.00,0.00,-0.08,1.16,2.59,0.08,2,88,2,0
"Assets/Synty/PolygonSciFiCity/Prefabs/Props/SM_Prop_Door_04.prefab","SM_Prop_Door_04",Prop,Door,1.45,2.42,0.22,-0.72,0.00,-0.11,0.72,2.42,0.11,1,172,1,0
"Assets/Synty/PolygonSciFiCity/Prefabs/Props/SM_Prop_Door_05.prefab","SM_Prop_Door_05",Prop,Door,1.55,2.52,0.63,-0.78,0.00,-0.49,0.78,2.52,0.14,1,128,1,0
"Assets/Synty/PolygonSciFiCity/Prefabs/Props/SM_Prop_Door_Chopshop_01.prefab","SM_Prop_Door_Chopshop_01",Prop,Door,1.08,2.25,0.07,-0.54,0.00,-0.04,0.54,2.25,0.04,1,140,1,0
"Assets/Synty/PolygonSciFiCity/Prefabs/Props/SM_Prop_Drone_01.prefab","SM_Prop_Drone_01",Prop,Other,1.59,2.55,1.26,-0.80,-0.67,-0.83,0.80,1.88,0.44,1,650,1,0
"Assets/Synty/PolygonSciFiCity/Prefabs/Props/SM_Prop_Drone_02.prefab","SM_Prop_Drone_02",Prop,Other,1.59,2.18,1.26,-0.80,-0.67,-0.83,0.80,1.51,0.44,1,650,1,0
"Assets/Synty/PolygonSciFiCity/Prefabs/Props/SM_Prop_Drone_Ball_01.prefab","SM_Prop_Drone_Ball_01",Prop,Other,0.70,0.55,0.60,-0.35,-0.28,-0.30,0.35,0.28,0.30,1,1174,1,0
"Assets/Synty/PolygonSciFiCity/Prefabs/Props/SM_Prop_Drone_Insect_01.prefab","SM_Prop_Drone_Insect_01",Prop,Other,1.53,1.07,0.99,-0.76,-0.54,-0.49,0.76,0.54,0.49,1,1972,1,0
"Assets/Synty/PolygonSciFiCity/Prefabs/Props/SM_Prop_Drone_Quad_01.prefab","SM_Prop_Drone_Quad_01",Prop,Other,1.25,0.46,1.17,-0.62,-0.23,-0.58,0.62,0.23,0.58,1,2154,1,0
"Assets/Synty/PolygonSciFiCity/Prefabs/Props/SM_Prop_Dumpster_01.prefab","SM_Prop_Dumpster_01",Prop,Other,2.48,1.51,1.55,-1.24,0.00,-0.77,1.24,1.51,0.77,2,1042,1,0
"Assets/Synty/PolygonSciFiCity/Prefabs/Props/SM_Prop_Fence_01.prefab","SM_Prop_Fence_01",Prop,Railing,1.03,2.82,2.12,-0.52,0.00,-1.06,0.52,2.82,1.06,1,504,1,0
"Assets/Synty/PolygonSciFiCity/Prefabs/Props/SM_Prop_Flags_01.prefab","SM_Prop_Flags_01",Prop,Other,1.69,0.44,0.05,-0.84,-0.22,-0.02,0.84,0.22,0.02,1,224,1,0
"Assets/Synty/PolygonSciFiCity/Prefabs/Props/SM_Prop_FoodTray_01.prefab","SM_Prop_FoodTray_01",Prop,Other,0.73,0.26,0.51,-0.36,0.00,-0.26,0.36,0.26,0.26,1,590,1,0
"Assets/Synty/PolygonSciFiCity/Prefabs/Props/SM_Prop_FoodTray_02.prefab","SM_Prop_FoodTray_02",Prop,Other,0.49,0.33,0.75,-0.24,0.00,-0.37,0.24,0.33,0.37,1,558,1,0
"Assets/Synty/PolygonSciFiCity/Prefabs/Props/SM_Prop_FoodTray_03.prefab","SM_Prop_FoodTray_03",Prop,Other,0.49,0.33,0.75,-0.24,0.00,-0.37,0.24,0.33,0.37,1,558,1,0
"Assets/Synty/PolygonSciFiCity/Prefabs/Props/SM_Prop_FoodTray_04.prefab","SM_Prop_FoodTray_04",Prop,Other,0.49,0.25,0.73,-0.24,0.00,-0.36,0.24,0.25,0.36,1,514,1,0
"Assets/Synty/PolygonSciFiCity/Prefabs/Props/SM_Prop_Food_01.prefab","SM_Prop_Food_01",Prop,Other,0.47,0.28,0.64,-0.24,-0.14,-0.32,0.24,0.14,0.32,1,434,1,0
"Assets/Synty/PolygonSciFiCity/Prefabs/Props/SM_Prop_Glass_01.prefab","SM_Prop_Glass_01",Prop,Other,0.10,0.10,0.10,-0.05,0.00,-0.05,0.05,0.10,0.05,2,118,2,0
"Assets/Synty/PolygonSciFiCity/Prefabs/Props/SM_Prop_Glass_02.prefab","SM_Prop_Glass_02",Prop,Other,0.16,0.17,0.16,-0.08,0.00,-0.08,0.08,0.17,0.08,2,182,2,0
"Assets/Synty/PolygonSciFiCity/Prefabs/Props/SM_Prop_Hologram_Bottle_01.prefab","SM_Prop_Hologram_Bottle_01",Prop,Other,1.71,5.15,1.71,-0.86,-1.65,-0.86,0.86,3.50,0.85,2,344,2,0
"Assets/Synty/PolygonSciFiCity/Prefabs/Props/SM_Prop_Hologram_Bottle_02.prefab","SM_Prop_Hologram_Bottle_02",Prop,Other,1.71,5.15,1.71,-0.86,-1.65,-0.86,0.86,3.50,0.85,2,344,2,0
"Assets/Synty/PolygonSciFiCity/Prefabs/Props/SM_Prop_Hologram_Bottle_03.prefab","SM_Prop_Hologram_Bottle_03",Prop,Other,1.71,5.15,1.71,-0.86,-1.65,-0.86,0.86,3.50,0.85,2,344,2,0
"Assets/Synty/PolygonSciFiCity/Prefabs/Props/SM_Prop_Hologram_Burger_03.prefab","SM_Prop_Hologram_Burger_03",Prop,Other,3.86,2.40,3.86,-1.93,-1.20,-1.93,1.93,1.20,1.93,2,684,2,0
"Assets/Synty/PolygonSciFiCity/Prefabs/Props/SM_Prop_Hologram_Noodles_01.prefab","SM_Prop_Hologram_Noodles_01",Prop,Other,3.17,3.81,2.70,-1.60,-0.18,-1.41,1.57,3.62,1.29,2,386,2,0
"Assets/Synty/PolygonSciFiCity/Prefabs/Props/SM_Prop_Hologram_Pizza_01.prefab","SM_Prop_Hologram_Pizza_01",Prop,Other,3.60,0.79,3.17,-1.81,-0.12,-1.60,1.80,0.67,1.57,2,382,2,0
"Assets/Synty/PolygonSciFiCity/Prefabs/Props/SM_Prop_JarFull_01.prefab","SM_Prop_JarFull_01",Prop,Other,0.21,0.33,0.21,-0.11,0.00,-0.11,0.11,0.33,0.11,5,1546,2,0
"Assets/Synty/PolygonSciFiCity/Prefabs/Props/SM_Prop_Jar_01.prefab","SM_Prop_Jar_01",Prop,Other,0.21,0.33,0.21,-0.11,0.00,-0.11,0.11,0.33,0.11,2,168,2,0
"Assets/Synty/PolygonSciFiCity/Prefabs/Props/SM_Prop_Jar_02.prefab","SM_Prop_Jar_02",Prop,Other,0.17,0.31,0.17,-0.09,0.00,-0.09,0.09,0.31,0.09,2,166,2,0
"Assets/Synty/PolygonSciFiCity/Prefabs/Props/SM_Prop_Jar_03.prefab","SM_Prop_Jar_03",Prop,Other,0.21,0.42,0.21,-0.11,0.00,-0.11,0.11,0.42,0.11,2,280,2,0
"Assets/Synty/PolygonSciFiCity/Prefabs/Props/SM_Prop_Jar_04.prefab","SM_Prop_Jar_04",Prop,Other,0.17,0.41,0.17,-0.09,0.00,-0.09,0.09,0.41,0.09,2,270,2,0
"Assets/Synty/PolygonSciFiCity/Prefabs/Props/SM_Prop_Jar_Hanging_01.prefab","SM_Prop_Jar_Hanging_01",Prop,Other,0.51,1.32,0.57,-0.25,-1.27,-0.29,0.26,0.04,0.28,2,1580,2,0
"Assets/Synty/PolygonSciFiCity/Prefabs/Props/SM_Prop_LightBar_01.prefab","SM_Prop_LightBar_01",Prop,Other,1.00,0.20,5.00,-0.50,-0.21,-2.50,0.50,-0.01,2.50,1,156,1,0
"Assets/Synty/PolygonSciFiCity/Prefabs/Props/SM_Prop_MarketCovcer_02.prefab","SM_Prop_MarketCovcer_02",Prop,Other,3.33,1.58,1.70,-1.67,0.83,-0.85,1.67,2.40,0.85,1,592,1,0
"Assets/Synty/PolygonSciFiCity/Prefabs/Props/SM_Prop_MarketCover_01.prefab","SM_Prop_MarketCover_01",Prop,Other,3.82,2.77,2.43,-1.91,0.00,-1.22,1.91,2.77,1.22,1,680,1,0
"Assets/Synty/PolygonSciFiCity/Prefabs/Props/SM_Prop_MarketCover_02.prefab","SM_Prop_MarketCover_02",Prop,Other,2.59,2.15,1.20,-1.29,0.00,-0.60,1.29,2.15,0.60,1,676,1,0
"Assets/Synty/PolygonSciFiCity/Prefabs/Props/SM_Prop_MarketCover_03.prefab","SM_Prop_MarketCover_03",Prop,Other,2.76,2.24,1.23,-1.38,0.00,-0.61,1.38,2.24,0.61,1,750,1,0
"Assets/Synty/PolygonSciFiCity/Prefabs/Props/SM_Prop_MarketCover_04.prefab","SM_Prop_MarketCover_04",Prop,Other,3.80,2.28,0.91,-1.90,0.00,-0.45,1.90,2.28,0.45,1,362,1,0
"Assets/Synty/PolygonSciFiCity/Prefabs/Props/SM_Prop_MarketCover_05.prefab","SM_Prop_MarketCover_05",Prop,Other,3.80,2.28,0.91,-1.90,0.00,-0.45,1.90,2.28,0.45,1,406,1,0
"Assets/Synty/PolygonSciFiCity/Prefabs/Props/SM_Prop_MarketLights_01.prefab","SM_Prop_MarketLights_01",Prop,Other,2.58,1.69,0.42,-1.29,0.00,-0.21,1.29,1.69,0.21,1,456,1,0
"Assets/Synty/PolygonSciFiCity/Prefabs/Props/SM_Prop_MarketLights_02.prefab","SM_Prop_MarketLights_02",Prop,Other,1.80,1.33,0.85,-0.90,0.86,-0.42,0.90,2.19,0.42,1,932,1,0
"Assets/Synty/PolygonSciFiCity/Prefabs/Props/SM_Prop_MarketTable_01.prefab","SM_Prop_MarketTable_01",Prop,Other,2.61,0.83,1.00,-1.30,0.00,-0.50,1.30,0.83,0.50,1,247,1,0
"Assets/Synty/PolygonSciFiCity/Prefabs/Props/SM_Prop_MarketTable_02.prefab","SM_Prop_MarketTable_02",Prop,Other,2.50,0.76,0.94,-1.25,0.00,-0.47,1.25,0.76,0.47,1,206,1,0
"Assets/Synty/PolygonSciFiCity/Prefabs/Props/SM_Prop_MarketTable_03.prefab","SM_Prop_MarketTable_03",Prop,Other,2.31,0.11,0.87,-1.15,0.75,-0.44,1.15,0.87,0.43,1,42,1,0
"Assets/Synty/PolygonSciFiCity/Prefabs/Props/SM_Prop_MarketTable_04.prefab","SM_Prop_MarketTable_04",Prop,Other,2.47,1.09,1.04,-1.24,0.00,-0.52,1.24,1.09,0.52,1,697,1,0
"Assets/Synty/PolygonSciFiCity/Prefabs/Props/SM_Prop_MarketTable_05.prefab","SM_Prop_MarketTable_05",Prop,Other,2.50,1.17,1.04,-1.25,0.00,-0.52,1.25,1.17,0.52,1,839,1,0
"Assets/Synty/PolygonSciFiCity/Prefabs/Props/SM_Prop_Meat_01.prefab","SM_Prop_Meat_01",Prop,Other,0.26,1.08,0.29,-0.15,-1.04,-0.12,0.11,0.05,0.16,1,224,1,0
"Assets/Synty/PolygonSciFiCity/Prefabs/Props/SM_Prop_Meat_02.prefab","SM_Prop_Meat_02",Prop,Other,0.31,1.14,0.30,-0.14,-1.10,-0.17,0.17,0.05,0.13,1,224,1,0
"Assets/Synty/PolygonSciFiCity/Prefabs/Props/SM_Prop_Meat_03.prefab","SM_Prop_Meat_03",Prop,Other,0.27,0.94,0.25,-0.12,-0.89,-0.13,0.15,0.05,0.11,1,224,1,0
"Assets/Synty/PolygonSciFiCity/Prefabs/Props/SM_Prop_Medical_Chair_01.prefab","SM_Prop_Medical_Chair_01",Prop,Other,0.86,1.42,1.91,-0.43,0.00,-0.91,0.43,1.42,1.00,1,726,1,0
"Assets/Synty/PolygonSciFiCity/Prefabs/Props/SM_Prop_Medical_Machine_01.prefab","SM_Prop_Medical_Machine_01",Prop,Other,1.68,2.96,2.70,-0.84,0.00,-0.53,0.84,2.96,2.17,1,3450,1,0
"Assets/Synty/PolygonSciFiCity/Prefabs/Props/SM_Prop_Medical_Stool_01.prefab","SM_Prop_Medical_Stool_01",Prop,Other,0.63,0.91,0.89,-0.26,0.00,-0.50,0.37,0.91,0.39,1,160,1,0
"Assets/Synty/PolygonSciFiCity/Prefabs/Props/SM_Prop_Medical_Table_01.prefab","SM_Prop_Medical_Table_01",Prop,Other,0.86,1.15,0.70,-0.43,0.00,-0.35,0.43,1.15,0.35,1,968,1,0
"Assets/Synty/PolygonSciFiCity/Prefabs/Props/SM_Prop_Meter_01.prefab","SM_Prop_Meter_01",Prop,Other,0.25,1.76,0.31,-0.12,0.00,-0.16,0.12,1.76,0.16,1,228,1,0
"Assets/Synty/PolygonSciFiCity/Prefabs/Props/SM_Prop_Monitor_01.prefab","SM_Prop_Monitor_01",Prop,Other,1.45,1.91,0.38,-0.72,-0.35,-0.01,0.72,1.56,0.37,2,796,1,0
"Assets/Synty/PolygonSciFiCity/Prefabs/Props/SM_Prop_Monitor_02.prefab","SM_Prop_Monitor_02",Prop,Other,1.45,1.76,0.73,-0.72,-0.35,-0.01,0.72,1.41,0.72,2,796,1,0
"Assets/Synty/PolygonSciFiCity/Prefabs/Props/SM_Prop_Monitor_03.prefab","SM_Prop_Monitor_03",Prop,Other,1.45,1.86,0.86,-0.72,-0.35,-0.01,0.72,1.51,0.85,2,796,1,0
"Assets/Synty/PolygonSciFiCity/Prefabs/Props/SM_Prop_Noodles_01.prefab","SM_Prop_Noodles_01",Prop,Other,0.19,0.23,0.16,-0.11,0.00,-0.08,0.08,0.23,0.08,1,106,1,0
"Assets/Synty/PolygonSciFiCity/Prefabs/Props/SM_Prop_Office_Chair_01.prefab","SM_Prop_Office_Chair_01",Prop,Other,0.70,1.05,0.70,-0.35,0.00,-0.35,0.35,1.05,0.35,1,488,1,0
"Assets/Synty/PolygonSciFiCity/Prefabs/Props/SM_Prop_Overhang_01.prefab","SM_Prop_Overhang_01",Prop,Other,3.50,1.33,1.44,-1.75,-0.34,0.00,1.75,0.99,1.44,1,310,1,0
"Assets/Synty/PolygonSciFiCity/Prefabs/Props/SM_Prop_Overhang_02.prefab","SM_Prop_Overhang_02",Prop,Other,4.82,0.89,0.53,-2.41,-0.89,0.00,2.41,0.00,0.53,1,124,1,0
"Assets/Synty/PolygonSciFiCity/Prefabs/Props/SM_Prop_Pad_01.prefab","SM_Prop_Pad_01",Prop,Other,0.15,0.21,0.01,-0.08,-0.10,-0.01,0.08,0.10,0.01,2,280,1,0
"Assets/Synty/PolygonSciFiCity/Prefabs/Props/SM_Prop_Paper_Banner_01.prefab","SM_Prop_Paper_Banner_01",Prop,Other,0.69,2.10,0.17,-0.35,0.00,-0.09,0.35,2.10,0.09,1,208,1,0
"Assets/Synty/PolygonSciFiCity/Prefabs/Props/SM_Prop_Paper_Lantern_01.prefab","SM_Prop_Paper_Lantern_01",Prop,Other,0.38,1.02,0.38,-0.19,-1.02,-0.19,0.19,0.00,0.19,1,194,1,0
"Assets/Synty/PolygonSciFiCity/Prefabs/Props/SM_Prop_Paper_Lantern_02.prefab","SM_Prop_Paper_Lantern_02",Prop,Other,0.38,1.02,0.38,-0.19,-1.02,-0.19,0.19,0.00,0.19,1,194,1,0
"Assets/Synty/PolygonSciFiCity/Prefabs/Props/SM_Prop_Pillar_01.prefab","SM_Prop_Pillar_01",Prop,Pillar,1.39,10.74,1.61,-0.69,0.00,-0.80,0.69,10.74,0.80,1,192,1,0
"Assets/Synty/PolygonSciFiCity/Prefabs/Props/SM_Prop_Pillar_02.prefab","SM_Prop_Pillar_02",Prop,Pillar,1.46,7.57,1.17,-0.73,0.00,-0.59,0.73,7.57,0.59,1,80,1,0
"Assets/Synty/PolygonSciFiCity/Prefabs/Props/SM_Prop_Pillar_03.prefab","SM_Prop_Pillar_03",Prop,Pillar,1.46,7.57,1.25,-0.73,0.00,-0.59,0.73,7.57,0.67,1,104,1,0
"Assets/Synty/PolygonSciFiCity/Prefabs/Props/SM_Prop_Pillar_04.prefab","SM_Prop_Pillar_04",Prop,Pillar,0.54,2.76,0.79,-0.27,0.00,-0.40,0.27,2.76,0.40,1,88,1,0
"Assets/Synty/PolygonSciFiCity/Prefabs/Props/SM_Prop_Pipes_01.prefab","SM_Prop_Pipes_01",Prop,Other,2.50,0.24,0.50,0.00,-0.12,-0.25,2.50,0.12,0.25,1,252,1,0
"Assets/Synty/PolygonSciFiCity/Prefabs/Props/SM_Prop_Pipes_02.prefab","SM_Prop_Pipes_02",Prop,Other,1.22,0.17,1.22,-1.22,-0.17,-1.00,0.00,0.00,0.22,1,140,1,0
"Assets/Synty/PolygonSciFiCity/Prefabs/Props/SM_Prop_Pipes_03.prefab","SM_Prop_Pipes_03",Prop,Other,0.55,0.63,0.44,-0.55,-0.17,-0.22,0.00,0.47,0.22,1,112,1,0
"Assets/Synty/PolygonSciFiCity/Prefabs/Props/SM_Prop_Plant_Vase_01.prefab","SM_Prop_Plant_Vase_01",Prop,Other,0.92,1.08,0.90,-0.44,0.00,-0.52,0.48,1.08,0.38,1,420,1,0
"Assets/Synty/PolygonSciFiCity/Prefabs/Props/SM_Prop_Plant_Vase_02.prefab","SM_Prop_Plant_Vase_02",Prop,Other,0.92,1.28,1.04,-0.45,0.00,-0.50,0.48,1.28,0.54,1,660,1,0
"Assets/Synty/PolygonSciFiCity/Prefabs/Props/SM_Prop_Posters_01.prefab","SM_Prop_Posters_01",Prop,Other,1.03,0.06,1.73,-0.51,0.00,-0.86,0.51,0.06,0.86,1,188,1,0
"Assets/Synty/PolygonSciFiCity/Prefabs/Props/SM_Prop_Posters_02.prefab","SM_Prop_Posters_02",Prop,Other,0.93,0.02,1.12,-0.46,0.00,-0.56,0.46,0.02,0.56,1,61,1,0
"Assets/Synty/PolygonSciFiCity/Prefabs/Props/SM_Prop_Posters_03.prefab","SM_Prop_Posters_03",Prop,Other,0.61,0.02,0.67,-0.30,0.00,-0.33,0.30,0.02,0.33,1,49,1,0
"Assets/Synty/PolygonSciFiCity/Prefabs/Props/SM_Prop_Powerpoll_01.prefab","SM_Prop_Powerpoll_01",Prop,Other,1.77,5.07,1.16,-0.85,0.00,-0.51,0.92,5.07,0.65,1,1016,1,0
"Assets/Synty/PolygonSciFiCity/Prefabs/Props/SM_Prop_Powerpoll_02.prefab","SM_Prop_Powerpoll_02",Prop,Other,1.54,5.07,1.16,-0.83,0.00,-0.51,0.71,5.07,0.65,1,644,1,0
"Assets/Synty/PolygonSciFiCity/Prefabs/Props/SM_Prop_Robotic_Part_01.prefab","SM_Prop_Robotic_Part_01",Prop,Other,0.47,0.29,0.37,-0.24,-0.02,-0.19,0.24,0.27,0.19,1,476,1,0
"Assets/Synty/PolygonSciFiCity/Prefabs/Props/SM_Prop_Robotic_Part_010.prefab","SM_Prop_Robotic_Part_010",Prop,Other,0.58,0.11,0.28,-0.29,-0.02,-0.14,0.29,0.09,0.14,1,632,1,0
"Assets/Synty/PolygonSciFiCity/Prefabs/Props/SM_Prop_Robotic_Part_011.prefab","SM_Prop_Robotic_Part_011",Prop,Other,0.38,0.16,0.09,-0.19,-0.08,-0.05,0.19,0.08,0.05,1,308,1,0
"Assets/Synty/PolygonSciFiCity/Prefabs/Props/SM_Prop_Robotic_Part_02.prefab","SM_Prop_Robotic_Part_02",Prop,Other,0.80,0.20,0.38,-0.42,-0.02,-0.12,0.39,0.17,0.26,1,736,1,0
"Assets/Synty/PolygonSciFiCity/Prefabs/Props/SM_Prop_Robotic_Part_03.prefab","SM_Prop_Robotic_Part_03",Prop,Other,0.17,0.52,0.68,-0.09,-0.36,-0.36,0.09,0.16,0.32,1,630,1,0
"Assets/Synty/PolygonSciFiCity/Prefabs/Props/SM_Prop_Robotic_Part_04.prefab","SM_Prop_Robotic_Part_04",Prop,Other,0.76,0.46,0.45,-0.38,-0.03,-0.23,0.38,0.43,0.23,1,1164,1,0
"Assets/Synty/PolygonSciFiCity/Prefabs/Props/SM_Prop_Robotic_Part_05.prefab","SM_Prop_Robotic_Part_05",Prop,Other,0.89,0.15,0.40,-0.44,-0.02,-0.20,0.44,0.13,0.20,1,630,1,0
"Assets/Synty/PolygonSciFiCity/Prefabs/Props/SM_Prop_Robotic_Part_06.prefab","SM_Prop_Robotic_Part_06",Prop,Other,0.17,0.42,0.29,-0.09,-0.22,-0.15,0.09,0.20,0.15,1,582,1,0
"Assets/Synty/PolygonSciFiCity/Prefabs/Props/SM_Prop_Robotic_Part_07.prefab","SM_Prop_Robotic_Part_07",Prop,Other,0.16,0.52,0.68,-0.08,-0.37,-0.41,0.08,0.14,0.27,1,630,1,0
"Assets/Synty/PolygonSciFiCity/Prefabs/Props/SM_Prop_Robotic_Part_08.prefab","SM_Prop_Robotic_Part_08",Prop,Other,0.35,0.54,0.35,-0.25,-0.45,-0.26,0.10,0.09,0.08,1,798,1,0
"Assets/Synty/PolygonSciFiCity/Prefabs/Props/SM_Prop_Robotic_Part_09.prefab","SM_Prop_Robotic_Part_09",Prop,Other,0.15,0.44,0.17,-0.08,-0.22,-0.09,0.08,0.22,0.09,1,244,1,0
"Assets/Synty/PolygonSciFiCity/Prefabs/Props/SM_Prop_RubbishPile_01.prefab","SM_Prop_RubbishPile_01",Prop,Other,2.72,0.98,1.76,-1.36,-0.14,-1.04,1.36,0.84,0.72,1,571,1,0
"Assets/Synty/PolygonSciFiCity/Prefabs/Props/SM_Prop_RubbishPile_02.prefab","SM_Prop_RubbishPile_02",Prop,Other,1.99,0.25,1.39,-1.00,-0.13,-0.70,1.00,0.13,0.70,1,143,1,0
"Assets/Synty/PolygonSciFiCity/Prefabs/Props/SM_Prop_RubbishPile_03.prefab","SM_Prop_RubbishPile_03",Prop,Other,1.81,0.24,1.01,-0.90,-0.13,-0.51,0.90,0.11,0.51,1,168,1,0
"Assets/Synty/PolygonSciFiCity/Prefabs/Props/SM_Prop_Rubbish_Bin_01.prefab","SM_Prop_Rubbish_Bin_01",Prop,Other,0.58,0.95,0.58,-0.29,0.00,-0.29,0.29,0.95,0.29,2,384,1,0
"Assets/Synty/PolygonSciFiCity/Prefabs/Props/SM_Prop_Rubbish_Paper_01.prefab","SM_Prop_Rubbish_Paper_01",Prop,Other,0.24,0.00,0.32,-0.12,0.00,-0.16,0.12,0.00,0.16,1,2,1,0
"Assets/Synty/PolygonSciFiCity/Prefabs/Props/SM_Prop_Rubbish_Paper_02.prefab","SM_Prop_Rubbish_Paper_02",Prop,Other,0.24,0.00,0.32,-0.12,0.00,-0.16,0.12,0.00,0.16,1,2,1,0
"Assets/Synty/PolygonSciFiCity/Prefabs/Props/SM_Prop_Rubbish_Paper_03.prefab","SM_Prop_Rubbish_Paper_03",Prop,Other,0.24,0.02,0.32,-0.12,0.00,-0.16,0.12,0.02,0.16,1,8,1,0
"Assets/Synty/PolygonSciFiCity/Prefabs/Props/SM_Prop_Rubbish_Paper_04.prefab","SM_Prop_Rubbish_Paper_04",Prop,Other,0.24,0.02,0.32,-0.12,0.00,-0.16,0.12,0.02,0.16,1,6,1,0
"Assets/Synty/PolygonSciFiCity/Prefabs/Props/SM_Prop_SatDish_01.prefab","SM_Prop_SatDish_01",Prop,Other,1.84,0.98,1.94,-0.92,0.00,-0.92,0.92,0.98,1.02,1,156,1,0
"Assets/Synty/PolygonSciFiCity/Prefabs/Props/SM_Prop_SatDish_02.prefab","SM_Prop_SatDish_02",Prop,Other,1.48,1.01,1.48,-0.74,0.00,-0.74,0.74,1.01,0.74,1,78,1,0
"Assets/Synty/PolygonSciFiCity/Prefabs/Props/SM_Prop_SatDish_03.prefab","SM_Prop_SatDish_03",Prop,Other,0.99,1.38,1.01,-0.50,0.00,-0.52,0.50,1.38,0.49,1,386,1,0
"Assets/Synty/PolygonSciFiCity/Prefabs/Props/SM_Prop_SatDish_Base_01.prefab","SM_Prop_SatDish_Base_01",Prop,Other,1.28,1.93,1.29,-0.64,0.00,-0.32,0.64,1.93,0.97,2,386,1,0
"Assets/Synty/PolygonSciFiCity/Prefabs/Props/SM_Prop_Scanner_01.prefab","SM_Prop_Scanner_01",Prop,Other,0.13,0.17,0.04,-0.07,-0.08,-0.02,0.07,0.08,0.02,1,348,1,0
"Assets/Synty/PolygonSciFiCity/Prefabs/Props/SM_Prop_SciFi_Pad_01.prefab","SM_Prop_SciFi_Pad_01",Prop,Other,2.28,0.12,1.50,-1.14,0.00,-0.75,1.14,0.12,0.75,1,64,1,0
"Assets/Synty/PolygonSciFiCity/Prefabs/Props/SM_Prop_Security_Camera_01.prefab","SM_Prop_Security_Camera_01",Prop,Other,0.36,1.16,1.14,-0.18,-0.18,0.00,0.18,0.98,1.14,2,786,1,0
"Assets/Synty/PolygonSciFiCity/Prefabs/Props/SM_Prop_Security_Camera_02.prefab","SM_Prop_Security_Camera_02",Prop,Other,0.36,1.07,1.08,-0.18,-0.18,0.00,0.18,0.89,1.08,2,350,1,0
"Assets/Synty/PolygonSciFiCity/Prefabs/Props/SM_Prop_Security_Monitor_01.prefab","SM_Prop_Security_Monitor_01",Prop,Other,0.76,1.50,0.96,-0.38,-1.43,-0.28,0.38,0.07,0.68,1,328,1,0
"Assets/Synty/PolygonSciFiCity/Prefabs/Props/SM_Prop_Security_Scanner_01.prefab","SM_Prop_Security_Scanner_01",Prop,Other,2.00,2.76,0.68,-1.00,0.00,-0.34,1.00,2.76,0.34,1,652,1,0
"Assets/Synty/PolygonSciFiCity/Prefabs/Props/SM_Prop_Shelf_01.prefab","SM_Prop_Shelf_01",Prop,Other,3.28,2.22,0.75,-1.64,0.00,0.00,1.64,2.22,0.75,1,308,1,0
"Assets/Synty/PolygonSciFiCity/Prefabs/Props/SM_Prop_Shelf_Preset_01.prefab","SM_Prop_Shelf_Preset_01",Prop,Other,3.28,2.30,0.87,-1.64,0.00,0.00,1.64,2.30,0.87,1,6294,1,0
"Assets/Synty/PolygonSciFiCity/Prefabs/Props/SM_Prop_Shelf_Wall_01.prefab","SM_Prop_Shelf_Wall_01",Prop,Wall,2.03,1.18,0.57,-1.01,-1.18,0.00,1.01,0.00,0.57,1,176,1,0
"Assets/Synty/PolygonSciFiCity/Prefabs/Props/SM_Prop_Shelf_Wall_Preset_01.prefab","SM_Prop_Shelf_Wall_Preset_01",Prop,Wall,2.03,1.36,0.82,-1.01,-1.36,0.00,1.01,0.00,0.82,1,1688,1,0
"Assets/Synty/PolygonSciFiCity/Prefabs/Props/SM_Prop_Shelf_Wall_Preset_02.prefab","SM_Prop_Shelf_Wall_Preset_02",Prop,Wall,2.03,1.19,0.57,-1.01,-1.18,0.00,1.01,0.02,0.57,1,1156,1,0
"Assets/Synty/PolygonSciFiCity/Prefabs/Props/SM_Prop_Shelf_Wall_Preset_03.prefab","SM_Prop_Shelf_Wall_Preset_03",Prop,Wall,2.03,1.19,0.58,-1.01,-1.18,0.00,1.01,0.02,0.58,1,1496,1,0
"Assets/Synty/PolygonSciFiCity/Prefabs/Props/SM_Prop_Shelves_01.prefab","SM_Prop_Shelves_01",Prop,Other,3.69,1.77,0.44,-1.85,0.00,-0.22,1.85,1.77,0.22,1,284,1,0
"Assets/Synty/PolygonSciFiCity/Prefabs/Props/SM_Prop_Shield_Bubble_01.prefab","SM_Prop_Shield_Bubble_01",Prop,Other,6.10,6.08,6.09,-3.05,-3.04,-3.05,3.05,3.04,3.05,1,1956,1,0
"Assets/Synty/PolygonSciFiCity/Prefabs/Props/SM_Prop_Sidewalk_Barrier_01.prefab","SM_Prop_Sidewalk_Barrier_01",Prop,Railing,0.31,1.21,0.31,-0.16,0.00,-0.16,0.16,1.21,0.16,1,112,1,0
"Assets/Synty/PolygonSciFiCity/Prefabs/Props/SM_Prop_Sidewalk_Panel_01.prefab","SM_Prop_Sidewalk_Panel_01",Prop,Other,0.74,0.06,0.74,-0.37,0.00,-0.37,0.37,0.06,0.37,1,136,1,0
"Assets/Synty/PolygonSciFiCity/Prefabs/Props/SM_Prop_Sidewalk_Panel_02.prefab","SM_Prop_Sidewalk_Panel_02",Prop,Other,0.74,0.06,0.74,-0.37,0.00,-0.37,0.37,0.06,0.37,1,96,1,0
"Assets/Synty/PolygonSciFiCity/Prefabs/Props/SM_Prop_Sidewalk_Panel_03.prefab","SM_Prop_Sidewalk_Panel_03",Prop,Other,0.72,0.14,0.72,-0.36,0.00,-0.36,0.36,0.14,0.36,1,60,1,0
"Assets/Synty/PolygonSciFiCity/Prefabs/Props/SM_Prop_Sidewalk_Panel_04.prefab","SM_Prop_Sidewalk_Panel_04",Prop,Other,0.96,0.11,0.99,-0.48,0.00,-0.50,0.48,0.11,0.50,1,144,1,0
"Assets/Synty/PolygonSciFiCity/Prefabs/Props/SM_Prop_Sidewalk_Panel_05.prefab","SM_Prop_Sidewalk_Panel_05",Prop,Other,0.70,0.11,0.70,-0.35,0.00,-0.35,0.35,0.11,0.35,1,112,1,0
"Assets/Synty/PolygonSciFiCity/Prefabs/Props/SM_Prop_Sidewalk_Panel_06.prefab","SM_Prop_Sidewalk_Panel_06",Prop,Other,0.70,0.09,0.70,-0.35,0.02,-0.35,0.35,0.10,0.35,1,98,1,0
"Assets/Synty/PolygonSciFiCity/Prefabs/Props/SM_Prop_Sidewalk_Pipe_01.prefab","SM_Prop_Sidewalk_Pipe_01",Prop,Other,0.59,0.90,0.84,-0.30,0.00,-0.30,0.30,0.90,0.54,1,192,1,0
"Assets/Synty/PolygonSciFiCity/Prefabs/Props/SM_Prop_Sidewalk_Pipe_02.prefab","SM_Prop_Sidewalk_Pipe_02",Prop,Other,0.51,2.83,0.78,-0.25,0.00,-0.23,0.25,2.83,0.56,1,288,1,0
"Assets/Synty/PolygonSciFiCity/Prefabs/Props/SM_Prop_Sidewalk_Rubble_01.prefab","SM_Prop_Sidewalk_Rubble_01",Prop,Other,0.82,0.11,0.52,-0.41,0.00,-0.26,0.41,0.11,0.26,1,52,1,0
"Assets/Synty/PolygonSciFiCity/Prefabs/Props/SM_Prop_Spanner_01.prefab","SM_Prop_Spanner_01",Prop,Other,0.14,0.05,0.66,-0.07,0.00,-0.33,0.07,0.05,0.33,1,104,1,0
"Assets/Synty/PolygonSciFiCity/Prefabs/Props/SM_Prop_Stool_01.prefab","SM_Prop_Stool_01",Prop,Other,0.44,0.78,0.43,-0.22,0.00,-0.22,0.22,0.78,0.22,1,162,1,0
"Assets/Synty/PolygonSciFiCity/Prefabs/Props/SM_Prop_Streetlight_01.prefab","SM_Prop_Streetlight_01",Prop,Other,0.62,5.40,2.64,-0.31,0.00,-0.31,0.31,5.40,2.33,1,748,1,0
"Assets/Synty/PolygonSciFiCity/Prefabs/Props/SM_Prop_StripClub_Chair_01.prefab","SM_Prop_StripClub_Chair_01",Prop,Other,0.67,1.19,0.62,-0.34,0.00,-0.31,0.34,1.19,0.31,1,362,1,0
"Assets/Synty/PolygonSciFiCity/Prefabs/Props/SM_Prop_StripClub_Curtain_01.prefab","SM_Prop_StripClub_Curtain_01",Prop,Other,2.06,2.62,0.11,-1.03,0.09,-0.05,1.03,2.71,0.05,2,492,1,0
"Assets/Synty/PolygonSciFiCity/Prefabs/Props/SM_Prop_StripClub_Pole_01.prefab","SM_Prop_StripClub_Pole_01",Prop,Other,0.08,2.29,0.07,-0.04,0.00,-0.03,0.04,2.29,0.03,1,12,1,0
"Assets/Synty/PolygonSciFiCity/Prefabs/Props/SM_Prop_StripClub_Sofa_01.prefab","SM_Prop_StripClub_Sofa_01",Prop,Other,3.05,0.96,1.46,-1.53,0.00,-0.73,1.53,0.96,0.73,1,470,1,0
"Assets/Synty/PolygonSciFiCity/Prefabs/Props/SM_Prop_StripClub_Stage_01.prefab","SM_Prop_StripClub_Stage_01",Prop,Other,1.59,0.93,8.45,-0.80,0.00,-4.23,0.80,0.93,4.23,1,372,1,0
"Assets/Synty/PolygonSciFiCity/Prefabs/Props/SM_Prop_StripClub_Stage_02.prefab","SM_Prop_StripClub_Stage_02",Prop,Other,2.25,0.79,2.26,0.00,0.00,-1.13,2.25,0.79,1.13,1,298,1,0
"Assets/Synty/PolygonSciFiCity/Prefabs/Props/SM_Prop_StripClub_Steps_01.prefab","SM_Prop_StripClub_Steps_01",Prop,Other,1.23,0.79,1.22,-0.62,0.00,-0.61,0.62,0.79,0.61,1,260,1,0
"Assets/Synty/PolygonSciFiCity/Prefabs/Props/SM_Prop_StripClub_Table_01.prefab","SM_Prop_StripClub_Table_01",Prop,Other,1.22,0.98,1.22,-0.61,0.00,-0.61,0.61,0.98,0.61,1,216,1,0
"Assets/Synty/PolygonSciFiCity/Prefabs/Props/SM_Prop_Supplies_01.prefab","SM_Prop_Supplies_01",Prop,Other,0.57,0.28,0.55,-0.28,0.00,-0.27,0.28,0.28,0.27,1,604,1,0
"Assets/Synty/PolygonSciFiCity/Prefabs/Props/SM_Prop_Table_Small_01.prefab","SM_Prop_Table_Small_01",Prop,Other,0.84,0.54,1.60,-0.42,0.00,-0.80,0.42,0.54,0.80,1,200,1,0
"Assets/Synty/PolygonSciFiCity/Prefabs/Props/SM_Prop_TrashBag_01.prefab","SM_Prop_TrashBag_01",Prop,Other,0.61,0.90,0.83,-0.31,0.00,-0.41,0.31,0.90,0.41,1,128,1,0
"Assets/Synty/PolygonSciFiCity/Prefabs/Props/SM_Prop_TrashBag_02.prefab","SM_Prop_TrashBag_02",Prop,Other,0.79,0.98,0.81,-0.40,0.00,-0.40,0.40,0.98,0.40,1,128,1,0
"Assets/Synty/PolygonSciFiCity/Prefabs/Props/SM_Prop_TrashBag_03.prefab","SM_Prop_TrashBag_03",Prop,Other,0.71,0.77,0.85,-0.35,0.00,-0.43,0.35,0.77,0.43,1,128,1,0
"Assets/Synty/PolygonSciFiCity/Prefabs/Props/SM_Prop_TrashCan_01.prefab","SM_Prop_TrashCan_01",Prop,Other,0.87,1.04,0.70,-0.44,0.00,-0.35,0.44,1.04,0.35,2,430,1,0
"Assets/Synty/PolygonSciFiCity/Prefabs/Props/SM_Prop_VRBooth_01.prefab","SM_Prop_VRBooth_01",Prop,Other,1.63,2.77,1.69,-0.81,0.00,-0.84,0.81,2.77,0.84,1,1760,1,0
"Assets/Synty/PolygonSciFiCity/Prefabs/Props/SM_Prop_VRHeadset_01.prefab","SM_Prop_VRHeadset_01",Prop,Other,0.32,0.18,0.29,-0.16,-0.09,-0.14,0.16,0.09,0.14,1,416,1,0
"Assets/Synty/PolygonSciFiCity/Prefabs/Props/SM_Prop_VendingMachine_01.prefab","SM_Prop_VendingMachine_01",Prop,Other,0.76,1.62,0.64,-0.38,0.00,-0.32,0.38,1.62,0.32,1,194,1,0
"Assets/Synty/PolygonSciFiCity/Prefabs/Props/SM_Prop_VendingMachine_Soda_01.prefab","SM_Prop_VendingMachine_Soda_01",Prop,Other,1.91,4.00,1.69,-0.95,0.00,-0.84,0.95,4.00,0.84,2,1920,2,0
"Assets/Synty/PolygonSciFiCity/Prefabs/Props/SM_Prop_Vent_01.prefab","SM_Prop_Vent_01",Prop,Other,2.16,2.10,0.62,-1.08,-1.05,-0.16,1.08,1.05,0.46,1,160,1,0
"Assets/Synty/PolygonSciFiCity/Prefabs/Props/SM_Prop_Vent_02.prefab","SM_Prop_Vent_02",Prop,Other,1.09,1.99,1.88,-0.55,0.00,-0.94,0.55,1.99,0.94,1,172,1,0
"Assets/Synty/PolygonSciFiCity/Prefabs/Props/SM_Prop_Vent_03.prefab","SM_Prop_Vent_03",Prop,Other,1.08,1.82,1.08,-0.54,0.00,-0.54,0.54,1.82,0.54,1,94,1,0
"Assets/Synty/PolygonSciFiCity/Prefabs/Props/SM_Prop_Vent_04.prefab","SM_Prop_Vent_04",Prop,Other,1.68,1.02,1.68,-0.84,0.00,-0.84,0.84,1.02,0.84,1,96,1,0
"Assets/Synty/PolygonSciFiCity/Prefabs/Props/SM_Prop_WallAttach_Electronics_01.prefab","SM_Prop_WallAttach_Electronics_01",Prop,Wall,1.03,1.88,0.45,-0.51,-0.94,-0.10,0.51,0.94,0.35,1,242,1,0
"Assets/Synty/PolygonSciFiCity/Prefabs/Props/SM_Prop_WallAttach_Electronics_02.prefab","SM_Prop_WallAttach_Electronics_02",Prop,Wall,0.82,0.74,0.50,-0.24,-0.35,-0.11,0.58,0.39,0.39,1,202,1,0
"Assets/Synty/PolygonSciFiCity/Prefabs/Props/SM_Prop_WallAttach_Electronics_03.prefab","SM_Prop_WallAttach_Electronics_03",Prop,Wall,0.59,0.70,0.34,-0.30,-0.47,-0.11,0.30,0.24,0.23,1,76,1,0
"Assets/Synty/PolygonSciFiCity/Prefabs/Props/SM_Prop_WallAttach_Electronics_04.prefab","SM_Prop_WallAttach_Electronics_04",Prop,Wall,0.82,0.92,0.34,-0.41,-0.47,-0.11,0.41,0.45,0.23,1,90,1,0
"Assets/Synty/PolygonSciFiCity/Prefabs/Props/SM_Prop_WallAttach_Electronics_05.prefab","SM_Prop_WallAttach_Electronics_05",Prop,Wall,1.36,2.75,0.42,-1.01,-2.56,-0.11,0.36,0.19,0.31,1,484,1,0
"Assets/Synty/PolygonSciFiCity/Prefabs/Props/SM_Prop_WallAttach_Electronics_06.prefab","SM_Prop_WallAttach_Electronics_06",Prop,Wall,0.42,1.17,0.26,-0.21,-0.71,-0.09,0.21,0.46,0.17,1,76,1,0
"Assets/Synty/PolygonSciFiCity/Prefabs/Props/SM_Prop_WallAttach_Vent_01.prefab","SM_Prop_WallAttach_Vent_01",Prop,Wall,0.78,2.21,0.53,-0.39,-1.11,-0.26,0.39,1.11,0.26,1,218,1,0
"Assets/Synty/PolygonSciFiCity/Prefabs/Props/SM_Prop_WallAttach_Vent_02.prefab","SM_Prop_WallAttach_Vent_02",Prop,Wall,0.88,3.00,0.53,-0.39,-1.89,-0.26,0.50,1.11,0.26,1,266,1,0
"Assets/Synty/PolygonSciFiCity/Prefabs/Props/SM_Prop_WallAttach_Vent_03.prefab","SM_Prop_WallAttach_Vent_03",Prop,Wall,0.78,3.00,0.53,-0.10,-1.89,-0.26,0.68,1.11,0.26,1,290,1,0
"Assets/Synty/PolygonSciFiCity/Prefabs/Props/SM_Prop_WallAttach_Vent_04.prefab","SM_Prop_WallAttach_Vent_04",Prop,Wall,0.82,2.80,0.30,-0.41,-1.50,-0.15,0.41,1.30,0.15,1,414,1,0
"Assets/Synty/PolygonSciFiCity/Prefabs/Props/SM_Prop_Wall_Prop_01.prefab","SM_Prop_Wall_Prop_01",Prop,Wall,0.67,0.28,0.18,-0.33,-0.14,0.00,0.33,0.14,0.18,1,260,1,0
"Assets/Synty/PolygonSciFiCity/Prefabs/Props/SM_Prop_Wall_Table_01.prefab","SM_Prop_Wall_Table_01",Prop,Wall,2.28,1.23,1.18,-1.14,-0.10,-0.11,1.14,1.12,1.07,1,484,1,0
"Assets/Synty/PolygonSciFiCity/Prefabs/Props/SM_Prop_Watercooler_01.prefab","SM_Prop_Watercooler_01",Prop,Other,0.40,2.21,0.42,-0.20,0.00,-0.21,0.20,2.21,0.21,2,478,2,0
"Assets/Synty/PolygonSciFiCity/Prefabs/Props/SM_Prop_Window_01.prefab","SM_Prop_Window_01",Prop,Window,1.10,1.10,0.24,-0.55,-0.55,0.00,0.55,0.55,0.24,1,112,1,0
"Assets/Synty/PolygonSciFiCity/Prefabs/Props/SM_Prop_Window_02.prefab","SM_Prop_Window_02",Prop,Window,2.15,1.48,0.24,-1.07,-0.74,0.00,1.07,0.74,0.24,1,314,1,0
"Assets/Synty/PolygonSciFiCity/Prefabs/Props/SM_Prop_Window_03.prefab","SM_Prop_Window_03",Prop,Window,1.53,1.25,0.26,-0.77,-0.62,-0.01,0.77,0.62,0.25,1,114,1,0
"Assets/Synty/PolygonSciFiCity/Prefabs/Props/SM_Prop_Window_Bolts_01.prefab","SM_Prop_Window_Bolts_01",Prop,Window,0.94,1.53,0.17,-0.47,-0.77,-0.03,0.47,0.77,0.14,1,290,1,0
"Assets/Synty/PolygonSciFiCity/Prefabs/Props/SM_Prop_Window_Shutter_01.prefab","SM_Prop_Window_Shutter_01",Prop,Window,2.78,1.31,0.05,-1.39,0.00,-0.02,1.39,1.31,0.02,1,8,1,0
"Assets/Synty/PolygonSciFiCity/Prefabs/Props/SM_Prop_WoodenPath_01.prefab","SM_Prop_WoodenPath_01",Prop,Other,0.90,0.09,0.91,-0.45,0.00,-0.45,0.45,0.09,0.45,1,100,1,0
"Assets/Synty/PolygonSciFiCity/Prefabs/Props/SM_Prop_table_01.prefab","SM_Prop_table_01",Prop,Other,2.79,0.94,2.20,-1.39,0.00,-1.10,1.39,0.94,1.10,1,232,1,0
"Assets/Synty/PolygonSciFiCity/Prefabs/Signs/SM_Sign_01.prefab","SM_Sign_01",Sign,Other,1.60,0.46,0.05,-0.80,-0.23,-0.02,0.80,0.23,0.02,1,12,1,0
"Assets/Synty/PolygonSciFiCity/Prefabs/Signs/SM_Sign_011.prefab","SM_Sign_011",Sign,Other,1.60,0.46,0.05,-0.80,-0.23,-0.02,0.80,0.23,0.02,1,12,1,0
"Assets/Synty/PolygonSciFiCity/Prefabs/Signs/SM_Sign_02.prefab","SM_Sign_02",Sign,Other,1.60,0.29,0.05,-0.80,-0.14,-0.02,0.80,0.14,0.02,1,12,1,0
"Assets/Synty/PolygonSciFiCity/Prefabs/Signs/SM_Sign_03.prefab","SM_Sign_03",Sign,Other,1.60,0.36,0.05,-0.80,-0.18,-0.02,0.80,0.18,0.02,1,12,1,0
"Assets/Synty/PolygonSciFiCity/Prefabs/Signs/SM_Sign_04.prefab","SM_Sign_04",Sign,Other,1.60,0.43,0.05,-0.80,-0.22,-0.02,0.80,0.22,0.02,1,12,1,0
"Assets/Synty/PolygonSciFiCity/Prefabs/Signs/SM_Sign_05.prefab","SM_Sign_05",Sign,Other,1.60,0.38,0.05,-0.80,-0.19,-0.02,0.80,0.19,0.02,1,12,1,0
"Assets/Synty/PolygonSciFiCity/Prefabs/Signs/SM_Sign_06.prefab","SM_Sign_06",Sign,Other,1.60,0.27,0.05,-0.80,-0.14,-0.02,0.80,0.14,0.02,1,12,1,0
"Assets/Synty/PolygonSciFiCity/Prefabs/Signs/SM_Sign_07.prefab","SM_Sign_07",Sign,Other,1.60,0.42,0.05,-0.80,-0.21,-0.02,0.80,0.21,0.02,1,12,1,0
"Assets/Synty/PolygonSciFiCity/Prefabs/Signs/SM_Sign_08.prefab","SM_Sign_08",Sign,Other,1.60,0.30,0.05,-0.80,-0.15,-0.02,0.80,0.15,0.02,1,12,1,0
"Assets/Synty/PolygonSciFiCity/Prefabs/Signs/SM_Sign_09.prefab","SM_Sign_09",Sign,Other,1.60,0.24,0.05,-0.80,-0.12,-0.02,0.80,0.12,0.02,1,12,1,0
"Assets/Synty/PolygonSciFiCity/Prefabs/Signs/SM_Sign_Ad_01.prefab","SM_Sign_Ad_01",Sign,Other,0.61,1.96,0.03,-0.31,-0.98,-0.01,0.31,0.98,0.01,1,12,1,0
"Assets/Synty/PolygonSciFiCity/Prefabs/Signs/SM_Sign_Ad_02.prefab","SM_Sign_Ad_02",Sign,Other,0.61,1.96,0.03,-0.31,-0.98,-0.01,0.31,0.98,0.01,1,12,1,0
"Assets/Synty/PolygonSciFiCity/Prefabs/Signs/SM_Sign_Ad_03.prefab","SM_Sign_Ad_03",Sign,Other,0.60,1.97,0.03,-0.30,-0.98,-0.01,0.30,0.98,0.01,1,12,1,0
"Assets/Synty/PolygonSciFiCity/Prefabs/Signs/SM_Sign_Ad_04.prefab","SM_Sign_Ad_04",Sign,Other,0.97,0.64,0.03,-0.48,-0.32,-0.01,0.48,0.32,0.01,1,28,1,0
"Assets/Synty/PolygonSciFiCity/Prefabs/Signs/SM_Sign_Ad_05.prefab","SM_Sign_Ad_05",Sign,Other,0.97,0.64,0.03,-0.48,-0.32,-0.01,0.48,0.32,0.01,1,12,1,0
"Assets/Synty/PolygonSciFiCity/Prefabs/Signs/SM_Sign_Ad_06.prefab","SM_Sign_Ad_06",Sign,Other,0.97,0.64,0.03,-0.48,-0.32,-0.01,0.48,0.32,0.01,1,12,1,0
"Assets/Synty/PolygonSciFiCity/Prefabs/Signs/SM_Sign_Ad_07.prefab","SM_Sign_Ad_07",Sign,Other,0.97,0.64,0.03,-0.48,-0.32,-0.01,0.48,0.32,0.01,1,12,1,0
"Assets/Synty/PolygonSciFiCity/Prefabs/Signs/SM_Sign_Ad_08.prefab","SM_Sign_Ad_08",Sign,Other,0.97,0.64,0.03,-0.48,-0.32,-0.01,0.48,0.32,0.01,1,12,1,0
"Assets/Synty/PolygonSciFiCity/Prefabs/Signs/SM_Sign_Ad_09.prefab","SM_Sign_Ad_09",Sign,Other,0.97,0.64,0.03,-0.48,-0.32,-0.01,0.48,0.32,0.01,1,12,1,0
"Assets/Synty/PolygonSciFiCity/Prefabs/Signs/SM_Sign_Ad_10.prefab","SM_Sign_Ad_10",Sign,Other,0.97,0.64,0.03,-0.48,-0.32,-0.01,0.48,0.32,0.01,1,12,1,0
"Assets/Synty/PolygonSciFiCity/Prefabs/Signs/SM_Sign_Ad_11.prefab","SM_Sign_Ad_11",Sign,Other,0.97,0.64,0.03,-0.48,-0.32,-0.01,0.48,0.32,0.01,1,12,1,0
"Assets/Synty/PolygonSciFiCity/Prefabs/Signs/SM_Sign_Ad_12.prefab","SM_Sign_Ad_12",Sign,Other,0.97,0.64,0.03,-0.48,-0.32,-0.01,0.48,0.32,0.01,1,12,1,0
"Assets/Synty/PolygonSciFiCity/Prefabs/Signs/SM_Sign_Ad_13.prefab","SM_Sign_Ad_13",Sign,Other,0.97,0.64,0.03,-0.48,-0.32,-0.01,0.48,0.32,0.01,1,12,1,0
"Assets/Synty/PolygonSciFiCity/Prefabs/Signs/SM_Sign_Ad_14.prefab","SM_Sign_Ad_14",Sign,Other,0.96,0.62,0.03,-0.48,-0.31,-0.01,0.48,0.31,0.01,1,12,1,0
"Assets/Synty/PolygonSciFiCity/Prefabs/Signs/SM_Sign_Ad_15.prefab","SM_Sign_Ad_15",Sign,Other,0.98,0.62,0.03,-0.49,-0.31,-0.01,0.49,0.31,0.01,1,12,1,0
"Assets/Synty/PolygonSciFiCity/Prefabs/Signs/SM_Sign_Ad_16.prefab","SM_Sign_Ad_16",Sign,Other,0.96,0.62,0.03,-0.48,-0.31,-0.01,0.48,0.31,0.01,1,12,1,0
"Assets/Synty/PolygonSciFiCity/Prefabs/Signs/SM_Sign_Ad_17.prefab","SM_Sign_Ad_17",Sign,Other,0.98,0.64,0.03,-0.49,-0.32,-0.01,0.49,0.32,0.01,1,12,1,0
"Assets/Synty/PolygonSciFiCity/Prefabs/Signs/SM_Sign_Ad_18.prefab","SM_Sign_Ad_18",Sign,Other,1.00,0.62,0.03,-0.50,-0.31,-0.01,0.50,0.31,0.01,1,12,1,0
"Assets/Synty/PolygonSciFiCity/Prefabs/Signs/SM_Sign_Ad_19.prefab","SM_Sign_Ad_19",Sign,Other,0.98,0.63,0.03,-0.49,-0.32,-0.01,0.49,0.32,0.01,1,12,1,0
"Assets/Synty/PolygonSciFiCity/Prefabs/Signs/SM_Sign_Ad_20.prefab","SM_Sign_Ad_20",Sign,Other,0.98,0.62,0.03,-0.49,-0.31,-0.01,0.49,0.31,0.01,1,12,1,0
"Assets/Synty/PolygonSciFiCity/Prefabs/Signs/SM_Sign_Ad_21.prefab","SM_Sign_Ad_21",Sign,Other,0.96,0.62,0.03,-0.48,-0.31,-0.01,0.48,0.31,0.01,1,10,1,0
"Assets/Synty/PolygonSciFiCity/Prefabs/Signs/SM_Sign_Ad_22.prefab","SM_Sign_Ad_22",Sign,Other,0.96,0.62,0.03,-0.48,-0.31,-0.01,0.48,0.31,0.01,1,10,1,0
"Assets/Synty/PolygonSciFiCity/Prefabs/Signs/SM_Sign_Ad_23.prefab","SM_Sign_Ad_23",Sign,Other,0.20,0.48,0.02,-0.10,-0.24,-0.01,0.10,0.24,0.01,1,12,1,0
"Assets/Synty/PolygonSciFiCity/Prefabs/Signs/SM_Sign_Ad_24.prefab","SM_Sign_Ad_24",Sign,Other,0.20,0.48,0.02,-0.10,-0.24,-0.01,0.10,0.24,0.01,1,12,1,0
"Assets/Synty/PolygonSciFiCity/Prefabs/Signs/SM_Sign_Ad_25.prefab","SM_Sign_Ad_25",Sign,Other,0.20,0.48,0.02,-0.10,-0.24,-0.01,0.10,0.24,0.01,1,12,1,0
"Assets/Synty/PolygonSciFiCity/Prefabs/Signs/SM_Sign_Ad_26.prefab","SM_Sign_Ad_26",Sign,Other,0.20,0.76,0.02,-0.10,-0.38,-0.01,0.10,0.38,0.01,1,12,1,0
"Assets/Synty/PolygonSciFiCity/Prefabs/Signs/SM_Sign_Ad_27.prefab","SM_Sign_Ad_27",Sign,Other,1.47,0.20,0.02,-0.74,-0.10,-0.01,0.74,0.10,0.01,1,12,1,0
"Assets/Synty/PolygonSciFiCity/Prefabs/Signs/SM_Sign_Ad_28.prefab","SM_Sign_Ad_28",Sign,Other,2.07,0.41,0.03,-1.03,-0.20,-0.01,1.03,0.20,0.01,1,12,1,0
"Assets/Synty/PolygonSciFiCity/Prefabs/Signs/SM_Sign_Ad_29.prefab","SM_Sign_Ad_29",Sign,Other,0.20,0.76,0.04,-0.10,-0.38,-0.02,0.10,0.38,0.02,1,12,1,0
"Assets/Synty/PolygonSciFiCity/Prefabs/Signs/SM_Sign_Ad_30.prefab","SM_Sign_Ad_30",Sign,Other,0.20,0.76,0.04,-0.10,-0.38,-0.02,0.10,0.38,0.02,1,12,1,0
"Assets/Synty/PolygonSciFiCity/Prefabs/Signs/SM_Sign_Ad_31.prefab","SM_Sign_Ad_31",Sign,Other,0.20,0.76,0.04,-0.10,-0.38,-0.02,0.10,0.38,0.02,1,12,1,0
"Assets/Synty/PolygonSciFiCity/Prefabs/Signs/SM_Sign_Ad_32.prefab","SM_Sign_Ad_32",Sign,Other,0.98,0.62,0.03,-0.49,-0.31,-0.01,0.49,0.31,0.01,1,12,1,0
"Assets/Synty/PolygonSciFiCity/Prefabs/Signs/SM_Sign_Billboard_Attachmentl_01.prefab","SM_Sign_Billboard_Attachmentl_01",Sign,Other,0.31,0.10,0.09,-0.16,-0.05,-0.05,0.16,0.05,0.05,1,24,1,0
"Assets/Synty/PolygonSciFiCity/Prefabs/Signs/SM_Sign_Billboard_Border_01.prefab","SM_Sign_Billboard_Border_01",Sign,Other,1.25,0.75,0.10,-0.63,-0.38,-0.05,0.63,0.38,0.05,1,296,1,0
"Assets/Synty/PolygonSciFiCity/Prefabs/Signs/SM_Sign_Billboard_Border_02.prefab","SM_Sign_Billboard_Border_02",Sign,Other,1.30,0.90,0.16,-0.65,-0.45,-0.08,0.65,0.45,0.08,1,272,1,0
"Assets/Synty/PolygonSciFiCity/Prefabs/Signs/SM_Sign_Billboard_Border_03.prefab","SM_Sign_Billboard_Border_03",Sign,Other,1.12,0.82,0.15,-0.56,-0.41,-0.08,0.56,0.41,0.08,1,296,1,0
"Assets/Synty/PolygonSciFiCity/Prefabs/Signs/SM_Sign_Billboard_Border_04.prefab","SM_Sign_Billboard_Border_04",Sign,Other,1.08,0.67,0.12,-0.54,-0.34,-0.06,0.54,0.34,0.06,1,232,1,0
"Assets/Synty/PolygonSciFiCity/Prefabs/Signs/SM_Sign_Billboard_Border_Tall_01.prefab","SM_Sign_Billboard_Border_Tall_01",Sign,Other,0.90,2.08,0.10,-0.45,-1.04,-0.05,0.45,1.04,0.05,1,256,1,0
"Assets/Synty/PolygonSciFiCity/Prefabs/Signs/SM_Sign_Billboard_Border_Tall_02.prefab","SM_Sign_Billboard_Border_Tall_02",Sign,Other,0.96,2.21,0.16,-0.48,-1.11,-0.08,0.48,1.11,0.08,1,272,1,0
"Assets/Synty/PolygonSciFiCity/Prefabs/Signs/SM_Sign_Billboard_Border_Tall_03.prefab","SM_Sign_Billboard_Border_Tall_03",Sign,Other,0.82,2.12,0.15,-0.41,-1.06,-0.08,0.41,1.06,0.08,1,296,1,0
"Assets/Synty/PolygonSciFiCity/Prefabs/Signs/SM_Sign_Billboard_Border_Tall_04.prefab","SM_Sign_Billboard_Border_Tall_04",Sign,Other,0.73,2.07,0.12,-0.37,-1.04,-0.06,0.37,1.04,0.06,1,304,1,0
"Assets/Synty/PolygonSciFiCity/Prefabs/Signs/SM_Sign_Billboard_Large_01.prefab","SM_Sign_Billboard_Large_01",Sign,Other,3.28,4.85,0.07,-1.64,-2.43,-0.04,1.64,2.43,0.04,1,196,1,0
"Assets/Synty/PolygonSciFiCity/Prefabs/Signs/SM_Sign_Billboard_Large_02.prefab","SM_Sign_Billboard_Large_02",Sign,Other,3.28,4.85,0.07,-1.64,-2.43,-0.04,1.64,2.43,0.04,1,196,1,0
"Assets/Synty/PolygonSciFiCity/Prefabs/Signs/SM_Sign_Billboard_Large_03.prefab","SM_Sign_Billboard_Large_03",Sign,Other,3.28,4.85,0.07,-1.64,-2.43,-0.04,1.64,2.43,0.04,1,196,1,0
"Assets/Synty/PolygonSciFiCity/Prefabs/Signs/SM_Sign_Billboard_Large_04.prefab","SM_Sign_Billboard_Large_04",Sign,Other,4.85,3.28,0.07,-2.43,-1.64,-0.04,2.43,1.64,0.04,1,196,1,0
"Assets/Synty/PolygonSciFiCity/Prefabs/Signs/SM_Sign_Neon_01.prefab","SM_Sign_Neon_01",Sign,Other,0.84,0.43,0.03,-0.42,-0.22,0.00,0.42,0.22,0.03,1,376,1,0
"Assets/Synty/PolygonSciFiCity/Prefabs/Signs/SM_Sign_Neon_02.prefab","SM_Sign_Neon_02",Sign,Other,1.23,1.23,0.03,-0.62,-0.52,0.00,0.62,0.71,0.03,1,440,1,0
"Assets/Synty/PolygonSciFiCity/Prefabs/Signs/SM_Sign_Neon_03.prefab","SM_Sign_Neon_03",Sign,Other,1.40,1.23,0.03,-0.81,-0.54,0.00,0.59,0.69,0.03,1,372,1,0
"Assets/Synty/PolygonSciFiCity/Prefabs/Signs/SM_Sign_Neon_04.prefab","SM_Sign_Neon_04",Sign,Other,0.84,1.32,0.03,-0.42,-0.66,0.00,0.42,0.66,0.03,1,492,1,0
"Assets/Synty/PolygonSciFiCity/Prefabs/Signs/SM_Sign_Neon_05.prefab","SM_Sign_Neon_05",Sign,Other,0.93,1.62,0.03,-0.47,-0.81,0.00,0.47,0.81,0.03,1,592,1,0
"Assets/Synty/PolygonSciFiCity/Prefabs/Signs/SM_Sign_Neon_06.prefab","SM_Sign_Neon_06",Sign,Other,1.12,1.26,0.03,-0.56,-0.63,0.00,0.56,0.63,0.03,1,356,1,0
"Assets/Synty/PolygonSciFiCity/Prefabs/Signs/SM_Sign_Neon_07.prefab","SM_Sign_Neon_07",Sign,Other,1.44,2.11,0.03,-0.74,-1.06,0.00,0.70,1.06,0.03,1,372,1,0
"Assets/Synty/PolygonSciFiCity/Prefabs/Signs/SM_Sign_Neon_08.prefab","SM_Sign_Neon_08",Sign,Other,2.63,2.22,0.03,-1.89,-0.99,0.00,0.74,1.24,0.03,1,984,1,0
"Assets/Synty/PolygonSciFiCity/Prefabs/Signs/SM_Sign_Neon_09.prefab","SM_Sign_Neon_09",Sign,Other,7.50,4.39,0.03,-3.75,-2.19,0.00,3.75,2.19,0.03,1,5636,1,0
"Assets/Synty/PolygonSciFiCity/Prefabs/Signs/SM_Sign_Neon_Bulb_01.prefab","SM_Sign_Neon_Bulb_01",Sign,Other,0.07,0.07,0.00,-0.03,-0.03,0.00,0.03,0.03,0.00,1,8,1,0
"Assets/Synty/PolygonSciFiCity/Prefabs/Signs/SM_Sign_Neon_Bulb_02.prefab","SM_Sign_Neon_Bulb_02",Sign,Other,0.07,0.07,0.00,-0.03,-0.03,0.00,0.03,0.03,0.00,1,8,1,0
"Assets/Synty/PolygonSciFiCity/Prefabs/Signs/SM_Sign_Neon_Bulb_03.prefab","SM_Sign_Neon_Bulb_03",Sign,Other,0.07,0.07,0.00,-0.03,-0.03,0.00,0.03,0.03,0.00,1,8,1,0
"Assets/Synty/PolygonSciFiCity/Prefabs/Signs/SM_Sign_Neon_Bulb_04.prefab","SM_Sign_Neon_Bulb_04",Sign,Other,0.07,0.07,0.00,-0.03,-0.03,0.00,0.03,0.03,0.00,1,8,1,0
"Assets/Synty/PolygonSciFiCity/Prefabs/Signs/SM_Sign_Neon_Bulb_05.prefab","SM_Sign_Neon_Bulb_05",Sign,Other,0.07,0.07,0.00,-0.03,-0.03,0.00,0.03,0.03,0.00,1,8,1,0
"Assets/Synty/PolygonSciFiCity/Prefabs/Signs/SM_Sign_Neon_Bulb_06.prefab","SM_Sign_Neon_Bulb_06",Sign,Other,0.07,0.07,0.00,-0.03,-0.03,0.00,0.03,0.03,0.00,1,8,1,0
"Assets/Synty/PolygonSciFiCity/Prefabs/Signs/SM_Sign_Neon_Bulb_07.prefab","SM_Sign_Neon_Bulb_07",Sign,Other,0.07,0.07,0.00,-0.03,-0.03,0.00,0.03,0.03,0.00,1,8,1,0
"Assets/Synty/PolygonSciFiCity/Prefabs/Signs/SM_Sign_Neon_Flat_01.prefab","SM_Sign_Neon_Flat_01",Sign,Other,0.84,0.43,0.00,-0.42,-0.22,0.00,0.42,0.22,0.00,1,84,1,0
"Assets/Synty/PolygonSciFiCity/Prefabs/Signs/SM_Sign_Neon_Flat_02.prefab","SM_Sign_Neon_Flat_02",Sign,Other,1.23,1.23,0.00,-0.62,-0.52,0.00,0.62,0.71,0.00,1,102,1,0
"Assets/Synty/PolygonSciFiCity/Prefabs/Signs/SM_Sign_Neon_Flat_03.prefab","SM_Sign_Neon_Flat_03",Sign,Other,1.40,1.23,0.00,-0.81,-0.54,0.00,0.59,0.69,0.00,1,92,1,0
"Assets/Synty/PolygonSciFiCity/Prefabs/Signs/SM_Sign_Neon_Flat_04.prefab","SM_Sign_Neon_Flat_04",Sign,Other,0.84,1.32,0.00,-0.42,-0.66,0.00,0.42,0.66,0.00,1,118,1,0
"Assets/Synty/PolygonSciFiCity/Prefabs/Signs/SM_Sign_Neon_Flat_05.prefab","SM_Sign_Neon_Flat_05",Sign,Other,0.93,1.62,0.00,-0.47,-0.81,0.00,0.47,0.81,0.00,1,142,1,0
"Assets/Synty/PolygonSciFiCity/Prefabs/Signs/SM_Sign_Neon_Flat_06.prefab","SM_Sign_Neon_Flat_06",Sign,Other,1.12,1.26,0.00,-0.56,-0.63,0.00,0.56,0.63,0.00,1,88,1,0
"Assets/Synty/PolygonSciFiCity/Prefabs/Signs/SM_Sign_Neon_Flat_07.prefab","SM_Sign_Neon_Flat_07",Sign,Other,1.44,2.11,0.00,-0.74,-1.06,0.00,0.70,1.06,0.00,1,88,1,0
"Assets/Synty/PolygonSciFiCity/Prefabs/Signs/SM_Sign_Neon_Flat_08.prefab","SM_Sign_Neon_Flat_08",Sign,Other,2.63,2.22,0.00,-1.89,-0.99,0.00,0.74,1.24,0.00,1,226,1,0
"Assets/Synty/PolygonSciFiCity/Prefabs/Signs/SM_Sign_Neon_Flat_09.prefab","SM_Sign_Neon_Flat_09",Sign,Other,7.50,4.39,0.00,-3.75,-2.19,0.00,3.75,2.19,0.00,1,1368,1,0
"Assets/Synty/PolygonSciFiCity/Prefabs/Vehicles/SM_Veh_Armored_Truck_01.prefab","SM_Veh_Armored_Truck_01",Veh,Other,2.88,2.66,7.05,-1.44,0.00,-3.53,1.44,2.66,3.53,9,6193,2,0
"Assets/Synty/PolygonSciFiCity/Prefabs/Vehicles/SM_Veh_Armored_Truck_01_Hover.prefab","SM_Veh_Armored_Truck_01_Hover",Veh,Other,3.27,2.47,7.05,-1.63,0.19,-3.53,1.63,2.66,3.53,9,6753,2,0
"Assets/Synty/PolygonSciFiCity/Prefabs/Vehicles/SM_Veh_Armored_Truck_02.prefab","SM_Veh_Armored_Truck_02",Veh,Other,2.88,2.66,7.05,-1.44,0.00,-3.53,1.44,2.66,3.53,9,6203,2,0
"Assets/Synty/PolygonSciFiCity/Prefabs/Vehicles/SM_Veh_Armored_Truck_02_Hover.prefab","SM_Veh_Armored_Truck_02_Hover",Veh,Other,3.27,2.47,7.05,-1.63,0.19,-3.53,1.63,2.66,3.53,9,6763,2,0
"Assets/Synty/PolygonSciFiCity/Prefabs/Vehicles/SM_Veh_Armored_Truck_Cannon_01.prefab","SM_Veh_Armored_Truck_Cannon_01",Veh,Other,1.14,0.88,2.27,-0.63,0.00,-0.64,0.51,0.88,1.63,2,460,1,0
"Assets/Synty/PolygonSciFiCity/Prefabs/Vehicles/SM_Veh_Armored_Truck_Lights_01.prefab","SM_Veh_Armored_Truck_Lights_01",Veh,Other,1.43,0.55,0.32,-0.72,0.00,-0.07,0.72,0.55,0.26,1,750,1,0
"Assets/Synty/PolygonSciFiCity/Prefabs/Vehicles/SM_Veh_Classic_01.prefab","SM_Veh_Classic_01",Veh,Other,2.49,1.80,5.97,-1.24,0.00,-2.98,1.24,1.80,2.98,10,6328,2,0
"Assets/Synty/PolygonSciFiCity/Prefabs/Vehicles/SM_Veh_Classic_01_Hover.prefab","SM_Veh_Classic_01_Hover",Veh,Other,2.83,1.85,5.97,-1.42,-0.04,-2.98,1.42,1.80,2.98,11,7014,2,0
"Assets/Synty/PolygonSciFiCity/Prefabs/Vehicles/SM_Veh_Future_01.prefab","SM_Veh_Future_01",Veh,Other,2.74,1.59,5.24,-1.37,-0.02,-2.70,1.37,1.57,2.54,3,3780,2,0
"Assets/Synty/PolygonSciFiCity/Prefabs/Vehicles/SM_Veh_Future_Cop_01.prefab","SM_Veh_Future_Cop_01",Veh,Other,2.74,2.25,5.24,-1.37,-0.02,-2.70,1.37,2.22,2.54,3,4162,2,0
"Assets/Synty/PolygonSciFiCity/Prefabs/Vehicles/SM_Veh_Future_Taxi_01.prefab","SM_Veh_Future_Taxi_01",Veh,Other,2.74,1.79,5.24,-1.37,-0.02,-2.70,1.37,1.76,2.54,3,3816,2,0
"Assets/Synty/PolygonSciFiCity/Prefabs/Vehicles/SM_Veh_Garbage_01.prefab","SM_Veh_Garbage_01",Veh,Other,2.91,2.85,6.23,-1.46,0.00,-3.11,1.46,2.85,3.11,9,6240,2,0
"Assets/Synty/PolygonSciFiCity/Prefabs/Vehicles/SM_Veh_Garbage_01_Hover.prefab","SM_Veh_Garbage_01_Hover",Veh,Other,3.37,2.98,6.23,-1.69,-0.12,-3.11,1.69,2.85,3.11,9,5680,2,0
"Assets/Synty/PolygonSciFiCity/Prefabs/Vehicles/SM_Veh_Hover_Bike_01.prefab","SM_Veh_Hover_Bike_01",Veh,Other,1.02,1.29,2.28,-0.50,0.00,-1.08,0.52,1.29,1.20,3,2728,2,0
"Assets/Synty/PolygonSciFiCity/Prefabs/Vehicles/SM_Veh_Hoverboard_01.prefab","SM_Veh_Hoverboard_01",Veh,Other,0.35,0.20,1.63,-0.18,-0.13,-0.83,0.18,0.07,0.79,1,662,1,0
"Assets/Synty/PolygonSciFiCity/Prefabs/Vehicles/SM_Veh_Hoverboard_02.prefab","SM_Veh_Hoverboard_02",Veh,Other,0.79,0.19,0.79,-0.40,-0.16,-0.40,0.40,0.03,0.40,1,412,1,0
"Assets/Synty/PolygonSciFiCity/Prefabs/Vehicles/SM_Veh_Retro_01.prefab","SM_Veh_Retro_01",Veh,Other,2.64,1.65,5.67,-1.32,0.00,-2.84,1.32,1.65,2.84,11,5594,2,0
"Assets/Synty/PolygonSciFiCity/Prefabs/Vehicles/SM_Veh_Retro_01_Hover.prefab","SM_Veh_Retro_01_Hover",Veh,Other,4.13,2.20,5.70,-2.06,-0.18,-2.86,2.06,2.01,2.84,12,6982,2,0
"Assets/Synty/PolygonSciFiCity/Prefabs/Vehicles/SM_Veh_Sweepo_01.prefab","SM_Veh_Sweepo_01",Veh,Other,2.15,2.36,3.85,-1.09,-0.01,-1.84,1.06,2.35,2.01,9,4544,2,0
"Assets/Synty/PolygonSciFiCity/Prefabs/Weapons/SM_Wep_Ammo_Battery_01.prefab","SM_Wep_Ammo_Battery_01",Wep,Other,0.02,0.08,0.04,-0.01,-0.04,-0.02,0.01,0.04,0.02,1,192,1,0
"Assets/Synty/PolygonSciFiCity/Prefabs/Weapons/SM_Wep_Ammo_Pistol_01.prefab","SM_Wep_Ammo_Pistol_01",Wep,Other,0.02,0.04,0.02,-0.01,-0.02,-0.01,0.01,0.02,0.01,1,156,1,0
"Assets/Synty/PolygonSciFiCity/Prefabs/Weapons/SM_Wep_Ammo_Rifle_01.prefab","SM_Wep_Ammo_Rifle_01",Wep,Other,0.02,0.07,0.02,-0.01,-0.04,-0.01,0.01,0.04,0.01,1,180,1,0
"Assets/Synty/PolygonSciFiCity/Prefabs/Weapons/SM_Wep_Ammo_Shotgun_01.prefab","SM_Wep_Ammo_Shotgun_01",Wep,Other,0.03,0.07,0.03,-0.01,-0.04,-0.01,0.01,0.04,0.01,1,368,1,0
"Assets/Synty/PolygonSciFiCity/Prefabs/Weapons/SM_Wep_Attachment_Bipod_01.prefab","SM_Wep_Attachment_Bipod_01",Wep,Other,0.19,0.05,0.31,-0.09,-0.03,-0.02,0.09,0.03,0.29,2,264,1,0
"Assets/Synty/PolygonSciFiCity/Prefabs/Weapons/SM_Wep_Attachment_Foregrip_01.prefab","SM_Wep_Attachment_Foregrip_01",Wep,Other,0.05,0.15,0.30,-0.03,-0.15,-0.15,0.03,0.00,0.15,1,232,1,0
"Assets/Synty/PolygonSciFiCity/Prefabs/Weapons/SM_Wep_Attachment_Foregrip_02.prefab","SM_Wep_Attachment_Foregrip_02",Wep,Other,0.04,0.16,0.08,-0.02,-0.08,-0.04,0.02,0.08,0.03,1,156,1,0
"Assets/Synty/PolygonSciFiCity/Prefabs/Weapons/SM_Wep_Attachment_Handle_01.prefab","SM_Wep_Attachment_Handle_01",Wep,Other,0.05,0.10,0.30,-0.02,0.00,-0.15,0.02,0.10,0.15,1,128,1,0
"Assets/Synty/PolygonSciFiCity/Prefabs/Weapons/SM_Wep_Attachment_Handle_Scope_01.prefab","SM_Wep_Attachment_Handle_Scope_01",Wep,Other,0.05,0.10,0.30,-0.02,0.00,-0.15,0.02,0.10,0.15,1,428,1,0
"Assets/Synty/PolygonSciFiCity/Prefabs/Weapons/SM_Wep_Attachment_Handle_Scope_02.prefab","SM_Wep_Attachment_Handle_Scope_02",Wep,Other,0.05,0.10,0.22,-0.02,0.00,-0.11,0.02,0.10,0.11,1,428,1,0
"Assets/Synty/PolygonSciFiCity/Prefabs/Weapons/SM_Wep_Attachment_Handle_Scope_03.prefab","SM_Wep_Attachment_Handle_Scope_03",Wep,Other,0.05,0.10,0.46,-0.02,0.00,-0.23,0.02,0.10,0.23,1,428,1,0
"Assets/Synty/PolygonSciFiCity/Prefabs/Weapons/SM_Wep_Attachment_Ironsight_01.prefab","SM_Wep_Attachment_Ironsight_01",Wep,Other,0.04,0.05,0.05,-0.02,0.00,-0.03,0.02,0.05,0.03,1,172,1,0
"Assets/Synty/PolygonSciFiCity/Prefabs/Weapons/SM_Wep_Attachment_Ironsight_02.prefab","SM_Wep_Attachment_Ironsight_02",Wep,Other,0.04,0.05,0.05,-0.02,0.00,-0.03,0.02,0.05,0.03,1,220,1,0
"Assets/Synty/PolygonSciFiCity/Prefabs/Weapons/SM_Wep_Attachment_Ironsight_03.prefab","SM_Wep_Attachment_Ironsight_03",Wep,Other,0.02,0.05,0.13,-0.01,-0.01,-0.07,0.01,0.03,0.06,1,108,1,0
"Assets/Synty/PolygonSciFiCity/Prefabs/Weapons/SM_Wep_Attachment_Laser_01.prefab","SM_Wep_Attachment_Laser_01",Wep,Other,0.04,0.08,0.10,-0.02,-0.08,-0.04,0.02,0.00,0.06,1,332,1,0
"Assets/Synty/PolygonSciFiCity/Prefabs/Weapons/SM_Wep_Attachment_Rack_01.prefab","SM_Wep_Attachment_Rack_01",Wep,Other,0.02,0.01,0.08,-0.01,0.00,-0.04,0.01,0.01,0.04,1,72,1,0
"Assets/Synty/PolygonSciFiCity/Prefabs/Weapons/SM_Wep_Attachment_Rack_02.prefab","SM_Wep_Attachment_Rack_02",Wep,Other,0.02,0.01,0.13,-0.01,0.00,-0.07,0.01,0.01,0.07,1,112,1,0
"Assets/Synty/PolygonSciFiCity/Prefabs/Weapons/SM_Wep_Attachment_Rack_03.prefab","SM_Wep_Attachment_Rack_03",Wep,Other,0.02,0.01,0.22,-0.01,0.00,-0.11,0.01,0.01,0.11,1,192,1,0
"Assets/Synty/PolygonSciFiCity/Prefabs/Weapons/SM_Wep_Attachment_Rack_04.prefab","SM_Wep_Attachment_Rack_04",Wep,Other,0.02,0.01,0.29,-0.01,0.00,-0.15,0.01,0.01,0.15,1,252,1,0
"Assets/Synty/PolygonSciFiCity/Prefabs/Weapons/SM_Wep_Attachment_Redot_01.prefab","SM_Wep_Attachment_Redot_01",Wep,Other,0.07,0.08,0.14,-0.03,0.00,-0.08,0.03,0.08,0.07,1,182,1,0
"Assets/Synty/PolygonSciFiCity/Prefabs/Weapons/SM_Wep_Attachment_Redot_02.prefab","SM_Wep_Attachment_Redot_02",Wep,Other,0.05,0.08,0.13,-0.03,0.00,-0.05,0.03,0.08,0.07,1,176,1,0
"Assets/Synty/PolygonSciFiCity/Prefabs/Weapons/SM_Wep_Attachment_Redot_03.prefab","SM_Wep_Attachment_Redot_03",Wep,Other,0.06,0.09,0.03,-0.03,-0.01,-0.01,0.03,0.08,0.01,1,172,1,0
"Assets/Synty/PolygonSciFiCity/Prefabs/Weapons/SM_Wep_Attachment_Scope_01.prefab","SM_Wep_Attachment_Scope_01",Wep,Other,0.09,0.11,0.20,-0.05,0.00,-0.10,0.04,0.11,0.10,1,462,1,0
"Assets/Synty/PolygonSciFiCity/Prefabs/Weapons/SM_Wep_Attachment_Scope_02.prefab","SM_Wep_Attachment_Scope_02",Wep,Other,0.09,0.10,0.35,-0.05,0.00,-0.14,0.05,0.10,0.21,1,550,1,0
"Assets/Synty/PolygonSciFiCity/Prefabs/Weapons/SM_Wep_Attachment_Silencer_01.prefab","SM_Wep_Attachment_Silencer_01",Wep,Other,0.05,0.06,0.23,-0.02,-0.04,0.00,0.02,0.02,0.23,1,362,1,0
"Assets/Synty/PolygonSciFiCity/Prefabs/Weapons/SM_Wep_Attachment_Silencer_02.prefab","SM_Wep_Attachment_Silencer_02",Wep,Other,0.05,0.05,0.23,-0.03,-0.03,0.00,0.03,0.03,0.23,1,144,1,0
"Assets/Synty/PolygonSciFiCity/Prefabs/Weapons/SM_Wep_Crosshair_01.prefab","SM_Wep_Crosshair_01",Wep,Other,0.00,0.00,0.00,0.00,0.00,0.00,0.00,0.00,0.00,1,24,1,0
"Assets/Synty/PolygonSciFiCity/Prefabs/Weapons/SM_Wep_Crosshair_02.prefab","SM_Wep_Crosshair_02",Wep,Other,0.01,0.01,0.00,-0.01,-0.01,0.00,0.01,0.01,0.00,1,48,1,0
"Assets/Synty/PolygonSciFiCity/Prefabs/Weapons/SM_Wep_Crosshair_03.prefab","SM_Wep_Crosshair_03",Wep,Other,0.01,0.01,0.00,-0.01,0.00,0.00,0.01,0.00,0.00,1,20,1,0
"Assets/Synty/PolygonSciFiCity/Prefabs/Weapons/SM_Wep_Crosshair_04.prefab","SM_Wep_Crosshair_04",Wep,Other,0.01,0.01,0.00,-0.01,-0.01,0.00,0.01,0.01,0.00,1,72,1,0
"Assets/Synty/PolygonSciFiCity/Prefabs/Weapons/SM_Wep_Crosshair_05.prefab","SM_Wep_Crosshair_05",Wep,Other,0.01,0.01,0.00,-0.01,-0.01,0.00,0.01,0.01,0.00,1,72,1,0
"Assets/Synty/PolygonSciFiCity/Prefabs/Weapons/SM_Wep_Crosshair_Sniper_01.prefab","SM_Wep_Crosshair_Sniper_01",Wep,Other,0.05,0.05,0.00,-0.03,-0.03,0.00,0.03,0.03,0.00,1,152,1,0
"Assets/Synty/PolygonSciFiCity/Prefabs/Weapons/SM_Wep_DrumMag_01.prefab","SM_Wep_DrumMag_01",Wep,Other,0.16,0.20,0.13,-0.08,-0.16,-0.06,0.08,0.04,0.06,1,300,1,0
"Assets/Synty/PolygonSciFiCity/Prefabs/Weapons/SM_Wep_Grenade_Ball_01.prefab","SM_Wep_Grenade_Ball_01",Wep,Other,0.11,0.11,0.11,-0.06,-0.05,-0.06,0.06,0.05,0.06,1,448,1,0
"Assets/Synty/PolygonSciFiCity/Prefabs/Weapons/SM_Wep_Grenade_HE_01.prefab","SM_Wep_Grenade_HE_01",Wep,Other,0.10,0.20,0.11,-0.05,-0.09,-0.06,0.05,0.11,0.05,3,464,1,0
"Assets/Synty/PolygonSciFiCity/Prefabs/Weapons/SM_Wep_Grenade_Stun_01.prefab","SM_Wep_Grenade_Stun_01",Wep,Other,0.05,0.15,0.07,-0.02,-0.07,-0.04,0.02,0.08,0.03,2,318,1,0
"Assets/Synty/PolygonSciFiCity/Prefabs/Weapons/SM_Wep_Knife_01.prefab","SM_Wep_Knife_01",Wep,Other,0.03,0.48,0.08,-0.02,-0.08,-0.03,0.02,0.40,0.05,1,324,1,0
"Assets/Synty/PolygonSciFiCity/Prefabs/Weapons/SM_Wep_MachinePistol_Gen1_01.prefab","SM_Wep_MachinePistol_Gen1_01",Wep,Other,0.10,0.27,0.40,-0.05,-0.10,-0.11,0.05,0.17,0.29,5,1244,1,0
"Assets/Synty/PolygonSciFiCity/Prefabs/Weapons/SM_Wep_MachinePistol_Gen2_01.prefab","SM_Wep_MachinePistol_Gen2_01",Wep,Other,0.10,0.35,0.75,-0.05,-0.17,-0.43,0.05,0.18,0.31,5,1534,1,0
"Assets/Synty/PolygonSciFiCity/Prefabs/Weapons/SM_Wep_Mag_01.prefab","SM_Wep_Mag_01",Wep,Other,0.04,0.20,0.12,-0.02,-0.19,-0.05,0.02,0.01,0.07,1,220,1,0
"Assets/Synty/PolygonSciFiCity/Prefabs/Weapons/SM_Wep_Mag_Plasma_01.prefab","SM_Wep_Mag_Plasma_01",Wep,Other,0.05,0.10,0.12,-0.02,-0.05,-0.06,0.02,0.05,0.06,1,124,1,0
"Assets/Synty/PolygonSciFiCity/Prefabs/Weapons/SM_Wep_Mag_Plasma_02.prefab","SM_Wep_Mag_Plasma_02",Wep,Other,0.05,0.13,0.12,-0.02,-0.06,-0.06,0.02,0.06,0.06,1,204,1,0
"Assets/Synty/PolygonSciFiCity/Prefabs/Weapons/SM_Wep_Mag_Plasma_03.prefab","SM_Wep_Mag_Plasma_03",Wep,Other,0.13,0.13,0.12,-0.06,-0.07,-0.06,0.06,0.07,0.06,1,144,1,0
"Assets/Synty/PolygonSciFiCity/Prefabs/Weapons/SM_Wep_Mag_Round_01.prefab","SM_Wep_Mag_Round_01",Wep,Other,0.07,0.15,0.07,-0.04,-0.15,-0.04,0.04,0.00,0.04,1,208,1,0
"Assets/Synty/PolygonSciFiCity/Prefabs/Weapons/SM_Wep_Mag_Round_02.prefab","SM_Wep_Mag_Round_02",Wep,Other,0.09,0.18,0.09,-0.04,-0.18,-0.04,0.04,0.00,0.04,1,112,1,0
"Assets/Synty/PolygonSciFiCity/Prefabs/Weapons/SM_Wep_Pistol_01.prefab","SM_Wep_Pistol_01",Wep,Other,0.06,0.28,0.38,-0.03,-0.11,-0.08,0.03,0.17,0.30,3,1060,1,0
"Assets/Synty/PolygonSciFiCity/Prefabs/Weapons/SM_Wep_Revolver_01.prefab","SM_Wep_Revolver_01",Wep,Other,0.08,0.27,0.63,-0.04,-0.09,-0.08,0.04,0.18,0.55,4,2057,1,0
"Assets/Synty/PolygonSciFiCity/Prefabs/Weapons/SM_Wep_Rifle_Base_01.prefab","SM_Wep_Rifle_Base_01",Wep,Other,0.16,0.32,1.20,-0.09,-0.14,-0.42,0.07,0.19,0.77,6,2538,1,0
"Assets/Synty/PolygonSciFiCity/Prefabs/Weapons/SM_Wep_Rifle_Laser_01.prefab","SM_Wep_Rifle_Laser_01",Wep,Other,0.10,0.34,1.06,-0.05,-0.12,-0.33,0.05,0.21,0.73,3,1384,1,0
"Assets/Synty/PolygonSciFiCity/Prefabs/Weapons/SM_Wep_Rifle_Plasma_01.prefab","SM_Wep_Rifle_Plasma_01",Wep,Other,0.09,0.31,1.18,-0.04,-0.11,-0.42,0.04,0.20,0.76,2,1537,1,0
"Assets/Synty/PolygonSciFiCity/Prefabs/Weapons/SM_Wep_Rifle_Plasma_02.prefab","SM_Wep_Rifle_Plasma_02",Wep,Other,0.09,0.31,0.87,-0.04,-0.11,-0.34,0.04,0.20,0.53,2,1417,1,0
"Assets/Synty/PolygonSciFiCity/Prefabs/Weapons/SM_Wep_Rifle_Plasma_03.prefab","SM_Wep_Rifle_Plasma_03",Wep,Other,0.07,0.32,0.94,-0.03,-0.11,-0.34,0.03,0.21,0.61,2,1522,1,0
"Assets/Synty/PolygonSciFiCity/Prefabs/Weapons/SM_Wep_Rifle_Small_01.prefab","SM_Wep_Rifle_Small_01",Wep,Other,0.10,0.31,0.85,-0.05,-0.12,-0.35,0.05,0.19,0.50,5,2054,1,0
"Assets/Synty/PolygonSciFiCity/Prefabs/Weapons/SM_Wep_SMG_01.prefab","SM_Wep_SMG_01",Wep,Other,0.06,0.49,0.44,-0.03,-0.27,-0.12,0.03,0.22,0.31,4,1382,1,0
"Assets/Synty/PolygonSciFiCity/Prefabs/Weapons/SM_Wep_Shiv_01.prefab","SM_Wep_Shiv_01",Wep,Other,0.04,0.32,0.08,-0.02,-0.08,-0.04,0.02,0.25,0.04,1,328,1,0
"Assets/Synty/PolygonSciFiCity/Prefabs/Weapons/SM_Wep_Shotgun_Plasma_01.prefab","SM_Wep_Shotgun_Plasma_01",Wep,Other,0.07,0.31,1.05,-0.04,-0.11,-0.34,0.04,0.20,0.72,3,1538,1,0
"Assets/Synty/PolygonSciFiCity/Prefabs/Weapons/SM_Wep_Sniper_01.prefab","SM_Wep_Sniper_01",Wep,Other,0.11,0.34,1.54,-0.06,-0.08,-0.42,0.05,0.26,1.12,6,2876,1,0
"Assets/Synty/PolygonSciFiCity/Prefabs/Weapons/SM_Wep_Sniper_Plasma_02.prefab","SM_Wep_Sniper_Plasma_02",Wep,Other,0.09,0.31,1.32,-0.04,-0.11,-0.42,0.04,0.20,0.91,2,1625,1,0
"Assets/Synty/PolygonSciFiCity/Prefabs/Weapons/SM_Wep_Sniper_Scope_03.prefab","SM_Wep_Sniper_Scope_03",Wep,Other,0.11,0.08,0.27,-0.05,0.00,-0.13,0.05,0.08,0.13,1,492,1,0
"Assets/Synty/PolygonSciFiCity/Prefabs/Weapons/SM_Wep_Sword_01.prefab","SM_Wep_Sword_01",Wep,Other,0.08,1.22,0.26,-0.04,-0.10,-0.09,0.04,1.12,0.17,1,1124,1,0
"Assets/Synty/PolygonSciFiCity/Prefabs/Weapons/SM_Wep_Syringe_Gun_01.prefab","SM_Wep_Syringe_Gun_01",Wep,Other,0.18,0.26,0.45,-0.03,-0.09,-0.09,0.14,0.17,0.36,3,1046,1,0
"Assets/Synty/PolygonWesternFrontier/Prefabs/Buildings/SM_Bld_Barn_01.prefab","SM_Bld_Barn_01",Bld,Other,12.02,6.13,13.74,-6.01,0.00,-6.87,6.01,6.13,6.87,5,9910,1,0
"Assets/Synty/PolygonWesternFrontier/Prefabs/Buildings/SM_Bld_Cabin_01.prefab","SM_Bld_Cabin_01",Bld,Other,8.63,6.19,8.65,-4.61,-0.20,-3.20,4.02,5.99,5.45,3,5140,2,0
"Assets/Synty/PolygonWesternFrontier/Prefabs/Buildings/SM_Bld_Fort_Entrance_01.prefab","SM_Bld_Fort_Entrance_01",Bld,Other,5.01,7.12,4.50,-2.50,-0.03,-2.64,2.51,7.09,1.86,3,1900,1,0
"Assets/Synty/PolygonWesternFrontier/Prefabs/Buildings/SM_Bld_Fort_Entrance_02.prefab","SM_Bld_Fort_Entrance_02",Bld,Other,5.01,6.66,2.11,-2.50,0.00,-1.78,2.50,6.66,0.33,4,1650,1,0
"Assets/Synty/PolygonWesternFrontier/Prefabs/Buildings/SM_Bld_Fort_Stairs_01.prefab","SM_Bld_Fort_Stairs_01",Bld,Stair,1.64,4.69,5.58,-0.17,-0.20,-5.30,1.47,4.48,0.29,1,2277,1,0
"Assets/Synty/PolygonWesternFrontier/Prefabs/Buildings/SM_Bld_Fort_TowerCorner_01.prefab","SM_Bld_Fort_TowerCorner_01",Bld,Other,6.73,7.12,6.92,-5.03,0.00,-5.01,1.71,7.12,1.90,4,3912,1,0
"Assets/Synty/PolygonWesternFrontier/Prefabs/Buildings/SM_Bld_Fort_Tower_01.prefab","SM_Bld_Fort_Tower_01",Bld,Other,3.41,9.07,3.56,-1.70,0.00,-1.78,1.70,9.07,1.78,1,1202,1,0
"Assets/Synty/PolygonWesternFrontier/Prefabs/Buildings/SM_Bld_Fort_Walkway_01.prefab","SM_Bld_Fort_Walkway_01",Bld,Other,5.00,3.61,2.03,-2.50,0.00,-1.02,2.50,3.61,1.02,1,592,1,0
"Assets/Synty/PolygonWesternFrontier/Prefabs/Buildings/SM_Bld_Fort_Wall_01.prefab","SM_Bld_Fort_Wall_01",Bld,Wall,5.00,5.06,2.05,-2.50,0.00,-1.78,2.50,5.06,0.26,2,1131,1,0
"Assets/Synty/PolygonWesternFrontier/Prefabs/Buildings/SM_Bld_Fort_Wall_02.prefab","SM_Bld_Fort_Wall_02",Bld,Wall,5.00,6.66,2.03,-2.50,0.00,-1.78,2.50,6.66,0.25,2,1143,1,0
"Assets/Synty/PolygonWesternFrontier/Prefabs/Buildings/SM_Bld_Mexican_01.prefab","SM_Bld_Mexican_01",Bld,Other,6.07,4.60,10.87,-3.03,0.00,-5.45,3.03,4.60,5.41,3,6726,1,0
"Assets/Synty/PolygonWesternFrontier/Prefabs/Buildings/SM_Bld_Mexican_02.prefab","SM_Bld_Mexican_02",Bld,Other,9.60,6.07,7.39,-4.80,0.00,-3.69,4.80,6.07,3.69,2,3153,1,0
"Assets/Synty/PolygonWesternFrontier/Prefabs/Buildings/SM_Bld_Mexican_03.prefab","SM_Bld_Mexican_03",Bld,Other,3.02,3.52,3.71,-1.51,0.00,-1.85,1.51,3.52,1.85,2,793,1,0
"Assets/Synty/PolygonWesternFrontier/Prefabs/Buildings/SM_Bld_Mexican_04.prefab","SM_Bld_Mexican_04",Bld,Other,5.60,3.52,3.71,-2.80,0.00,-1.85,2.80,3.52,1.85,3,1158,1,0
"Assets/Synty/PolygonWesternFrontier/Prefabs/Buildings/SM_Bld_Mexican_Entrance_01.prefab","SM_Bld_Mexican_Entrance_01",Bld,Other,4.35,4.18,0.50,-2.18,0.00,-0.25,2.18,4.18,0.25,3,662,1,0
"Assets/Synty/PolygonWesternFrontier/Prefabs/Buildings/SM_Bld_Mexican_Wall_01.prefab","SM_Bld_Mexican_Wall_01",Bld,Wall,5.00,2.92,2.65,-5.00,0.00,-2.43,0.00,2.92,0.22,2,953,1,0
"Assets/Synty/PolygonWesternFrontier/Prefabs/Buildings/SM_Bld_Mexican_Wall_Corner_01.prefab","SM_Bld_Mexican_Wall_Corner_01",Bld,Wall,5.00,2.92,5.00,-5.00,0.00,-5.00,0.00,2.92,0.00,2,1128,1,0
"Assets/Synty/PolygonWesternFrontier/Prefabs/Buildings/SM_Bld_Mexican_Wall_End_01.prefab","SM_Bld_Mexican_Wall_End_01",Bld,Wall,0.83,4.29,0.83,-0.42,0.00,-0.42,0.42,4.29,0.42,1,296,1,0
"Assets/Synty/PolygonWesternFrontier/Prefabs/Buildings/SM_Bld_Mexican_Wall_Small_01.prefab","SM_Bld_Mexican_Wall_Small_01",Bld,Wall,3.23,1.60,0.73,-1.61,0.00,-0.36,1.61,1.60,0.36,1,180,1,0
"Assets/Synty/PolygonWesternFrontier/Prefabs/Buildings/SM_Bld_Mexican_Wall_Small_02.prefab","SM_Bld_Mexican_Wall_Small_02",Bld,Wall,2.16,1.31,0.41,-1.08,0.00,-0.21,1.08,1.31,0.21,1,80,1,0
"Assets/Synty/PolygonWesternFrontier/Prefabs/Buildings/SM_Bld_Mexican_Wall_Small_End_01.prefab","SM_Bld_Mexican_Wall_Small_End_01",Bld,Wall,2.16,1.31,0.42,-1.08,0.00,-0.21,1.08,1.31,0.21,1,128,1,0
"Assets/Synty/PolygonWesternFrontier/Prefabs/Buildings/SM_Bld_Mexican_Wall_Small_Entrance_01.prefab","SM_Bld_Mexican_Wall_Small_Entrance_01",Bld,Wall,8.20,3.50,0.73,-4.10,0.00,-0.36,4.10,3.50,0.36,1,390,1,0
"Assets/Synty/PolygonWesternFrontier/Prefabs/Buildings/SM_Bld_Outhouse_01.prefab","SM_Bld_Outhouse_01",Bld,Other,1.70,3.13,2.27,-0.90,0.00,-1.10,0.80,3.13,1.17,2,1030,1,0
"Assets/Synty/PolygonWesternFrontier/Prefabs/Buildings/SM_Bld_Quarry_01.prefab","SM_Bld_Quarry_01",Bld,Other,5.43,5.56,6.19,-2.71,0.00,-3.09,2.71,5.56,3.09,2,2318,2,0
"Assets/Synty/PolygonWesternFrontier/Prefabs/Buildings/SM_Bld_Quarry_02.prefab","SM_Bld_Quarry_02",Bld,Other,3.99,3.49,2.48,-2.00,0.00,-1.24,2.00,3.49,1.24,2,1531,2,0
"Assets/Synty/PolygonWesternFrontier/Prefabs/Buildings/SM_Bld_Quarry_03.prefab","SM_Bld_Quarry_03",Bld,Other,5.80,3.29,5.73,-2.90,0.00,-2.87,2.90,3.29,2.87,1,742,1,0
"Assets/Synty/PolygonWesternFrontier/Prefabs/Buildings/SM_Bld_Quarry_04.prefab","SM_Bld_Quarry_04",Bld,Other,5.47,6.05,5.78,-2.74,0.00,-2.89,2.74,6.05,2.89,1,2222,1,0
"Assets/Synty/PolygonWesternFrontier/Prefabs/Buildings/SM_Bld_Quarry_05.prefab","SM_Bld_Quarry_05",Bld,Other,3.14,11.09,11.13,-1.57,-5.55,-5.57,1.57,5.55,5.57,2,3484,2,0
"Assets/Synty/PolygonWesternFrontier/Prefabs/Buildings/SM_Bld_Quarry_Chimney_01.prefab","SM_Bld_Quarry_Chimney_01",Bld,Other,0.94,5.37,0.81,-0.47,0.00,-0.41,0.47,5.37,0.41,1,108,1,0
"Assets/Synty/PolygonWesternFrontier/Prefabs/Buildings/SM_Bld_Quarry_Cover_01.prefab","SM_Bld_Quarry_Cover_01",Bld,Other,3.76,3.34,3.03,-1.88,0.00,-1.51,1.88,3.34,1.51,1,2184,1,0
"Assets/Synty/PolygonWesternFrontier/Prefabs/Buildings/SM_Bld_Quarry_Framing_01.prefab","SM_Bld_Quarry_Framing_01",Bld,Other,4.43,5.16,4.49,-2.21,-1.06,-2.24,2.21,4.10,2.24,1,1472,1,0
"Assets/Synty/PolygonWesternFrontier/Prefabs/Buildings/SM_Bld_Quarry_Framing_02.prefab","SM_Bld_Quarry_Framing_02",Bld,Other,2.42,2.26,0.18,-1.21,0.00,-0.09,1.21,2.26,0.09,1,248,1,0
"Assets/Synty/PolygonWesternFrontier/Prefabs/Buildings/SM_Bld_Quarry_Framing_03.prefab","SM_Bld_Quarry_Framing_03",Bld,Other,5.71,5.75,0.76,-2.85,0.00,-0.38,2.85,5.75,0.38,1,438,1,0
"Assets/Synty/PolygonWesternFrontier/Prefabs/Buildings/SM_Bld_Quarry_Tower_01.prefab","SM_Bld_Quarry_Tower_01",Bld,Other,6.02,21.81,5.96,-3.01,0.00,-2.98,3.01,21.81,2.98,1,8278,1,0
"Assets/Synty/PolygonWesternFrontier/Prefabs/Buildings/SM_Bld_Quarry_Tower_02.prefab","SM_Bld_Quarry_Tower_02",Bld,Other,6.02,11.22,5.96,-3.01,0.00,-2.98,3.01,11.22,2.98,1,4750,1,0
"Assets/Synty/PolygonWesternFrontier/Prefabs/Buildings/SM_Bld_Roof_Patch_01.prefab","SM_Bld_Roof_Patch_01",Bld,Roof,2.02,0.32,3.86,-1.01,-0.11,-1.93,1.01,0.21,1.93,1,250,1,0
"Assets/Synty/PolygonWesternFrontier/Prefabs/Buildings/SM_Bld_Steps_01.prefab","SM_Bld_Steps_01",Bld,Other,2.13,0.64,1.46,-1.06,0.00,-0.73,1.06,0.64,0.73,1,192,1,0
"Assets/Synty/PolygonWesternFrontier/Prefabs/Buildings/SM_Bld_Teepee_01.prefab","SM_Bld_Teepee_01",Bld,Other,5.12,6.68,5.12,-2.56,-0.29,-2.56,2.56,6.39,2.56,1,1412,1,0
"Assets/Synty/PolygonWesternFrontier/Prefabs/Buildings/SM_Bld_Teepee_02.prefab","SM_Bld_Teepee_02",Bld,Other,5.12,7.43,5.27,-2.56,-0.51,-2.56,2.56,6.92,2.71,1,1652,1,0
"Assets/Synty/PolygonWesternFrontier/Prefabs/Buildings/SM_Bld_Teepee_03.prefab","SM_Bld_Teepee_03",Bld,Other,6.14,7.78,6.13,-3.07,-0.34,-3.05,3.07,7.45,3.08,1,1412,1,0
"Assets/Synty/PolygonWesternFrontier/Prefabs/Buildings/SM_Bld_Tent_01.prefab","SM_Bld_Tent_01",Bld,Other,7.51,2.65,4.11,-3.75,-0.45,-2.06,3.75,2.20,2.06,1,904,1,0
"Assets/Synty/PolygonWesternFrontier/Prefabs/Buildings/SM_Bld_Tent_02.prefab","SM_Bld_Tent_02",Bld,Other,3.61,2.65,4.11,-1.80,-0.45,-2.07,1.80,2.20,2.04,1,550,1,0
"Assets/Synty/PolygonWesternFrontier/Prefabs/Characters/SM_Chr_Bandit_Male_01.prefab","SM_Chr_Bandit_Male_01",Chr,Other,2.05,2.20,0.93,-1.02,0.00,-0.50,1.02,2.20,0.43,21,55057,1,1
"Assets/Synty/PolygonWesternFrontier/Prefabs/Characters/SM_Chr_Captain_Male_01.prefab","SM_Chr_Captain_Male_01",Chr,Other,2.05,2.20,0.93,-1.02,0.00,-0.50,1.02,2.20,0.43,21,55057,1,1
"Assets/Synty/PolygonWesternFrontier/Prefabs/Characters/SM_Chr_GoldMiner_Male_01.prefab","SM_Chr_GoldMiner_Male_01",Chr,Other,2.05,2.20,0.93,-1.02,0.00,-0.50,1.02,2.20,0.43,21,55057,1,1
"Assets/Synty/PolygonWesternFrontier/Prefabs/Characters/SM_Chr_GoldMiner_Male_02.prefab","SM_Chr_GoldMiner_Male_02",Chr,Other,2.05,2.20,0.93,-1.02,0.00,-0.50,1.02,2.20,0.43,21,55057,1,1
"Assets/Synty/PolygonWesternFrontier/Prefabs/Characters/SM_Chr_Hunter_Male_01.prefab","SM_Chr_Hunter_Male_01",Chr,Other,2.05,2.20,0.93,-1.02,0.00,-0.50,1.02,2.20,0.43,21,55057,1,1
"Assets/Synty/PolygonWesternFrontier/Prefabs/Characters/SM_Chr_Mexican_Female_01.prefab","SM_Chr_Mexican_Female_01",Chr,Other,2.05,2.20,0.93,-1.02,0.00,-0.50,1.02,2.20,0.43,21,55057,1,1
"Assets/Synty/PolygonWesternFrontier/Prefabs/Characters/SM_Chr_Mexican_Male_01.prefab","SM_Chr_Mexican_Male_01",Chr,Other,2.05,2.20,0.93,-1.02,0.00,-0.50,1.02,2.20,0.43,21,55057,1,1
"Assets/Synty/PolygonWesternFrontier/Prefabs/Characters/SM_Chr_Mexican_Male_02.prefab","SM_Chr_Mexican_Male_02",Chr,Other,2.05,2.20,0.93,-1.02,0.00,-0.50,1.02,2.20,0.43,21,55057,1,1
"Assets/Synty/PolygonWesternFrontier/Prefabs/Characters/SM_Chr_NativeAmericanChief_Male_01.prefab","SM_Chr_NativeAmericanChief_Male_01",Chr,Other,2.05,2.20,0.93,-1.02,0.00,-0.50,1.02,2.20,0.43,21,55057,1,1
"Assets/Synty/PolygonWesternFrontier/Prefabs/Characters/SM_Chr_NativeAmericanElder_Female_01.prefab","SM_Chr_NativeAmericanElder_Female_01",Chr,Other,2.05,2.20,0.93,-1.02,0.00,-0.50,1.02,2.20,0.43,21,55057,1,1
"Assets/Synty/PolygonWesternFrontier/Prefabs/Characters/SM_Chr_NativeAmericanWarrior_Female_01.prefab","SM_Chr_NativeAmericanWarrior_Female_01",Chr,Other,2.05,2.20,0.93,-1.02,0.00,-0.50,1.02,2.20,0.43,21,55057,1,1
"Assets/Synty/PolygonWesternFrontier/Prefabs/Characters/SM_Chr_NativeAmericanWarrior_Male_01.prefab","SM_Chr_NativeAmericanWarrior_Male_01",Chr,Other,2.05,2.20,0.93,-1.02,0.00,-0.50,1.02,2.20,0.43,21,55057,1,1
"Assets/Synty/PolygonWesternFrontier/Prefabs/Characters/SM_Chr_NativeAmericanWarrior_Male_02.prefab","SM_Chr_NativeAmericanWarrior_Male_02",Chr,Other,2.05,2.20,0.93,-1.02,0.00,-0.50,1.02,2.20,0.43,21,55057,1,1
"Assets/Synty/PolygonWesternFrontier/Prefabs/Characters/SM_Chr_NativeAmericanWarrior_Male_03.prefab","SM_Chr_NativeAmericanWarrior_Male_03",Chr,Other,2.05,2.20,0.93,-1.02,0.00,-0.50,1.02,2.20,0.43,21,55057,1,1
"Assets/Synty/PolygonWesternFrontier/Prefabs/Characters/SM_Chr_NativeAmerican_Female_01.prefab","SM_Chr_NativeAmerican_Female_01",Chr,Other,2.05,2.20,0.93,-1.02,0.00,-0.50,1.02,2.20,0.43,21,55057,1,1
"Assets/Synty/PolygonWesternFrontier/Prefabs/Characters/SM_Chr_Priest_Male_01.prefab","SM_Chr_Priest_Male_01",Chr,Other,2.05,2.20,0.93,-1.02,0.00,-0.50,1.02,2.20,0.43,21,55057,1,1
"Assets/Synty/PolygonWesternFrontier/Prefabs/Characters/SM_Chr_Salesman_Male_01.prefab","SM_Chr_Salesman_Male_01",Chr,Other,2.05,2.20,0.93,-1.02,0.00,-0.50,1.02,2.20,0.43,21,55057,1,1
"Assets/Synty/PolygonWesternFrontier/Prefabs/Characters/SM_Chr_Soldier_Male_01.prefab","SM_Chr_Soldier_Male_01",Chr,Other,2.05,2.20,0.93,-1.02,0.00,-0.50,1.02,2.20,0.43,21,55057,1,1
"Assets/Synty/PolygonWesternFrontier/Prefabs/Characters/SM_Chr_Thug_Male_01.prefab","SM_Chr_Thug_Male_01",Chr,Other,2.05,2.20,0.93,-1.02,0.00,-0.50,1.02,2.20,0.43,21,55057,1,1
"Assets/Synty/PolygonWesternFrontier/Prefabs/Characters/SM_Chr_Thug_Male_02.prefab","SM_Chr_Thug_Male_02",Chr,Other,2.05,2.20,0.93,-1.02,0.00,-0.50,1.02,2.20,0.43,21,55057,1,1
"Assets/Synty/PolygonWesternFrontier/Prefabs/Characters/SM_Chr_Traveller_Female_01.prefab","SM_Chr_Traveller_Female_01",Chr,Other,2.05,2.20,0.93,-1.02,0.00,-0.50,1.02,2.20,0.43,21,55057,1,1
"Assets/Synty/PolygonWesternFrontier/Prefabs/Environments/SM_Env_BackgroundCard_01.prefab","SM_Env_BackgroundCard_01",Env,Other,27.45,8.60,4.31,-14.64,-6.38,-1.17,12.81,2.22,3.14,1,25,1,0
"Assets/Synty/PolygonWesternFrontier/Prefabs/Environments/SM_Env_BackgroundCard_02.prefab","SM_Env_BackgroundCard_02",Env,Other,34.94,10.53,4.47,-17.66,-6.38,-1.16,17.28,4.15,3.31,1,56,1,0
"Assets/Synty/PolygonWesternFrontier/Prefabs/Environments/SM_Env_BackgroundCard_03.prefab","SM_Env_BackgroundCard_03",Env,Other,45.01,14.44,7.06,-24.01,-6.40,-1.91,21.00,8.04,5.15,1,25,1,0
"Assets/Synty/PolygonWesternFrontier/Prefabs/Environments/SM_Env_Birch_01.prefab","SM_Env_Birch_01",Env,Other,3.35,7.97,2.73,-1.48,0.00,-1.49,1.86,7.97,1.24,1,568,1,0
"Assets/Synty/PolygonWesternFrontier/Prefabs/Environments/SM_Env_Birch_02.prefab","SM_Env_Birch_02",Env,Other,3.14,8.86,3.64,-1.64,0.00,-1.82,1.50,8.86,1.82,1,410,1,0
"Assets/Synty/PolygonWesternFrontier/Prefabs/Environments/SM_Env_Birch_03.prefab","SM_Env_Birch_03",Env,Other,3.08,9.44,3.37,-1.59,0.00,-1.55,1.49,9.44,1.81,1,402,1,0
"Assets/Synty/PolygonWesternFrontier/Prefabs/Environments/SM_Env_Birch_Clump_01.prefab","SM_Env_Birch_Clump_01",Env,Other,15.12,9.42,12.04,-7.56,0.00,-6.02,7.56,9.42,6.02,1,1424,1,0
"Assets/Synty/PolygonWesternFrontier/Prefabs/Environments/SM_Env_Bridge_01.prefab","SM_Env_Bridge_01",Env,Other,8.05,9.62,4.48,-4.02,-7.72,-2.21,4.02,1.90,2.27,1,1358,1,0
"Assets/Synty/PolygonWesternFrontier/Prefabs/Environments/SM_Env_Bush_01.prefab","SM_Env_Bush_01",Env,Other,0.49,0.78,0.49,-0.23,-0.08,-0.22,0.26,0.70,0.26,1,218,1,0
"Assets/Synty/PolygonWesternFrontier/Prefabs/Environments/SM_Env_Cactus_01.prefab","SM_Env_Cactus_01",Env,Other,0.74,0.81,0.57,-0.34,0.00,-0.24,0.40,0.81,0.33,1,1068,1,0
"Assets/Synty/PolygonWesternFrontier/Prefabs/Environments/SM_Env_Cactus_02.prefab","SM_Env_Cactus_02",Env,Other,0.35,1.39,0.35,-0.22,0.00,-0.18,0.13,1.39,0.17,1,244,1,0
"Assets/Synty/PolygonWesternFrontier/Prefabs/Environments/SM_Env_Cactus_03.prefab","SM_Env_Cactus_03",Env,Other,2.18,0.45,1.22,-1.09,-0.06,-0.61,1.09,0.39,0.61,1,858,1,0
"Assets/Synty/PolygonWesternFrontier/Prefabs/Environments/SM_Env_Cactus_Large_01.prefab","SM_Env_Cactus_Large_01",Env,Other,2.37,2.33,2.79,-1.48,0.00,-1.61,0.89,2.33,1.18,1,1420,1,0
"Assets/Synty/PolygonWesternFrontier/Prefabs/Environments/SM_Env_Cactus_Large_02.prefab","SM_Env_Cactus_Large_02",Env,Other,1.17,2.30,0.59,-0.25,0.02,-0.44,0.92,2.32,0.15,1,420,1,0
"Assets/Synty/PolygonWesternFrontier/Prefabs/Environments/SM_Env_Cactus_Large_03.prefab","SM_Env_Cactus_Large_03",Env,Other,1.76,2.30,0.77,-0.86,0.02,-0.45,0.89,2.32,0.32,1,620,1,0
"Assets/Synty/PolygonWesternFrontier/Prefabs/Environments/SM_Env_Cactus_Large_04.prefab","SM_Env_Cactus_Large_04",Env,Other,2.43,2.32,2.06,-1.44,0.00,-0.74,0.99,2.32,1.32,1,1060,1,0
"Assets/Synty/PolygonWesternFrontier/Prefabs/Environments/SM_Env_Cactus_Large_05.prefab","SM_Env_Cactus_Large_05",Env,Other,1.81,2.34,1.75,-1.00,0.00,-0.95,0.81,2.34,0.80,1,880,1,0
"Assets/Synty/PolygonWesternFrontier/Prefabs/Environments/SM_Env_Cactus_Large_06.prefab","SM_Env_Cactus_Large_06",Env,Other,1.08,2.34,1.02,-0.69,0.00,-0.67,0.39,2.34,0.35,1,640,1,0
"Assets/Synty/PolygonWesternFrontier/Prefabs/Environments/SM_Env_Cactus_Large_07.prefab","SM_Env_Cactus_Large_07",Env,Other,0.85,1.37,0.62,-0.36,0.00,-0.32,0.48,1.37,0.30,1,280,1,0
"Assets/Synty/PolygonWesternFrontier/Prefabs/Environments/SM_Env_Cactus_Large_08.prefab","SM_Env_Cactus_Large_08",Env,Other,0.52,1.36,0.51,-0.26,0.02,-0.27,0.26,1.38,0.24,1,140,1,0
"Assets/Synty/PolygonWesternFrontier/Prefabs/Environments/SM_Env_Flower_01.prefab","SM_Env_Flower_01",Env,Other,0.33,0.43,0.37,-0.22,-0.12,-0.21,0.11,0.32,0.16,1,78,1,0
"Assets/Synty/PolygonWesternFrontier/Prefabs/Environments/SM_Env_Flower_02.prefab","SM_Env_Flower_02",Env,Other,0.58,0.48,0.41,-0.29,-0.12,-0.21,0.29,0.36,0.21,1,128,1,0
"Assets/Synty/PolygonWesternFrontier/Prefabs/Environments/SM_Env_Grass_Desert_01.prefab","SM_Env_Grass_Desert_01",Env,Other,0.60,0.71,0.57,-0.30,-0.10,-0.40,0.30,0.62,0.16,1,150,1,0
"Assets/Synty/PolygonWesternFrontier/Prefabs/Environments/SM_Env_Grass_Shrub_01.prefab","SM_Env_Grass_Shrub_01",Env,Other,1.32,0.88,1.42,-0.69,-0.05,-0.85,0.64,0.83,0.56,1,1342,1,0
"Assets/Synty/PolygonWesternFrontier/Prefabs/Environments/SM_Env_Mine_Entrance_01.prefab","SM_Env_Mine_Entrance_01",Env,Other,4.04,3.24,0.99,-2.01,-0.12,-0.66,2.03,3.12,0.33,1,504,1,0
"Assets/Synty/PolygonWesternFrontier/Prefabs/Environments/SM_Env_Mine_Entrance_Blocked_01.prefab","SM_Env_Mine_Entrance_Blocked_01",Env,Other,3.35,2.42,0.39,-1.73,0.24,-0.11,1.62,2.65,0.28,1,504,1,0
"Assets/Synty/PolygonWesternFrontier/Prefabs/Environments/SM_Env_Mine_Framing_01.prefab","SM_Env_Mine_Framing_01",Env,Other,3.54,3.12,0.35,-1.76,-0.12,-0.18,1.78,3.00,0.18,1,232,1,0
"Assets/Synty/PolygonWesternFrontier/Prefabs/Environments/SM_Env_Mine_Framing_02.prefab","SM_Env_Mine_Framing_02",Env,Other,3.16,3.10,0.35,-1.59,-0.10,-0.18,1.57,3.00,0.17,1,232,1,0
"Assets/Synty/PolygonWesternFrontier/Prefabs/Environments/SM_Env_Mine_Track_Angled_01.prefab","SM_Env_Mine_Track_Angled_01",Env,Other,1.59,1.64,3.00,-0.80,-1.48,-1.50,0.79,0.16,1.50,1,160,1,0
"Assets/Synty/PolygonWesternFrontier/Prefabs/Environments/SM_Env_Mine_Track_Angled_02.prefab","SM_Env_Mine_Track_Angled_02",Env,Other,1.59,1.64,3.00,-0.80,-1.48,-1.50,0.79,0.16,1.50,1,256,1,0
"Assets/Synty/PolygonWesternFrontier/Prefabs/Environments/SM_Env_Mine_Track_Angled_03.prefab","SM_Env_Mine_Track_Angled_03",Env,Other,1.59,1.67,3.00,-0.80,-1.51,-1.50,0.79,0.16,1.50,1,256,1,0
"Assets/Synty/PolygonWesternFrontier/Prefabs/Environments/SM_Env_Mine_Track_Angled_04.prefab","SM_Env_Mine_Track_Angled_04",Env,Other,1.59,1.67,3.00,-0.80,-1.51,-1.50,0.79,0.16,1.50,1,448,1,0
"Assets/Synty/PolygonWesternFrontier/Prefabs/Environments/SM_Env_Mine_Track_Barrier_01.prefab","SM_Env_Mine_Track_Barrier_01",Env,Railing,0.27,1.00,2.81,-0.13,0.00,-1.41,0.13,1.00,1.41,1,118,1,0
"Assets/Synty/PolygonWesternFrontier/Prefabs/Environments/SM_Env_Mine_Track_Base_01.prefab","SM_Env_Mine_Track_Base_01",Env,Other,3.00,0.12,3.07,-1.50,-0.11,-1.52,1.50,0.01,1.55,1,108,1,0
"Assets/Synty/PolygonWesternFrontier/Prefabs/Environments/SM_Env_Mine_Track_Base_02.prefab","SM_Env_Mine_Track_Base_02",Env,Other,3.00,0.12,3.07,-1.50,-0.11,-1.52,1.50,0.01,1.55,1,220,1,0
"Assets/Synty/PolygonWesternFrontier/Prefabs/Environments/SM_Env_Mine_Track_Base_Angled_01.prefab","SM_Env_Mine_Track_Base_Angled_01",Env,Other,3.00,1.63,3.15,-1.50,-1.64,-1.56,1.50,-0.01,1.59,1,108,1,0
"Assets/Synty/PolygonWesternFrontier/Prefabs/Environments/SM_Env_Mine_Track_Base_Angled_02.prefab","SM_Env_Mine_Track_Base_Angled_02",Env,Other,3.00,1.65,3.05,-1.50,-1.63,-1.52,1.50,0.01,1.53,1,164,1,0
"Assets/Synty/PolygonWesternFrontier/Prefabs/Environments/SM_Env_Mine_Track_Base_Angled_03.prefab","SM_Env_Mine_Track_Base_Angled_03",Env,Other,3.00,1.63,3.04,-1.50,-1.64,-1.52,1.50,-0.01,1.53,1,164,1,0
"Assets/Synty/PolygonWesternFrontier/Prefabs/Environments/SM_Env_Mine_Track_Base_Angled_04.prefab","SM_Env_Mine_Track_Base_Angled_04",Env,Other,3.00,1.64,3.01,-1.50,-1.63,-1.52,1.50,0.01,1.50,1,332,1,0
"Assets/Synty/PolygonWesternFrontier/Prefabs/Environments/SM_Env_Mine_Track_Base_Frame_01.prefab","SM_Env_Mine_Track_Base_Frame_01",Env,Other,3.00,0.24,3.02,-1.50,-0.35,-1.51,1.50,-0.11,1.51,1,72,1,0
"Assets/Synty/PolygonWesternFrontier/Prefabs/Environments/SM_Env_Mine_Track_Cross_01.prefab","SM_Env_Mine_Track_Cross_01",Env,Other,3.00,0.21,3.00,-1.50,-0.04,-1.50,1.50,0.17,1.50,1,392,1,0
"Assets/Synty/PolygonWesternFrontier/Prefabs/Environments/SM_Env_Mine_Track_Curved_01.prefab","SM_Env_Mine_Track_Curved_01",Env,Other,5.27,0.20,5.28,-4.50,-0.04,-1.50,0.77,0.16,3.78,1,784,1,0
"Assets/Synty/PolygonWesternFrontier/Prefabs/Environments/SM_Env_Mine_Track_Curved_02.prefab","SM_Env_Mine_Track_Curved_02",Env,Other,2.33,0.20,2.28,-1.50,-0.04,-1.50,0.83,0.16,0.78,1,316,1,0
"Assets/Synty/PolygonWesternFrontier/Prefabs/Environments/SM_Env_Mine_Track_End_01.prefab","SM_Env_Mine_Track_End_01",Env,Other,1.59,0.70,2.07,-0.79,-0.54,-1.50,0.79,0.16,0.57,1,328,1,0
"Assets/Synty/PolygonWesternFrontier/Prefabs/Environments/SM_Env_Mine_Track_End_02.prefab","SM_Env_Mine_Track_End_02",Env,Other,1.59,0.44,2.34,-0.79,-0.04,-1.50,0.79,0.40,0.84,1,280,1,0
"Assets/Synty/PolygonWesternFrontier/Prefabs/Environments/SM_Env_Mine_Track_Ending_Block_01.prefab","SM_Env_Mine_Track_Ending_Block_01",Env,Other,1.85,1.27,1.18,-0.93,0.00,-0.59,0.92,1.27,0.59,1,552,1,0
"Assets/Synty/PolygonWesternFrontier/Prefabs/Environments/SM_Env_Mine_Track_Frame_01.prefab","SM_Env_Mine_Track_Frame_01",Env,Other,4.16,9.59,1.10,-2.08,-8.67,-0.55,2.08,0.92,0.55,1,664,1,0
"Assets/Synty/PolygonWesternFrontier/Prefabs/Environments/SM_Env_Mine_Track_Frame_02.prefab","SM_Env_Mine_Track_Frame_02",Env,Other,3.85,9.59,1.12,-1.93,-8.67,-0.56,1.93,0.92,0.56,1,400,1,0
"Assets/Synty/PolygonWesternFrontier/Prefabs/Environments/SM_Env_Mine_Track_Frame_03.prefab","SM_Env_Mine_Track_Frame_03",Env,Other,4.91,13.90,1.12,-2.45,-12.98,-0.56,2.45,0.92,0.56,1,400,1,0
"Assets/Synty/PolygonWesternFrontier/Prefabs/Environments/SM_Env_Mine_Track_Frame_04.prefab","SM_Env_Mine_Track_Frame_04",Env,Other,3.85,0.37,0.37,-2.15,-0.18,-0.19,1.70,0.19,0.19,1,94,1,0
"Assets/Synty/PolygonWesternFrontier/Prefabs/Environments/SM_Env_Mine_Track_Frame_Base_01.prefab","SM_Env_Mine_Track_Frame_Base_01",Env,Other,1.34,1.72,1.41,-0.67,0.00,-0.70,0.67,1.72,0.70,1,260,1,0
"Assets/Synty/PolygonWesternFrontier/Prefabs/Environments/SM_Env_Mine_Track_Pulley_01.prefab","SM_Env_Mine_Track_Pulley_01",Env,Other,0.21,2.99,1.88,-0.10,0.00,-0.11,0.11,2.99,1.77,1,562,1,0
"Assets/Synty/PolygonWesternFrontier/Prefabs/Environments/SM_Env_Mine_Track_Split_01.prefab","SM_Env_Mine_Track_Split_01",Env,Other,4.53,0.24,6.00,-0.80,-0.06,-1.50,3.74,0.19,4.50,1,792,1,0
"Assets/Synty/PolygonWesternFrontier/Prefabs/Environments/SM_Env_Mine_Track_Straight_01.prefab","SM_Env_Mine_Track_Straight_01",Env,Other,1.59,0.20,3.00,-0.80,-0.04,-1.50,0.79,0.16,1.50,1,160,1,0
"Assets/Synty/PolygonWesternFrontier/Prefabs/Environments/SM_Env_Mine_Track_Straight_02.prefab","SM_Env_Mine_Track_Straight_02",Env,Other,1.59,0.20,3.00,-0.79,-0.04,-1.50,0.80,0.16,1.50,1,208,1,0
"Assets/Synty/PolygonWesternFrontier/Prefabs/Environments/SM_Env_Mine_Track_Straight_03.prefab","SM_Env_Mine_Track_Straight_03",Env,Other,1.59,0.20,3.00,-0.80,-0.04,-1.50,0.80,0.16,1.50,1,280,1,0
"Assets/Synty/PolygonWesternFrontier/Prefabs/Environments/SM_Env_Mine_Track_Straight_04.prefab","SM_Env_Mine_Track_Straight_04",Env,Other,1.59,0.20,3.00,-0.79,-0.04,-1.50,0.79,0.16,1.50,1,136,1,0
"Assets/Synty/PolygonWesternFrontier/Prefabs/Environments/SM_Env_Mine_Track_T_Section_01.prefab","SM_Env_Mine_Track_T_Section_01",Env,Other,5.30,0.22,9.00,-0.80,-0.04,-1.50,4.50,0.18,7.50,1,1820,1,0
"Assets/Synty/PolygonWesternFrontier/Prefabs/Environments/SM_Env_Mine_Tunnel_01.prefab","SM_Env_Mine_Tunnel_01",Env,Other,3.00,3.00,3.00,-1.50,0.00,-1.50,1.50,3.00,1.50,1,128,1,0
"Assets/Synty/PolygonWesternFrontier/Prefabs/Environments/SM_Env_Mine_Tunnel_02.prefab","SM_Env_Mine_Tunnel_02",Env,Other,3.03,3.00,3.00,-1.50,0.00,-1.50,1.53,3.00,1.50,1,128,1,0
"Assets/Synty/PolygonWesternFrontier/Prefabs/Environments/SM_Env_Mine_Tunnel_03.prefab","SM_Env_Mine_Tunnel_03",Env,Other,3.15,3.00,3.00,-1.55,0.00,-1.50,1.60,3.00,1.50,1,308,1,0
"Assets/Synty/PolygonWesternFrontier/Prefabs/Environments/SM_Env_Mine_Tunnel_04.prefab","SM_Env_Mine_Tunnel_04",Env,Other,4.11,3.00,6.00,-2.05,0.00,-1.50,2.05,3.00,4.50,1,256,1,0
"Assets/Synty/PolygonWesternFrontier/Prefabs/Environments/SM_Env_Mine_Tunnel_Angled_01.prefab","SM_Env_Mine_Tunnel_Angled_01",Env,Other,3.00,4.50,3.00,-1.50,-1.50,-1.50,1.50,3.00,1.50,1,144,1,0
"Assets/Synty/PolygonWesternFrontier/Prefabs/Environments/SM_Env_Mine_Tunnel_Blocker_01.prefab","SM_Env_Mine_Tunnel_Blocker_01",Env,Other,3.48,3.20,2.50,-1.74,-1.47,-1.25,1.74,1.73,1.25,1,1698,1,0
"Assets/Synty/PolygonWesternFrontier/Prefabs/Environments/SM_Env_Mine_Tunnel_Curved_01.prefab","SM_Env_Mine_Tunnel_Curved_01",Env,Other,6.00,3.00,6.00,0.00,0.00,-3.00,6.00,3.00,3.00,1,288,1,0
"Assets/Synty/PolygonWesternFrontier/Prefabs/Environments/SM_Env_Mine_Tunnel_Rocks_01.prefab","SM_Env_Mine_Tunnel_Rocks_01",Env,Other,3.53,0.97,2.92,-1.71,-0.34,-1.47,1.82,0.63,1.45,1,620,1,0
"Assets/Synty/PolygonWesternFrontier/Prefabs/Environments/SM_Env_Mine_Tunnel_Wide_01.prefab","SM_Env_Mine_Tunnel_Wide_01",Env,Other,8.27,3.00,12.00,-4.14,0.00,-1.50,4.14,3.00,10.50,1,512,1,0
"Assets/Synty/PolygonWesternFrontier/Prefabs/Environments/SM_Env_Mine_Tunnel_Wide_End_01.prefab","SM_Env_Mine_Tunnel_Wide_End_01",Env,Other,8.27,3.00,11.18,-4.14,0.00,-1.50,4.14,3.00,9.68,1,518,1,0
"Assets/Synty/PolygonWesternFrontier/Prefabs/Environments/SM_Env_Mine_Wall_01.prefab","SM_Env_Mine_Wall_01",Env,Wall,3.00,1.50,0.32,-1.50,0.00,-0.15,1.50,1.50,0.17,1,118,1,0
"Assets/Synty/PolygonWesternFrontier/Prefabs/Environments/SM_Env_Mine_Wall_02.prefab","SM_Env_Mine_Wall_02",Env,Wall,3.00,1.50,0.65,-1.50,0.00,-0.12,1.50,1.50,0.52,1,158,1,0
"Assets/Synty/PolygonWesternFrontier/Prefabs/Environments/SM_Env_Mine_Wall_Angled_01.prefab","SM_Env_Mine_Wall_Angled_01",Env,Wall,0.30,2.99,3.00,-0.12,-1.49,-1.50,0.17,1.50,1.50,1,118,1,0
"Assets/Synty/PolygonWesternFrontier/Prefabs/Environments/SM_Env_Mine_Wall_Cross_01.prefab","SM_Env_Mine_Wall_Cross_01",Env,Wall,3.00,3.00,3.00,-1.50,0.00,-1.50,1.50,3.00,1.50,1,64,1,0
"Assets/Synty/PolygonWesternFrontier/Prefabs/Environments/SM_Env_Mine_Wall_High_01.prefab","SM_Env_Mine_Wall_High_01",Env,Wall,3.00,3.00,0.25,-1.50,0.00,-0.12,1.50,3.00,0.12,1,44,1,0
"Assets/Synty/PolygonWesternFrontier/Prefabs/Environments/SM_Env_Mine_Wall_High_02.prefab","SM_Env_Mine_Wall_High_02",Env,Wall,3.00,3.00,0.32,-1.50,0.00,-0.15,1.50,3.00,0.17,1,138,1,0
"Assets/Synty/PolygonWesternFrontier/Prefabs/Environments/SM_Env_Mound_Flattop_01.prefab","SM_Env_Mound_Flattop_01",Env,Other,24.61,2.84,24.59,-12.29,0.00,-12.29,12.31,2.84,12.29,1,568,1,0
"Assets/Synty/PolygonWesternFrontier/Prefabs/Environments/SM_Env_Mound_Flattop_02.prefab","SM_Env_Mound_Flattop_02",Env,Other,21.84,6.32,22.55,-10.92,0.00,-11.28,10.92,6.32,11.28,1,1261,1,0
"Assets/Synty/PolygonWesternFrontier/Prefabs/Environments/SM_Env_Mound_Hill_01.prefab","SM_Env_Mound_Hill_01",Env,Other,38.59,9.77,41.86,-20.19,-0.01,-24.15,18.40,9.77,17.71,1,2111,1,0
"Assets/Synty/PolygonWesternFrontier/Prefabs/Environments/SM_Env_Mound_Hill_02.prefab","SM_Env_Mound_Hill_02",Env,Other,49.22,9.66,47.80,-24.61,0.00,-27.27,24.61,9.66,20.53,1,2006,1,0
"Assets/Synty/PolygonWesternFrontier/Prefabs/Environments/SM_Env_Mound_Large_01.prefab","SM_Env_Mound_Large_01",Env,Other,26.04,1.77,24.87,-12.96,0.00,-12.29,13.08,1.77,12.59,1,459,1,0
"Assets/Synty/PolygonWesternFrontier/Prefabs/Environments/SM_Env_Mound_Large_02.prefab","SM_Env_Mound_Large_02",Env,Other,24.73,2.10,23.73,-12.23,0.00,-11.52,12.50,2.10,12.20,1,695,1,0
"Assets/Synty/PolygonWesternFrontier/Prefabs/Environments/SM_Env_Mound_Large_03.prefab","SM_Env_Mound_Large_03",Env,Other,32.27,4.75,34.23,-15.83,0.00,-17.40,16.44,4.75,16.82,1,874,1,0
"Assets/Synty/PolygonWesternFrontier/Prefabs/Environments/SM_Env_Mound_Ramp_01.prefab","SM_Env_Mound_Ramp_01",Env,Other,17.51,2.94,20.89,-7.80,-0.66,-10.44,9.71,2.28,10.44,1,385,1,0
"Assets/Synty/PolygonWesternFrontier/Prefabs/Environments/SM_Env_Mound_Slope_01.prefab","SM_Env_Mound_Slope_01",Env,Other,21.19,2.36,14.93,-10.59,0.00,-7.47,10.59,2.36,7.47,1,325,1,0
"Assets/Synty/PolygonWesternFrontier/Prefabs/Environments/SM_Env_Mound_Slope_02.prefab","SM_Env_Mound_Slope_02",Env,Other,23.30,2.40,15.85,-11.65,0.00,-7.92,11.65,2.40,7.92,1,322,1,0
"Assets/Synty/PolygonWesternFrontier/Prefabs/Environments/SM_Env_Mound_Slope_03.prefab","SM_Env_Mound_Slope_03",Env,Other,22.87,2.40,16.81,-11.44,0.00,-8.40,11.44,2.40,8.40,1,330,1,0
"Assets/Synty/PolygonWesternFrontier/Prefabs/Environments/SM_Env_Quarry_Brick_01.prefab","SM_Env_Quarry_Brick_01",Env,Other,4.02,2.22,2.12,-2.01,-1.12,-1.06,2.01,1.10,1.06,1,128,1,0
"Assets/Synty/PolygonWesternFrontier/Prefabs/Environments/SM_Env_Quarry_Ground_01.prefab","SM_Env_Quarry_Ground_01",Env,Other,11.19,0.95,9.79,-5.59,-0.27,-4.89,5.59,0.68,4.89,1,108,1,0
"Assets/Synty/PolygonWesternFrontier/Prefabs/Environments/SM_Env_Quarry_Ground_02.prefab","SM_Env_Quarry_Ground_02",Env,Other,13.77,0.95,12.79,-6.89,-0.27,-6.39,6.89,0.68,6.39,1,108,1,0
"Assets/Synty/PolygonWesternFrontier/Prefabs/Environments/SM_Env_Quarry_Rocks_01.prefab","SM_Env_Quarry_Rocks_01",Env,Other,3.32,1.73,1.93,-1.66,-0.87,-0.96,1.66,0.87,0.96,1,250,1,0
"Assets/Synty/PolygonWesternFrontier/Prefabs/Environments/SM_Env_Quarry_Rocks_02.prefab","SM_Env_Quarry_Rocks_02",Env,Other,6.81,2.37,2.22,-3.41,-1.19,-1.11,3.41,1.19,1.11,1,500,1,0
"Assets/Synty/PolygonWesternFrontier/Prefabs/Environments/SM_Env_Quarry_Rocks_03.prefab","SM_Env_Quarry_Rocks_03",Env,Other,6.97,3.97,3.37,-3.49,-1.98,-1.69,3.49,1.98,1.69,1,1200,1,0
"Assets/Synty/PolygonWesternFrontier/Prefabs/Environments/SM_Env_Quarry_Wall_Curved_01.prefab","SM_Env_Quarry_Wall_Curved_01",Env,Wall,16.16,4.97,6.80,-8.08,-0.56,-3.68,8.08,4.41,3.12,1,936,1,0
"Assets/Synty/PolygonWesternFrontier/Prefabs/Environments/SM_Env_Quarry_Wall_Curved_02.prefab","SM_Env_Quarry_Wall_Curved_02",Env,Wall,16.69,5.24,6.86,-8.35,-0.83,-3.73,8.35,4.41,3.13,1,936,1,0
"Assets/Synty/PolygonWesternFrontier/Prefabs/Environments/SM_Env_Quarry_Wall_End_01.prefab","SM_Env_Quarry_Wall_End_01",Env,Wall,13.51,4.56,4.47,-6.23,-0.22,-2.31,7.28,4.34,2.16,1,642,1,0
"Assets/Synty/PolygonWesternFrontier/Prefabs/Environments/SM_Env_Quarry_Wall_End_02.prefab","SM_Env_Quarry_Wall_End_02",Env,Wall,12.04,4.64,6.84,-6.02,-2.32,-3.42,6.02,2.32,3.42,1,916,1,0
"Assets/Synty/PolygonWesternFrontier/Prefabs/Environments/SM_Env_Quarry_Wall_Mine_Entrance_01.prefab","SM_Env_Quarry_Wall_Mine_Entrance_01",Env,Wall,7.66,5.01,4.78,-3.83,-0.67,-2.62,3.83,4.34,2.16,1,497,1,0
"Assets/Synty/PolygonWesternFrontier/Prefabs/Environments/SM_Env_Quarry_Wall_Ramp_01.prefab","SM_Env_Quarry_Wall_Ramp_01",Env,Wall,13.51,4.70,4.40,-6.75,-0.34,-2.20,6.75,4.36,2.20,1,798,1,0
"Assets/Synty/PolygonWesternFrontier/Prefabs/Environments/SM_Env_Quarry_Wall_Round_01.prefab","SM_Env_Quarry_Wall_Round_01",Env,Wall,9.56,4.63,9.49,-4.78,-0.22,-4.75,4.78,4.41,4.75,1,739,1,0
"Assets/Synty/PolygonWesternFrontier/Prefabs/Environments/SM_Env_Quarry_Wall_Round_02.prefab","SM_Env_Quarry_Wall_Round_02",Env,Wall,14.02,4.66,14.45,-7.01,-0.23,-7.22,7.01,4.43,7.22,1,1580,1,0
"Assets/Synty/PolygonWesternFrontier/Prefabs/Environments/SM_Env_Quarry_Wall_Straight_01.prefab","SM_Env_Quarry_Wall_Straight_01",Env,Wall,15.08,5.12,4.84,-7.54,-0.71,-2.68,7.54,4.41,2.16,1,930,1,0
"Assets/Synty/PolygonWesternFrontier/Prefabs/Environments/SM_Env_Quarry_Wall_Straight_02.prefab","SM_Env_Quarry_Wall_Straight_02",Env,Wall,14.93,5.04,5.09,-7.47,-0.63,-2.74,7.47,4.41,2.36,1,934,1,0
"Assets/Synty/PolygonWesternFrontier/Prefabs/Environments/SM_Env_Quarry_Wall_Straight_03.prefab","SM_Env_Quarry_Wall_Straight_03",Env,Wall,7.64,5.16,4.78,-3.82,-0.82,-2.62,3.82,4.34,2.16,1,490,1,0
"Assets/Synty/PolygonWesternFrontier/Prefabs/Environments/SM_Env_Reeds_01.prefab","SM_Env_Reeds_01",Env,Other,0.73,2.21,0.98,-0.52,-0.63,-0.58,0.21,1.58,0.40,1,90,1,0
"Assets/Synty/PolygonWesternFrontier/Prefabs/Environments/SM_Env_Reeds_02.prefab","SM_Env_Reeds_02",Env,Other,1.93,2.21,1.67,-0.95,-0.63,-0.91,0.98,1.58,0.76,1,225,1,0
"Assets/Synty/PolygonWesternFrontier/Prefabs/Environments/SM_Env_Reeds_03.prefab","SM_Env_Reeds_03",Env,Other,1.06,2.21,2.50,-0.51,-0.63,-1.19,0.55,1.58,1.31,1,198,1,0
"Assets/Synty/PolygonWesternFrontier/Prefabs/Environments/SM_Env_River_Corner_L_01.prefab","SM_Env_River_Corner_L_01",Env,Other,32.20,1.27,40.37,-4.89,-0.93,-0.86,27.31,0.34,39.50,1,1340,1,0
"Assets/Synty/PolygonWesternFrontier/Prefabs/Environments/SM_Env_River_Corner_L_02.prefab","SM_Env_River_Corner_L_02",Env,Other,18.39,0.96,20.20,-1.09,-0.81,-0.90,17.30,0.15,19.30,1,453,1,0
"Assets/Synty/PolygonWesternFrontier/Prefabs/Environments/SM_Env_River_Corner_R_01.prefab","SM_Env_River_Corner_R_01",Env,Other,33.89,1.15,37.18,-22.81,-0.81,-0.86,11.08,0.34,36.32,1,1347,1,0
"Assets/Synty/PolygonWesternFrontier/Prefabs/Environments/SM_Env_River_Corner_R_02.prefab","SM_Env_River_Corner_R_02",Env,Other,18.83,0.96,20.47,-7.71,-0.81,-1.05,11.12,0.15,19.41,1,454,1,0
"Assets/Synty/PolygonWesternFrontier/Prefabs/Environments/SM_Env_River_Split_01.prefab","SM_Env_River_Split_01",Env,Other,16.27,1.27,18.08,-2.98,-0.97,-1.11,13.29,0.30,16.98,1,689,1,0
"Assets/Synty/PolygonWesternFrontier/Prefabs/Environments/SM_Env_River_Straight_01.prefab","SM_Env_River_Straight_01",Env,Other,11.22,1.08,17.07,-0.55,-0.81,-1.18,10.67,0.27,15.89,1,765,1,0
"Assets/Synty/PolygonWesternFrontier/Prefabs/Environments/SM_Env_River_Straight_02.prefab","SM_Env_River_Straight_02",Env,Other,11.04,1.22,17.01,-0.46,-0.88,-1.04,10.58,0.34,15.97,1,599,1,0
"Assets/Synty/PolygonWesternFrontier/Prefabs/Environments/SM_Env_River_Straight_03.prefab","SM_Env_River_Straight_03",Env,Other,11.23,1.00,17.32,-0.55,-0.81,-1.19,10.68,0.19,16.12,1,458,1,0
"Assets/Synty/PolygonWesternFrontier/Prefabs/Environments/SM_Env_River_Straight_04.prefab","SM_Env_River_Straight_04",Env,Other,20.47,1.54,41.24,-5.61,-1.26,-2.73,14.86,0.27,38.51,1,1484,1,0
"Assets/Synty/PolygonWesternFrontier/Prefabs/Environments/SM_Env_River_Straight_05.prefab","SM_Env_River_Straight_05",Env,Other,21.43,1.77,41.24,-4.93,-1.14,-2.73,16.50,0.64,38.51,1,1459,1,0
"Assets/Synty/PolygonWesternFrontier/Prefabs/Environments/SM_Env_Road_Patch_01.prefab","SM_Env_Road_Patch_01",Env,Other,8.11,0.53,8.33,-4.05,0.00,-4.16,4.05,0.53,4.16,1,200,1,0
"Assets/Synty/PolygonWesternFrontier/Prefabs/Environments/SM_Env_Road_Round_01.prefab","SM_Env_Road_Round_01",Env,Other,13.99,1.98,6.21,-7.00,-1.46,-3.11,7.00,0.52,3.11,1,134,1,0
"Assets/Synty/PolygonWesternFrontier/Prefabs/Environments/SM_Env_Road_Straight_01.prefab","SM_Env_Road_Straight_01",Env,Other,14.51,0.56,6.21,-7.25,0.00,-3.11,7.25,0.56,3.11,1,130,1,0
"Assets/Synty/PolygonWesternFrontier/Prefabs/Environments/SM_Env_RockFlat_01.prefab","SM_Env_RockFlat_01",Env,Other,2.44,1.21,2.03,-1.19,-0.85,-0.81,1.25,0.36,1.22,1,78,1,0
"Assets/Synty/PolygonWesternFrontier/Prefabs/Environments/SM_Env_RockFlat_02.prefab","SM_Env_RockFlat_02",Env,Other,3.61,1.93,3.69,-1.68,-0.52,-1.99,1.93,1.41,1.70,1,218,1,0
"Assets/Synty/PolygonWesternFrontier/Prefabs/Environments/SM_Env_RockFlat_03.prefab","SM_Env_RockFlat_03",Env,Other,3.96,2.05,5.16,-1.90,-0.52,-2.52,2.06,1.52,2.64,1,268,1,0
"Assets/Synty/PolygonWesternFrontier/Prefabs/Environments/SM_Env_RockFlat_04.prefab","SM_Env_RockFlat_04",Env,Other,4.44,2.24,6.78,-2.28,-0.54,-3.35,2.16,1.70,3.43,1,274,1,0
"Assets/Synty/PolygonWesternFrontier/Prefabs/Environments/SM_Env_RockFlat_05.prefab","SM_Env_RockFlat_05",Env,Other,7.49,2.45,5.59,-3.75,-0.54,-2.98,3.75,1.92,2.61,1,278,1,0
"Assets/Synty/PolygonWesternFrontier/Prefabs/Environments/SM_Env_RockSmall_01.prefab","SM_Env_RockSmall_01",Env,Other,0.71,0.14,0.57,-0.36,-0.03,-0.29,0.36,0.12,0.29,1,74,1,0
"Assets/Synty/PolygonWesternFrontier/Prefabs/Environments/SM_Env_RockSmall_02.prefab","SM_Env_RockSmall_02",Env,Other,0.81,0.24,0.60,-0.36,-0.03,-0.26,0.46,0.21,0.34,1,68,1,0
"Assets/Synty/PolygonWesternFrontier/Prefabs/Environments/SM_Env_RockSmall_03.prefab","SM_Env_RockSmall_03",Env,Other,0.66,0.31,0.65,-0.41,-0.06,-0.26,0.24,0.25,0.39,1,46,1,0
"Assets/Synty/PolygonWesternFrontier/Prefabs/Environments/SM_Env_RockTall_01.prefab","SM_Env_RockTall_01",Env,Other,10.25,7.73,6.36,-5.14,0.00,-3.19,5.11,7.73,3.16,1,308,1,0
"Assets/Synty/PolygonWesternFrontier/Prefabs/Environments/SM_Env_RockTall_02.prefab","SM_Env_RockTall_02",Env,Other,15.97,7.53,7.26,-8.03,0.00,-4.43,7.93,7.53,2.82,1,295,1,0
"Assets/Synty/PolygonWesternFrontier/Prefabs/Environments/SM_Env_RockTall_03.prefab","SM_Env_RockTall_03",Env,Other,15.01,7.67,6.64,-7.53,0.00,-3.73,7.48,7.67,2.92,1,289,1,0
"Assets/Synty/PolygonWesternFrontier/Prefabs/Environments/SM_Env_ShrubGrass_01.prefab","SM_Env_ShrubGrass_01",Env,Other,0.34,0.57,0.33,-0.13,-0.16,-0.18,0.21,0.41,0.16,1,54,1,0
"Assets/Synty/PolygonWesternFrontier/Prefabs/Environments/SM_Env_ShrubGrass_02.prefab","SM_Env_ShrubGrass_02",Env,Other,0.94,0.74,0.87,-0.46,-0.16,-0.44,0.48,0.59,0.43,1,234,1,0
"Assets/Synty/PolygonWesternFrontier/Prefabs/Environments/SM_Env_ShrubGrass_03.prefab","SM_Env_ShrubGrass_03",Env,Other,0.63,0.99,1.33,-0.34,-0.21,-0.59,0.29,0.78,0.74,1,288,1,0
"Assets/Synty/PolygonWesternFrontier/Prefabs/Environments/SM_Env_Shrub_01.prefab","SM_Env_Shrub_01",Env,Other,0.58,0.61,0.60,-0.27,-0.07,-0.30,0.32,0.54,0.30,1,64,1,0
"Assets/Synty/PolygonWesternFrontier/Prefabs/Environments/SM_Env_Shrub_02.prefab","SM_Env_Shrub_02",Env,Other,1.53,0.81,1.35,-0.76,-0.19,-0.68,0.76,0.62,0.68,1,250,1,0
"Assets/Synty/PolygonWesternFrontier/Prefabs/Environments/SM_Env_Shrub_03.prefab","SM_Env_Shrub_03",Env,Other,1.25,0.66,0.80,-0.62,-0.06,-0.40,0.62,0.59,0.40,1,186,1,0
"Assets/Synty/PolygonWesternFrontier/Prefabs/Environments/SM_Env_Shrub_04.prefab","SM_Env_Shrub_04",Env,Other,1.61,0.99,0.96,-0.97,-0.13,-0.48,0.64,0.86,0.48,1,238,1,0
"Assets/Synty/PolygonWesternFrontier/Prefabs/Environments/SM_Env_TreeDead_Fallen_01.prefab","SM_Env_TreeDead_Fallen_01",Env,Other,6.45,2.46,3.46,-6.20,-0.27,-1.32,0.25,2.18,2.14,1,306,1,0
"Assets/Synty/PolygonWesternFrontier/Prefabs/Environments/SM_Env_TreeStump_01.prefab","SM_Env_TreeStump_01",Env,Other,0.77,0.62,0.71,-0.38,-0.14,-0.37,0.39,0.49,0.33,1,74,1,0
"Assets/Synty/PolygonWesternFrontier/Prefabs/Environments/SM_Env_Tree_Clump_01.prefab","SM_Env_Tree_Clump_01",Env,Other,8.10,10.50,8.18,-4.05,0.00,-4.09,4.05,10.50,4.09,1,1240,1,0
"Assets/Synty/PolygonWesternFrontier/Prefabs/Environments/SM_Env_Tree_Clump_02.prefab","SM_Env_Tree_Clump_02",Env,Other,7.90,8.58,8.60,-3.95,0.00,-4.30,3.95,8.58,4.30,1,1276,1,0
"Assets/Synty/PolygonWesternFrontier/Prefabs/Environments/SM_Env_Tree_Dead_01.prefab","SM_Env_Tree_Dead_01",Env,Other,3.71,3.42,3.30,-1.92,-0.14,-1.72,1.79,3.28,1.59,1,333,1,0
"Assets/Synty/PolygonWesternFrontier/Prefabs/Environments/SM_Env_Tree_Desert_01.prefab","SM_Env_Tree_Desert_01",Env,Other,3.08,5.51,4.78,-1.55,-0.17,-2.27,1.53,5.35,2.51,1,2050,1,0
"Assets/Synty/PolygonWesternFrontier/Prefabs/Environments/SM_Env_Tree_Desert_02.prefab","SM_Env_Tree_Desert_02",Env,Other,2.27,4.66,2.49,-0.92,-0.17,-1.25,1.35,4.49,1.25,1,928,1,0
"Assets/Synty/PolygonWesternFrontier/Prefabs/Environments/SM_Env_Tree_Stump_01.prefab","SM_Env_Tree_Stump_01",Env,Other,0.77,2.28,0.75,-0.38,-0.14,-0.37,0.39,2.14,0.37,1,110,1,0
"Assets/Synty/PolygonWesternFrontier/Prefabs/Environments/SM_Env_Tree_Tall_01.prefab","SM_Env_Tree_Tall_01",Env,Other,2.11,10.80,2.02,-1.05,-0.17,-1.01,1.05,10.63,1.01,1,663,1,0
"Assets/Synty/PolygonWesternFrontier/Prefabs/Environments/SM_Env_Tree_Tall_02.prefab","SM_Env_Tree_Tall_02",Env,Other,1.98,10.40,1.97,-0.94,-0.16,-0.95,1.04,10.24,1.01,1,557,1,0
"Assets/Synty/PolygonWesternFrontier/Prefabs/Environments/SM_Env_Tree_Tall_Dead_01.prefab","SM_Env_Tree_Tall_Dead_01",Env,Other,0.78,10.44,0.74,-0.39,-0.16,-0.41,0.38,10.28,0.34,1,342,1,0
"Assets/Synty/PolygonWesternFrontier/Prefabs/FX/FX_BloodSplat_01.prefab","FX_BloodSplat_01",BloodSplat,Other,0.00,0.00,0.00,0.00,0.00,0.00,0.00,0.00,0.00,0,0,0,0
"Assets/Synty/PolygonWesternFrontier/Prefabs/FX/FX_Dust_Blowing_01.prefab","FX_Dust_Blowing_01",Dust,Other,0.00,0.00,0.00,0.00,0.00,0.00,0.00,0.00,0.00,0,0,0,0
"Assets/Synty/PolygonWesternFrontier/Prefabs/FX/FX_Fire_01.prefab","FX_Fire_01",Fire,Other,0.00,0.00,0.00,0.00,0.00,0.00,0.00,0.00,0.00,0,0,0,0
"Assets/Synty/PolygonWesternFrontier/Prefabs/FX/FX_GunSmoke_01.prefab","FX_GunSmoke_01",GunSmoke,Other,0.00,0.00,0.00,0.00,0.00,0.00,0.00,0.00,0.00,0,0,0,0
"Assets/Synty/PolygonWesternFrontier/Prefabs/FX/FX_Smoke_Tall_01.prefab","FX_Smoke_Tall_01",Smoke,Other,0.00,0.00,0.00,0.00,0.00,0.00,0.00,0.00,0.00,0,0,0,0
"Assets/Synty/PolygonWesternFrontier/Prefabs/Generic/SM_Generic_Cloud_01.prefab","SM_Generic_Cloud_01",Generic,Other,6.68,1.65,1.61,-3.34,0.00,-0.80,3.34,1.65,0.80,1,280,1,0
"Assets/Synty/PolygonWesternFrontier/Prefabs/Generic/SM_Generic_Cloud_02.prefab","SM_Generic_Cloud_02",Generic,Other,7.29,1.71,2.57,-3.65,0.00,-1.29,3.65,1.71,1.29,1,252,1,0
"Assets/Synty/PolygonWesternFrontier/Prefabs/Generic/SM_Generic_Cloud_03.prefab","SM_Generic_Cloud_03",Generic,Other,7.03,1.98,3.89,-3.52,0.00,-1.94,3.52,1.98,1.94,1,490,1,0
"Assets/Synty/PolygonWesternFrontier/Prefabs/Generic/SM_Generic_Ground_01.prefab","SM_Generic_Ground_01",Generic,Other,5.53,0.26,5.68,-2.76,0.00,-2.84,2.76,0.26,2.84,1,200,1,0
"Assets/Synty/PolygonWesternFrontier/Prefabs/Generic/SM_Generic_Ground_02.prefab","SM_Generic_Ground_02",Generic,Other,10.42,0.52,11.23,-5.21,0.00,-5.61,5.21,0.52,5.61,1,439,1,0
"Assets/Synty/PolygonWesternFrontier/Prefabs/Generic/SM_Generic_Ground_Flat_01.prefab","SM_Generic_Ground_Flat_01",Generic,Other,20.74,0.46,19.23,-10.37,0.00,-9.61,10.37,0.46,9.61,1,555,1,0
"Assets/Synty/PolygonWesternFrontier/Prefabs/Generic/SM_Gerneric_Grass_Patch_01.prefab","SM_Gerneric_Grass_Patch_01",Gerneric,Other,3.09,0.73,2.57,-1.55,0.02,-1.28,1.55,0.75,1.28,1,602,1,0
"Assets/Synty/PolygonWesternFrontier/Prefabs/Generic/SM_Gerneric_Grass_Patch_02.prefab","SM_Gerneric_Grass_Patch_02",Gerneric,Other,2.81,0.92,2.16,-1.40,0.00,-1.08,1.40,0.92,1.08,1,602,1,0
"Assets/Synty/PolygonWesternFrontier/Prefabs/Generic/SM_Gerneric_Grass_Patch_03.prefab","SM_Gerneric_Grass_Patch_03",Gerneric,Other,1.11,1.16,1.29,-0.56,0.00,-0.65,0.56,1.16,0.65,1,238,1,0
"Assets/Synty/PolygonWesternFrontier/Prefabs/Props/SM_Prop_Alcohol_Barrel_01.prefab","SM_Prop_Alcohol_Barrel_01",Prop,Other,0.80,0.67,0.68,-0.45,0.00,-0.34,0.35,0.67,0.34,1,1204,1,0
"Assets/Synty/PolygonWesternFrontier/Prefabs/Props/SM_Prop_Arrow_01.prefab","SM_Prop_Arrow_01",Prop,Other,0.06,0.08,1.01,-0.03,-0.04,-0.43,0.03,0.04,0.58,1,200,1,0
"Assets/Synty/PolygonWesternFrontier/Prefabs/Props/SM_Prop_Barrel_Dirt_01.prefab","SM_Prop_Barrel_Dirt_01",Prop,Other,0.57,0.70,0.57,-0.29,0.00,-0.29,0.29,0.70,0.29,1,738,1,0
"Assets/Synty/PolygonWesternFrontier/Prefabs/Props/SM_Prop_Barricade_Sand_01.prefab","SM_Prop_Barricade_Sand_01",Prop,Other,4.87,1.54,3.44,-2.44,0.00,-1.72,2.44,1.54,1.72,1,1128,1,0
"Assets/Synty/PolygonWesternFrontier/Prefabs/Props/SM_Prop_Barricade_Wood_01.prefab","SM_Prop_Barricade_Wood_01",Prop,Other,3.49,1.29,1.31,-1.75,-0.15,-0.65,1.75,1.14,0.65,1,360,1,0
"Assets/Synty/PolygonWesternFrontier/Prefabs/Props/SM_Prop_Barricade_Wood_02.prefab","SM_Prop_Barricade_Wood_02",Prop,Other,3.51,1.07,0.64,-1.75,0.00,-0.32,1.75,1.07,0.32,1,572,1,0
"Assets/Synty/PolygonWesternFrontier/Prefabs/Props/SM_Prop_Basket_01.prefab","SM_Prop_Basket_01",Prop,Other,0.40,0.58,0.40,-0.20,0.00,-0.20,0.20,0.58,0.20,1,304,1,0
"Assets/Synty/PolygonWesternFrontier/Prefabs/Props/SM_Prop_CampBed_01.prefab","SM_Prop_CampBed_01",Prop,Other,1.11,0.70,3.05,-0.55,0.00,-1.54,0.56,0.70,1.51,1,156,1,0
"Assets/Synty/PolygonWesternFrontier/Prefabs/Props/SM_Prop_Campfire_01.prefab","SM_Prop_Campfire_01",Prop,Other,3.28,2.36,3.21,-1.64,-0.20,-1.60,1.64,2.17,1.60,1,714,1,0
"Assets/Synty/PolygonWesternFrontier/Prefabs/Props/SM_Prop_Campfire_Small_01.prefab","SM_Prop_Campfire_Small_01",Prop,Other,1.29,1.58,1.19,-0.60,-0.06,-0.57,0.69,1.52,0.62,2,748,1,0
"Assets/Synty/PolygonWesternFrontier/Prefabs/Props/SM_Prop_Canoe_01.prefab","SM_Prop_Canoe_01",Prop,Other,1.58,1.32,6.02,-0.79,0.00,-3.01,0.79,1.32,3.01,1,586,1,0
"Assets/Synty/PolygonWesternFrontier/Prefabs/Props/SM_Prop_Cart_01.prefab","SM_Prop_Cart_01",Prop,Other,0.89,0.96,1.21,-0.45,0.00,-0.60,0.45,0.96,0.60,5,1926,1,0
"Assets/Synty/PolygonWesternFrontier/Prefabs/Props/SM_Prop_Cart_02.prefab","SM_Prop_Cart_02",Prop,Other,0.89,1.04,1.37,-0.45,0.00,-0.68,0.45,1.04,0.68,4,2594,1,0
"Assets/Synty/PolygonWesternFrontier/Prefabs/Props/SM_Prop_Chair_01.prefab","SM_Prop_Chair_01",Prop,Other,0.43,0.91,0.52,-0.22,0.00,-0.26,0.22,0.91,0.26,1,196,1,0
"Assets/Synty/PolygonWesternFrontier/Prefabs/Props/SM_Prop_ChestFur_01.prefab","SM_Prop_ChestFur_01",Prop,Other,1.08,0.55,0.67,-0.53,-0.01,-0.33,0.55,0.54,0.33,1,324,1,0
"Assets/Synty/PolygonWesternFrontier/Prefabs/Props/SM_Prop_Chest_01.prefab","SM_Prop_Chest_01",Prop,Other,1.18,0.69,0.61,-0.59,0.00,-0.31,0.59,0.69,0.31,1,396,1,0
"Assets/Synty/PolygonWesternFrontier/Prefabs/Props/SM_Prop_Crate_01.prefab","SM_Prop_Crate_01",Prop,Other,1.03,0.50,0.60,-0.51,0.00,-0.30,0.51,0.50,0.30,1,202,1,0
"Assets/Synty/PolygonWesternFrontier/Prefabs/Props/SM_Prop_Crate_02.prefab","SM_Prop_Crate_02",Prop,Other,2.14,1.51,1.24,-1.07,0.00,-0.62,1.07,1.51,0.62,1,540,1,0
"Assets/Synty/PolygonWesternFrontier/Prefabs/Props/SM_Prop_Cup_01.prefab","SM_Prop_Cup_01",Prop,Other,0.27,0.22,0.21,-0.16,0.00,-0.10,0.10,0.22,0.10,1,284,1,0
"Assets/Synty/PolygonWesternFrontier/Prefabs/Props/SM_Prop_Entrance_01.prefab","SM_Prop_Entrance_01",Prop,Other,4.08,3.69,0.48,-2.04,0.00,-0.24,2.04,3.69,0.24,1,498,1,0
"Assets/Synty/PolygonWesternFrontier/Prefabs/Props/SM_Prop_FlagPole_01.prefab","SM_Prop_FlagPole_01",Prop,Other,0.22,6.37,2.48,-0.12,0.00,-2.37,0.10,6.37,0.11,3,320,1,0
"Assets/Synty/PolygonWesternFrontier/Prefabs/Props/SM_Prop_Fountain_01.prefab","SM_Prop_Fountain_01",Prop,Other,2.94,2.15,2.94,-1.47,0.00,-1.47,1.47,2.15,1.47,2,854,1,0
"Assets/Synty/PolygonWesternFrontier/Prefabs/Props/SM_Prop_Fur_Rug_01.prefab","SM_Prop_Fur_Rug_01",Prop,Other,2.28,0.08,3.46,-1.14,-0.02,-1.32,1.14,0.05,2.14,1,193,1,0
"Assets/Synty/PolygonWesternFrontier/Prefabs/Props/SM_Prop_Fur_Rug_02.prefab","SM_Prop_Fur_Rug_02",Prop,Other,1.53,0.05,1.89,-0.76,0.00,-0.94,0.78,0.05,0.94,1,125,1,0
"Assets/Synty/PolygonWesternFrontier/Prefabs/Props/SM_Prop_Fur_Rug_03.prefab","SM_Prop_Fur_Rug_03",Prop,Other,4.03,0.14,3.25,-2.01,-0.02,-1.62,2.01,0.12,1.62,1,443,1,0
"Assets/Synty/PolygonWesternFrontier/Prefabs/Props/SM_Prop_GoldPan_01.prefab","SM_Prop_GoldPan_01",Prop,Other,0.43,0.08,0.43,-0.22,0.00,-0.22,0.22,0.08,0.22,3,304,1,0
"Assets/Synty/PolygonWesternFrontier/Prefabs/Props/SM_Prop_Gold_Ingot_01.prefab","SM_Prop_Gold_Ingot_01",Prop,Other,0.13,0.05,0.24,-0.06,0.00,-0.12,0.06,0.05,0.12,1,174,1,0
"Assets/Synty/PolygonWesternFrontier/Prefabs/Props/SM_Prop_Gold_Nugget_01.prefab","SM_Prop_Gold_Nugget_01",Prop,Other,0.10,0.07,0.11,-0.05,-0.03,-0.05,0.05,0.04,0.06,1,72,1,0
"Assets/Synty/PolygonWesternFrontier/Prefabs/Props/SM_Prop_Ladder_01.prefab","SM_Prop_Ladder_01",Prop,Ladder,0.71,5.55,0.18,-0.35,0.00,-0.09,0.35,5.55,0.09,1,244,1,0
"Assets/Synty/PolygonWesternFrontier/Prefabs/Props/SM_Prop_Ladder_02.prefab","SM_Prop_Ladder_02",Prop,Ladder,0.71,3.35,0.18,-0.35,0.00,-0.09,0.35,3.35,0.09,1,160,1,0
"Assets/Synty/PolygonWesternFrontier/Prefabs/Props/SM_Prop_Lantern_01.prefab","SM_Prop_Lantern_01",Prop,Other,0.18,0.62,0.18,-0.09,0.00,-0.09,0.09,0.62,0.09,2,607,2,0
"Assets/Synty/PolygonWesternFrontier/Prefabs/Props/SM_Prop_LogPile_01.prefab","SM_Prop_LogPile_01",Prop,Other,5.71,1.16,1.69,-2.86,-0.03,-0.85,2.86,1.14,0.85,1,1054,1,0
"Assets/Synty/PolygonWesternFrontier/Prefabs/Props/SM_Prop_LogSeat_01.prefab","SM_Prop_LogSeat_01",Prop,Other,2.77,0.28,0.54,-1.37,-0.01,-0.27,1.40,0.28,0.27,1,144,1,0
"Assets/Synty/PolygonWesternFrontier/Prefabs/Props/SM_Prop_Log_01.prefab","SM_Prop_Log_01",Prop,Other,5.51,0.44,0.43,-2.75,-0.02,-0.22,2.75,0.42,0.22,1,108,1,0
"Assets/Synty/PolygonWesternFrontier/Prefabs/Props/SM_Prop_Log_02.prefab","SM_Prop_Log_02",Prop,Other,0.39,0.12,0.64,-0.20,0.00,-0.32,0.20,0.12,0.32,1,164,1,0
"Assets/Synty/PolygonWesternFrontier/Prefabs/Props/SM_Prop_Log_03.prefab","SM_Prop_Log_03",Prop,Other,0.21,0.18,0.68,-0.10,-0.02,-0.34,0.10,0.17,0.34,1,104,1,0
"Assets/Synty/PolygonWesternFrontier/Prefabs/Props/SM_Prop_Oar_01.prefab","SM_Prop_Oar_01",Prop,Other,3.06,0.09,0.22,-0.90,-0.04,-0.11,2.16,0.04,0.11,1,106,1,0
"Assets/Synty/PolygonWesternFrontier/Prefabs/Props/SM_Prop_Photo_01.prefab","SM_Prop_Photo_01",Prop,Other,0.38,0.29,0.20,-0.19,0.00,-0.07,0.19,0.29,0.13,1,48,1,0
"Assets/Synty/PolygonWesternFrontier/Prefabs/Props/SM_Prop_Photo_02.prefab","SM_Prop_Photo_02",Prop,Other,0.27,0.34,0.17,-0.14,0.00,-0.06,0.14,0.34,0.11,1,90,1,0
"Assets/Synty/PolygonWesternFrontier/Prefabs/Props/SM_Prop_Photo_03.prefab","SM_Prop_Photo_03",Prop,Other,0.26,0.33,0.20,-0.13,0.00,-0.07,0.13,0.33,0.13,1,44,1,0
"Assets/Synty/PolygonWesternFrontier/Prefabs/Props/SM_Prop_PikeFence_01.prefab","SM_Prop_PikeFence_01",Prop,Other,1.77,2.92,0.52,-0.90,-0.03,-0.26,0.87,2.89,0.26,1,380,1,0
"Assets/Synty/PolygonWesternFrontier/Prefabs/Props/SM_Prop_PikeFence_02.prefab","SM_Prop_PikeFence_02",Prop,Other,1.76,2.92,0.47,-0.90,-0.03,-0.26,0.86,2.89,0.21,1,380,1,0
"Assets/Synty/PolygonWesternFrontier/Prefabs/Props/SM_Prop_Pike_01.prefab","SM_Prop_Pike_01",Prop,Other,0.26,2.92,0.29,-0.15,0.00,-0.16,0.11,2.92,0.13,1,48,1,0
"Assets/Synty/PolygonWesternFrontier/Prefabs/Props/SM_Prop_Pike_02.prefab","SM_Prop_Pike_02",Prop,Other,0.26,2.66,0.27,-0.13,0.00,-0.14,0.13,2.66,0.13,1,46,1,0
"Assets/Synty/PolygonWesternFrontier/Prefabs/Props/SM_Prop_Pike_03.prefab","SM_Prop_Pike_03",Prop,Other,0.26,2.66,0.27,-0.14,0.00,-0.14,0.12,2.66,0.13,1,50,1,0
"Assets/Synty/PolygonWesternFrontier/Prefabs/Props/SM_Prop_Pipes_01.prefab","SM_Prop_Pipes_01",Prop,Other,3.61,0.48,0.47,-1.80,-0.24,-0.23,1.80,0.23,0.23,1,100,1,0
"Assets/Synty/PolygonWesternFrontier/Prefabs/Props/SM_Prop_Pipes_02.prefab","SM_Prop_Pipes_02",Prop,Other,3.68,0.83,1.04,-1.84,0.00,-0.52,1.84,0.83,0.52,1,300,1,0
"Assets/Synty/PolygonWesternFrontier/Prefabs/Props/SM_Prop_PlankFence_01.prefab","SM_Prop_PlankFence_01",Prop,Other,1.21,2.54,0.53,-0.61,-0.03,-0.12,0.61,2.51,0.41,1,154,1,0
"Assets/Synty/PolygonWesternFrontier/Prefabs/Props/SM_Prop_PlankFence_02.prefab","SM_Prop_PlankFence_02",Prop,Other,1.21,2.58,0.60,-0.61,-0.03,-0.41,0.61,2.55,0.19,1,178,1,0
"Assets/Synty/PolygonWesternFrontier/Prefabs/Props/SM_Prop_PlankFence_03.prefab","SM_Prop_PlankFence_03",Prop,Other,1.20,2.53,0.42,-0.59,-0.03,-0.28,0.61,2.50,0.13,1,190,1,0
"Assets/Synty/PolygonWesternFrontier/Prefabs/Props/SM_Prop_PlantPot_01.prefab","SM_Prop_PlantPot_01",Prop,Other,0.63,2.16,0.79,-0.31,0.00,-0.31,0.31,2.17,0.48,1,736,1,0
"Assets/Synty/PolygonWesternFrontier/Prefabs/Props/SM_Prop_PlantPot_02.prefab","SM_Prop_PlantPot_02",Prop,Other,0.37,0.32,0.36,-0.19,0.00,-0.18,0.19,0.32,0.18,1,142,1,0
"Assets/Synty/PolygonWesternFrontier/Prefabs/Props/SM_Prop_PlantPot_03.prefab","SM_Prop_PlantPot_03",Prop,Other,0.57,0.35,0.57,-0.29,0.00,-0.29,0.29,0.35,0.29,1,528,1,0
"Assets/Synty/PolygonWesternFrontier/Prefabs/Props/SM_Prop_PlantPot_04.prefab","SM_Prop_PlantPot_04",Prop,Other,0.57,0.76,0.57,-0.29,0.00,-0.29,0.29,0.76,0.29,1,1904,1,0
"Assets/Synty/PolygonWesternFrontier/Prefabs/Props/SM_Prop_Quarry_Iron_Panel_01.prefab","SM_Prop_Quarry_Iron_Panel_01",Prop,Other,1.72,0.15,3.40,-0.86,-0.07,-1.70,0.86,0.07,1.70,1,268,1,0
"Assets/Synty/PolygonWesternFrontier/Prefabs/Props/SM_Prop_Quarry_Machine_01.prefab","SM_Prop_Quarry_Machine_01",Prop,Other,1.29,2.19,3.53,-0.64,0.00,-1.78,0.64,2.19,1.75,1,916,1,0
"Assets/Synty/PolygonWesternFrontier/Prefabs/Props/SM_Prop_Quarry_Machine_02.prefab","SM_Prop_Quarry_Machine_02",Prop,Other,0.43,1.78,1.78,-0.23,-0.89,-0.89,0.20,0.89,0.89,1,428,1,0
"Assets/Synty/PolygonWesternFrontier/Prefabs/Props/SM_Prop_Quarry_Planks_01.prefab","SM_Prop_Quarry_Planks_01",Prop,Other,1.41,3.00,0.30,-0.76,-1.39,-0.15,0.65,1.60,0.14,1,124,1,0
"Assets/Synty/PolygonWesternFrontier/Prefabs/Props/SM_Prop_Quarry_Planks_02.prefab","SM_Prop_Quarry_Planks_02",Prop,Other,1.93,2.91,0.30,-0.97,-1.45,-0.15,0.97,1.45,0.15,1,248,1,0
"Assets/Synty/PolygonWesternFrontier/Prefabs/Props/SM_Prop_Quarry_Planks_03.prefab","SM_Prop_Quarry_Planks_03",Prop,Other,3.00,1.45,0.25,-1.50,-0.73,-0.13,1.50,0.73,0.12,1,186,1,0
"Assets/Synty/PolygonWesternFrontier/Prefabs/Props/SM_Prop_Quiver_01.prefab","SM_Prop_Quiver_01",Prop,Other,0.11,1.04,0.24,-0.05,-0.51,-0.12,0.06,0.53,0.12,2,598,1,0
"Assets/Synty/PolygonWesternFrontier/Prefabs/Props/SM_Prop_RockingChair_01.prefab","SM_Prop_RockingChair_01",Prop,Other,0.75,1.19,0.69,-0.38,0.00,-0.43,0.38,1.19,0.26,1,696,1,0
"Assets/Synty/PolygonWesternFrontier/Prefabs/Props/SM_Prop_Shifting_Table_01.prefab","SM_Prop_Shifting_Table_01",Prop,Other,1.23,0.79,0.76,-0.61,0.00,-0.38,0.61,0.79,0.38,1,453,1,0
"Assets/Synty/PolygonWesternFrontier/Prefabs/Props/SM_Prop_SkinRack_01.prefab","SM_Prop_SkinRack_01",Prop,Other,1.23,1.73,1.21,-0.62,0.00,-0.61,0.62,1.73,0.61,1,1470,1,0
"Assets/Synty/PolygonWesternFrontier/Prefabs/Props/SM_Prop_SkullPole_01.prefab","SM_Prop_SkullPole_01",Prop,Other,1.15,2.13,0.67,-0.58,-0.28,-0.33,0.56,1.84,0.33,1,410,1,0
"Assets/Synty/PolygonWesternFrontier/Prefabs/Props/SM_Prop_Stack_01.prefab","SM_Prop_Stack_01",Prop,Other,1.15,1.10,1.52,-0.60,-0.01,-0.90,0.56,1.10,0.62,1,2472,1,0
"Assets/Synty/PolygonWesternFrontier/Prefabs/Props/SM_Prop_Stack_02.prefab","SM_Prop_Stack_02",Prop,Other,1.87,1.30,2.48,-1.24,-0.03,-1.34,0.64,1.27,1.14,1,4510,1,0
"Assets/Synty/PolygonWesternFrontier/Prefabs/Props/SM_Prop_Stack_03.prefab","SM_Prop_Stack_03",Prop,Other,1.60,1.29,2.18,-0.62,-0.03,-0.75,0.98,1.26,1.44,1,1881,1,0
"Assets/Synty/PolygonWesternFrontier/Prefabs/Props/SM_Prop_Stack_04.prefab","SM_Prop_Stack_04",Prop,Other,3.65,1.13,1.53,-1.73,-0.04,-0.54,1.93,1.10,0.98,1,1486,1,0
"Assets/Synty/PolygonWesternFrontier/Prefabs/Props/SM_Prop_Table_01.prefab","SM_Prop_Table_01",Prop,Other,1.09,0.62,1.63,-0.58,0.00,-1.04,0.51,0.62,0.59,1,84,1,0
"Assets/Synty/PolygonWesternFrontier/Prefabs/Props/SM_Prop_Tnt_Barrel_01.prefab","SM_Prop_Tnt_Barrel_01",Prop,Other,0.57,0.70,0.58,-0.29,0.00,-0.29,0.29,0.70,0.30,1,784,1,0
"Assets/Synty/PolygonWesternFrontier/Prefabs/Props/SM_Prop_Tnt_Box.prefab","SM_Prop_Tnt_Box",Prop,Other,0.51,0.30,0.44,-0.25,0.00,-0.22,0.25,0.30,0.22,1,946,1,0
"Assets/Synty/PolygonWesternFrontier/Prefabs/Props/SM_Prop_Tnt_Bundle_01.prefab","SM_Prop_Tnt_Bundle_01",Prop,Other,0.16,0.57,0.17,-0.08,0.00,-0.08,0.08,0.57,0.08,1,606,1,0
"Assets/Synty/PolygonWesternFrontier/Prefabs/Props/SM_Prop_Tnt_Detonator_01.prefab","SM_Prop_Tnt_Detonator_01",Prop,Other,0.20,0.56,0.29,-0.10,0.00,-0.15,0.10,0.56,0.15,2,326,1,0
"Assets/Synty/PolygonWesternFrontier/Prefabs/Props/SM_Prop_Tnt_Stick_01.prefab","SM_Prop_Tnt_Stick_01",Prop,Other,0.05,0.42,0.06,-0.03,0.00,-0.03,0.03,0.42,0.03,1,82,1,0
"Assets/Synty/PolygonWesternFrontier/Prefabs/Props/SM_Prop_TotemPole_01.prefab","SM_Prop_TotemPole_01",Prop,Other,2.45,4.73,0.94,-1.22,0.00,-0.47,1.22,4.73,0.47,1,3670,1,0
"Assets/Synty/PolygonWesternFrontier/Prefabs/Props/SM_Prop_TotemPole_02.prefab","SM_Prop_TotemPole_02",Prop,Other,2.45,4.73,0.94,-1.22,0.00,-0.47,1.22,4.73,0.47,1,3670,1,0
"Assets/Synty/PolygonWesternFrontier/Prefabs/Props/SM_Prop_Trumpet_01.prefab","SM_Prop_Trumpet_01",Prop,Other,0.29,0.42,1.04,-0.15,-0.26,-0.58,0.15,0.16,0.46,1,708,1,0
"Assets/Synty/PolygonWesternFrontier/Prefabs/Props/SM_Prop_WagonWheel_01.prefab","SM_Prop_WagonWheel_01",Prop,Other,0.27,1.31,1.29,-0.14,0.00,-0.64,0.14,1.31,0.64,1,624,1,0
"Assets/Synty/PolygonWesternFrontier/Prefabs/Props/SM_Prop_Wagon_Destroyed_01.prefab","SM_Prop_Wagon_Destroyed_01",Prop,Other,3.96,2.93,6.60,-2.21,-0.08,-2.89,1.75,2.85,3.71,1,5020,1,0
"Assets/Synty/PolygonWesternFrontier/Prefabs/Props/SM_Prop_WashingLine_01.prefab","SM_Prop_WashingLine_01",Prop,Other,3.53,2.52,1.92,-1.76,-0.17,-0.96,1.76,2.35,0.96,1,1456,1,0
"Assets/Synty/PolygonWesternFrontier/Prefabs/Props/SM_Prop_WashingLine_02.prefab","SM_Prop_WashingLine_02",Prop,Other,3.53,2.52,1.92,-1.76,-0.17,-0.96,1.76,2.35,0.96,1,858,1,0
"Assets/Synty/PolygonWesternFrontier/Prefabs/Props/SM_Prop_WaterTrough_01.prefab","SM_Prop_WaterTrough_01",Prop,Other,2.57,0.74,0.81,-1.28,0.00,-0.40,1.28,0.74,0.40,1,220,1,0
"Assets/Synty/PolygonWesternFrontier/Prefabs/Props/SM_Prop_Weapon_Rack_01.prefab","SM_Prop_Weapon_Rack_01",Prop,Other,1.76,1.15,0.45,-0.88,0.00,-0.23,0.88,1.15,0.23,1,202,1,0
"Assets/Synty/PolygonWesternFrontier/Prefabs/Props/SM_Prop_WoodBox_01.prefab","SM_Prop_WoodBox_01",Prop,Other,1.68,0.43,0.62,-0.84,-0.01,-0.31,0.84,0.42,0.31,1,188,1,0
"Assets/Synty/PolygonWesternFrontier/Prefabs/Props/SM_Prop_WoodPile_01.prefab","SM_Prop_WoodPile_01",Prop,Other,2.08,0.59,0.84,-1.04,-0.03,-0.42,1.04,0.56,0.42,1,2354,1,0
"Assets/Synty/PolygonWesternFrontier/Prefabs/Props/SM_Prop_WoodPile_02.prefab","SM_Prop_WoodPile_02",Prop,Other,0.83,0.44,0.83,-0.42,-0.03,-0.42,0.42,0.41,0.42,1,778,1,0
"Assets/Synty/PolygonWesternFrontier/Prefabs/Vehicles/SM_Veh_Wagon_Jail_01.prefab","SM_Veh_Wagon_Jail_01",Veh,Other,2.70,2.91,6.16,-1.35,-0.01,-2.16,1.35,2.90,4.00,7,3910,1,0
"Assets/Synty/PolygonWesternFrontier/Prefabs/Vehicles/SM_Veh_Wagon_Shop_01.prefab","SM_Veh_Wagon_Shop_01",Veh,Other,2.25,3.09,5.15,-1.12,0.00,-1.81,1.12,3.09,3.35,13,7286,1,0
"Assets/Synty/PolygonWesternFrontier/Prefabs/Vehicles/SM_Veh_Wagon_Travel_01.prefab","SM_Veh_Wagon_Travel_01",Veh,Other,2.70,3.72,5.88,-1.35,-0.01,-2.21,1.35,3.71,3.67,9,11528,1,0
"Assets/Synty/PolygonWesternFrontier/Prefabs/Weapons/SM_Wep_Axe_01.prefab","SM_Wep_Axe_01",Wep,Other,0.42,0.72,0.08,-0.21,-0.12,-0.04,0.22,0.60,0.05,2,652,1,0
"Assets/Synty/PolygonWesternFrontier/Prefabs/Weapons/SM_Wep_ChainGun_01.prefab","SM_Wep_ChainGun_01",Wep,Other,1.46,1.78,2.63,-0.73,0.00,-1.31,0.73,1.78,1.31,3,3260,1,0
"Assets/Synty/PolygonWesternFrontier/Prefabs/Weapons/SM_Wep_Gunstock_01.prefab","SM_Wep_Gunstock_01",Wep,Other,0.49,1.23,0.08,-0.20,-0.34,-0.05,0.29,0.90,0.04,2,720,1,0
"Assets/Synty/PolygonWesternFrontier/Prefabs/Weapons/SM_Wep_Hammer_01.prefab","SM_Wep_Hammer_01",Wep,Other,0.21,0.63,0.13,-0.10,0.00,-0.06,0.11,0.63,0.07,2,768,1,0
"Assets/Synty/PolygonWesternFrontier/Prefabs/Weapons/SM_Wep_Knife_01.prefab","SM_Wep_Knife_01",Wep,Other,0.24,0.52,0.10,-0.13,-0.07,-0.07,0.11,0.45,0.03,2,492,1,0
"Assets/Synty/PolygonWesternFrontier/Prefabs/Weapons/SM_Wep_Pickacxe_01.prefab","SM_Wep_Pickacxe_01",Wep,Other,0.87,0.98,0.13,-0.44,-0.03,-0.07,0.43,0.95,0.07,1,240,1,0
"Assets/Synty/PolygonWesternFrontier/Prefabs/Weapons/SM_Wep_Revolver_01.prefab","SM_Wep_Revolver_01",Wep,Other,0.05,0.16,0.35,-0.03,-0.08,-0.08,0.03,0.08,0.28,4,1253,1,0
"Assets/Synty/PolygonWesternFrontier/Prefabs/Weapons/SM_Wep_Rifle_01.prefab","SM_Wep_Rifle_01",Wep,Other,0.08,0.31,1.56,-0.03,-0.19,-0.43,0.05,0.12,1.13,3,643,1,0
"Assets/Synty/PolygonWesternFrontier/Prefabs/Weapons/SM_Wep_Rifle_02.prefab","SM_Wep_Rifle_02",Wep,Other,0.08,0.31,1.37,-0.03,-0.19,-0.43,0.05,0.12,0.94,3,565,1,0
"Assets/Synty/PolygonWesternFrontier/Prefabs/Weapons/SM_Wep_Rifle_Bayonet_01.prefab","SM_Wep_Rifle_Bayonet_01",Wep,Other,0.05,0.11,0.52,-0.02,-0.08,-0.03,0.02,0.03,0.50,1,78,1,0
"Assets/Synty/PolygonWesternFrontier/Prefabs/Weapons/SM_Wep_Rifle_Stack_01.prefab","SM_Wep_Rifle_Stack_01",Wep,Other,1.07,1.92,1.04,-0.53,0.00,-0.52,0.53,1.92,0.52,1,3605,1,0
"Assets/Synty/PolygonWesternFrontier/Prefabs/Weapons/SM_Wep_Shotgun_01.prefab","SM_Wep_Shotgun_01",Wep,Other,0.09,0.27,1.37,-0.05,-0.19,-0.43,0.05,0.08,0.94,5,777,1,0
"Assets/Synty/PolygonWesternFrontier/Prefabs/Weapons/SM_Wep_Spade_01.prefab","SM_Wep_Spade_01",Wep,Other,0.21,1.04,0.08,-0.11,-0.98,-0.05,0.11,0.06,0.03,1,310,1,0
"Assets/Synty/PolygonWesternFrontier/Prefabs/Weapons/SM_Wep_Spear_01.prefab","SM_Wep_Spear_01",Wep,Other,0.13,1.81,0.13,-0.10,-0.87,-0.03,0.03,0.94,0.10,2,1272,1,0
"Assets/Synty/PolygonWesternFrontier/Prefabs/Weapons/SM_Wep_Sword_01.prefab","SM_Wep_Sword_01",Wep,Other,0.22,1.11,0.07,-0.13,-0.20,-0.03,0.09,0.91,0.03,2,310,1,0
